SALESDOCUMENT,SALESOFFICE,SALESGROUP,CUSTOMERPAYMENTTERMS,SHIPPINGCONDITION,SALESDOCUMENTTYPE,SALESORGANIZATION,DISTRIBUTIONCHANNEL,ORGANIZATIONDIVISION,BILLINGCOMPANYCODE,TRANSACTIONCURRENCY,CREATIONDATE,CREATIONTIME,HEADERINCOTERMSCLASSIFICATION,SALESDOCUMENTITEM,PLANT,SHIPPINGPOINT,SALESDOCUMENTITEMCATEGORY,PRODUCT,SOLDTOPARTY,SHIPTOPARTY,BILLTOPARTY,PAYERPARTY,ITEMINCOTERMSCLASSIFICATION,ADDRESSID_SOLDTOPARTY,ADDRESSID_BILLTOPARTY,ADDRESSID_PAYERPARTY,ADDRESSID_SHIPTOPARTY
1984611,10,AG,EI08,1,TA,10,10,10,D011,EUR,02-01-2018,11:02:49,DDP,10,1,1,TAN,103632587,6393610865,6393610865,6393610865,6393610865,DDP,3000417249,3000417249,3000417249,3000417249
1984614,10,436,26,1,TA,10,10,10,D011,EUR,03-01-2018,09:10:14,CIP,10,1,1,TAN,5663960850,2781552396,1953914038,2781552396,2781552396,CIP,3000208614,3000208614,3000208614,3000311058
1984696,10,303,32,1,TA,300,10,10,NL30,USD,02-01-2018,09:22:47,DDP,10,310,300,TAN,1461114184,8197936759,6484161189,8197936759,8197936759,DDP,3000205088,3000205088,3000205088,3000983981
1984696,10,303,32,1,TA,300,10,10,NL30,USD,02-01-2018,09:22:47,DDP,20,310,300,ZTCH,1461114184,8197936759,6484161189,8197936759,8197936759,DDP,3000205088,3000205088,3000205088,3000983981
1984697,10,301,33,13,TA,300,10,10,NL30,EUR,02-01-2018,09:58:41,DDP,10,310,300,TAN,163158092,8383348969,8383348969,8383348969,8383348969,DDP,3000337162,3000337162,3000337162,3000337162
1984697,10,301,33,13,TA,300,10,10,NL30,EUR,02-01-2018,09:58:41,DDP,20,310,300,TAN,6833573380,8383348969,8383348969,8383348969,8383348969,DDP,3000337162,3000337162,3000337162,3000337162
1984697,10,301,33,13,TA,300,10,10,NL30,EUR,02-01-2018,09:58:41,DDP,30,310,300,TAN,7590822668,8383348969,8383348969,8383348969,8383348969,DDP,3000337162,3000337162,3000337162,3000337162
1984697,10,301,33,13,TA,300,10,10,NL30,EUR,02-01-2018,09:58:41,DDP,40,310,300,TAN,1215546724,8383348969,8383348969,8383348969,8383348969,DDP,3000337162,3000337162,3000337162,3000337162
1984697,10,301,33,13,TA,300,10,10,NL30,EUR,02-01-2018,09:58:41,DDP,60,310,300,TAN,7020200120,8383348969,8383348969,8383348969,8383348969,DDP,3000337162,3000337162,3000337162,3000337162
1984698,10,341,32,13,ZIA,4200,10,10,DK20,DKK,02-01-2018,10:27:56,DDP,10,4200,4200,TAN,1057131280,5389539235,5389539235,2977149256,2977149256,DDP,3000223599,3000215140,3000215140,3000223599
1984698,10,341,32,13,ZIA,4200,10,10,DK20,DKK,02-01-2018,10:27:56,DDP,20,4200,4200,TAN,1604888323,5389539235,5389539235,2977149256,2977149256,DDP,3000223599,3000215140,3000215140,3000223599
1984698,10,341,32,13,ZIA,4200,10,10,DK20,DKK,02-01-2018,10:27:56,DDP,30,4200,4200,TAN,3736544751,5389539235,5389539235,2977149256,2977149256,DDP,3000223599,3000215140,3000215140,3000223599
1984698,10,341,32,13,ZIA,4200,10,10,DK20,DKK,02-01-2018,10:27:56,DDP,40,4200,4200,TAN,7725289806,5389539235,5389539235,2977149256,2977149256,DDP,3000223599,3000215140,3000215140,3000223599
1984698,10,341,32,13,ZIA,4200,10,10,DK20,DKK,02-01-2018,10:27:56,DDP,50,4200,4200,TAN,5836182489,5389539235,5389539235,2977149256,2977149256,DDP,3000223599,3000215140,3000215140,3000223599
1984698,10,341,32,13,ZIA,4200,10,10,DK20,DKK,02-01-2018,10:27:56,DDP,60,4200,4200,TAN,5567451808,5389539235,5389539235,2977149256,2977149256,DDP,3000223599,3000215140,3000215140,3000223599
1984698,10,341,32,13,ZIA,4200,10,10,DK20,DKK,02-01-2018,10:27:56,DDP,70,4200,4200,TAN,425382105,5389539235,5389539235,2977149256,2977149256,DDP,3000223599,3000215140,3000215140,3000223599
1984698,10,341,32,13,ZIA,4200,10,10,DK20,DKK,02-01-2018,10:27:56,DDP,80,4200,4200,TAN,4278712430,5389539235,5389539235,2977149256,2977149256,DDP,3000223599,3000215140,3000215140,3000223599
1984699,10,341,32,13,ZIA,4200,10,10,DK20,DKK,02-01-2018,10:28:07,DDP,10,4200,4200,TAN,90421650,6445015801,6445015801,1417658093,1417658093,DDP,3000538104,3000222178,3000222178,3000538104
1984699,10,341,32,13,ZIA,4200,10,10,DK20,DKK,02-01-2018,10:28:07,DDP,20,4200,4200,TAN,8836180533,6445015801,6445015801,1417658093,1417658093,DDP,3000538104,3000222178,3000222178,3000538104
1984699,10,341,32,13,ZIA,4200,10,10,DK20,DKK,02-01-2018,10:28:07,DDP,30,4200,4200,TAN,2437622474,6445015801,6445015801,1417658093,1417658093,DDP,3000538104,3000222178,3000222178,3000538104
1984699,10,341,32,13,ZIA,4200,10,10,DK20,DKK,02-01-2018,10:28:07,DDP,40,4200,4200,TAN,8740034789,6445015801,6445015801,1417658093,1417658093,DDP,3000538104,3000222178,3000222178,3000538104
1984699,10,341,32,13,ZIA,4200,10,10,DK20,DKK,02-01-2018,10:28:07,DDP,50,4200,4200,TAN,8641692835,6445015801,6445015801,1417658093,1417658093,DDP,3000538104,3000222178,3000222178,3000538104
1984699,10,341,32,13,ZIA,4200,10,10,DK20,DKK,02-01-2018,10:28:07,DDP,60,4200,4200,TAN,2245725454,6445015801,6445015801,1417658093,1417658093,DDP,3000538104,3000222178,3000222178,3000538104
1984699,10,341,32,13,ZIA,4200,10,10,DK20,DKK,02-01-2018,10:28:07,DDP,70,4200,4200,TAN,2975810650,6445015801,6445015801,1417658093,1417658093,DDP,3000538104,3000222178,3000222178,3000538104
1984699,10,341,32,13,ZIA,4200,10,10,DK20,DKK,02-01-2018,10:28:07,DDP,80,4200,4200,TAN,8018622479,6445015801,6445015801,1417658093,1417658093,DDP,3000538104,3000222178,3000222178,3000538104
1984699,10,341,32,13,ZIA,4200,10,10,DK20,DKK,02-01-2018,10:28:07,DDP,90,4200,4200,TAN,4303612083,6445015801,6445015801,1417658093,1417658093,DDP,3000538104,3000222178,3000222178,3000538104
1984699,10,341,32,13,ZIA,4200,10,10,DK20,DKK,02-01-2018,10:28:07,DDP,100,4200,4200,TAN,1670388849,6445015801,6445015801,1417658093,1417658093,DDP,3000538104,3000222178,3000222178,3000538104
1984699,10,341,32,13,ZIA,4200,10,10,DK20,DKK,02-01-2018,10:28:07,DDP,110,4200,4200,TAN,974382581,6445015801,6445015801,1417658093,1417658093,DDP,3000538104,3000222178,3000222178,3000538104
1984699,10,341,32,13,ZIA,4200,10,10,DK20,DKK,02-01-2018,10:28:07,DDP,120,4200,4200,TAN,9941536136,6445015801,6445015801,1417658093,1417658093,DDP,3000538104,3000222178,3000222178,3000538104
1984699,10,341,32,13,ZIA,4200,10,10,DK20,DKK,02-01-2018,10:28:07,DDP,130,4200,4200,TAN,5008020017,6445015801,6445015801,1417658093,1417658093,DDP,3000538104,3000222178,3000222178,3000538104
1984699,10,341,32,13,ZIA,4200,10,10,DK20,DKK,02-01-2018,10:28:07,DDP,140,4200,4200,TAN,2342360312,6445015801,6445015801,1417658093,1417658093,DDP,3000538104,3000222178,3000222178,3000538104
1984699,10,341,32,13,ZIA,4200,10,10,DK20,DKK,02-01-2018,10:28:07,DDP,150,4200,4200,TAN,3570715762,6445015801,6445015801,1417658093,1417658093,DDP,3000538104,3000222178,3000222178,3000538104
1984699,10,341,32,13,ZIA,4200,10,10,DK20,DKK,02-01-2018,10:28:07,DDP,160,4200,4200,TAN,7839113792,6445015801,6445015801,1417658093,1417658093,DDP,3000538104,3000222178,3000222178,3000538104
1984699,10,341,32,13,ZIA,4200,10,10,DK20,DKK,02-01-2018,10:28:07,DDP,170,4200,4200,TAN,8684882128,6445015801,6445015801,1417658093,1417658093,DDP,3000538104,3000222178,3000222178,3000538104
1984699,10,341,32,13,ZIA,4200,10,10,DK20,DKK,02-01-2018,10:28:07,DDP,180,4200,4200,TAN,7085361943,6445015801,6445015801,1417658093,1417658093,DDP,3000538104,3000222178,3000222178,3000538104
1984699,10,341,32,13,ZIA,4200,10,10,DK20,DKK,02-01-2018,10:28:07,DDP,190,4200,4200,TAN,8376475702,6445015801,6445015801,1417658093,1417658093,DDP,3000538104,3000222178,3000222178,3000538104
1984699,10,341,32,13,ZIA,4200,10,10,DK20,DKK,02-01-2018,10:28:07,DDP,200,4200,4200,TAN,9128436662,6445015801,6445015801,1417658093,1417658093,DDP,3000538104,3000222178,3000222178,3000538104
1984699,10,341,32,13,ZIA,4200,10,10,DK20,DKK,02-01-2018,10:28:07,DDP,210,4200,4200,TAN,3302743701,6445015801,6445015801,1417658093,1417658093,DDP,3000538104,3000222178,3000222178,3000538104
1984700,10,818,95,12,TA,1300,10,10,D015,EUR,02-01-2018,10:25:53,DDP,10,1300,1300,TAN,3324203470,6150891094,220482902,9631419273,6150891094,DDP,3000512735,3000565195,3000512735,3000497154
1984700,10,818,95,12,TA,1300,10,10,D015,EUR,02-01-2018,10:25:53,DDP,20,1300,1300,ZTCH,3324203470,6150891094,220482902,9631419273,6150891094,DDP,3000512735,3000565195,3000512735,3000497154
1984701,10,670,0,1,TA,10,10,10,D011,EUR,02-01-2018,10:27:48,DDP,10,1,1,TAN,86275301,8147595668,8350239060,8147595668,8147595668,DDP,3000345500,3000345500,3000345500,3000345501
1984701,10,670,0,1,TA,10,10,10,D011,EUR,02-01-2018,10:27:48,DDP,20,1,1,TAN,1858190328,8147595668,8350239060,8147595668,8147595668,DDP,3000345500,3000345500,3000345500,3000345501
1984701,10,670,0,1,TA,10,10,10,D011,EUR,02-01-2018,10:27:48,DDP,30,1,1,TAN,1459651674,8147595668,8350239060,8147595668,8147595668,DDP,3000345500,3000345500,3000345500,3000345501
1984701,10,670,0,1,TA,10,10,10,D011,EUR,02-01-2018,10:27:48,DDP,40,1,1,TAN,4809383863,8147595668,8350239060,8147595668,8147595668,DDP,3000345500,3000345500,3000345500,3000345501
1984702,10,767,3,1,TA,10,10,10,D011,EUR,02-01-2018,10:36:28,DDP,10,1,1,TAN,9645854414,9917254824,5060756245,9563271302,9563271302,DDP,3000493997,3000494910,3000494910,3000208181
1984703,10,341,3,5,TA,4200,10,10,DK20,DKK,02-01-2018,10:38:32,FCA,10,4200,4200,TAN,1765836768,8216533608,8216533608,8216533608,8216533608,FCA,3000538105,3000538105,3000538105,3000538105
1984703,10,341,3,5,TA,4200,10,10,DK20,DKK,02-01-2018,10:38:32,FCA,20,4200,4200,TAN,2652129514,8216533608,8216533608,8216533608,8216533608,FCA,3000538105,3000538105,3000538105,3000538105
1984703,10,341,3,5,TA,4200,10,10,DK20,DKK,02-01-2018,10:38:32,FCA,30,4200,4200,TAN,2400482667,8216533608,8216533608,8216533608,8216533608,FCA,3000538105,3000538105,3000538105,3000538105
1984703,10,341,3,5,TA,4200,10,10,DK20,DKK,02-01-2018,10:38:32,FCA,40,4200,4200,TAN,1216384659,8216533608,8216533608,8216533608,8216533608,FCA,3000538105,3000538105,3000538105,3000538105
1984703,10,341,3,5,TA,4200,10,10,DK20,DKK,02-01-2018,10:38:32,FCA,50,4200,4200,TAN,9274493685,8216533608,8216533608,8216533608,8216533608,FCA,3000538105,3000538105,3000538105,3000538105
1984704,10,,EV20,98,ZMUN,2500,10,10,CN10,EUR,02-01-2018,10:33:27,DDP,10,2500,2502,ZMUK,7424133415,1523298405,1523298405,1523298405,1523298405,DDP,3000630881,3000630881,3000630881,3000630881
1984704,10,,EV20,98,ZMUN,2500,10,10,CN10,EUR,02-01-2018,10:33:27,DDP,20,2500,2502,ZMUK,745260461,1523298405,1523298405,1523298405,1523298405,DDP,3000630881,3000630881,3000630881,3000630881
1984705,10,789,32,5,TA,10,10,10,D011,EUR,02-01-2018,10:38:12,FCA,10,1,1,TAN,2281857588,851548071,4660146882,851548071,851548071,FCA,3000208064,3000208064,3000208064,3000452810
1984705,10,789,32,5,TA,10,10,10,D011,EUR,02-01-2018,10:38:12,FCA,20,1,1,TAN,4842853152,851548071,4660146882,851548071,851548071,FCA,3000208064,3000208064,3000208064,3000452810
1984706,10,789,32,5,TA,2000,10,10,PL20,EUR,02-01-2018,10:39:53,FCA,10,2000,2000,TAN,2612386507,851548071,6793048612,851548071,851548071,FCA,3000208064,3000208064,3000208064,3001126889
1984706,10,789,32,5,TA,2000,10,10,PL20,EUR,02-01-2018,10:39:53,FCA,20,2000,2000,TAN,2015327799,851548071,6793048612,851548071,851548071,FCA,3000208064,3000208064,3000208064,3001126889
1984706,10,789,32,5,TA,2000,10,10,PL20,EUR,02-01-2018,10:39:53,FCA,30,2000,2000,TAN,192475132,851548071,6793048612,851548071,851548071,FCA,3000208064,3000208064,3000208064,3001126889
1984707,10,767,3,1,TA,1300,10,10,D015,EUR,02-01-2018,10:39:35,DDP,10,1300,1300,TAN,1625690713,9917254824,5060756245,9563271302,9563271302,DDP,3000493997,3000494910,3000494910,3000208181
1984707,10,767,3,1,TA,1300,10,10,D015,EUR,02-01-2018,10:39:35,DDP,20,1300,1300,TAN,9538877677,9917254824,5060756245,9563271302,9563271302,DDP,3000493997,3000494910,3000494910,3000208181
1984708,10,436,C7,95,ZMUN,10,10,10,D011,EUR,02-01-2018,10:39:59,EXW,10,1,MUST,ZMUK,8907153524,112798461,112798461,112798461,112798461,EXW,3000208130,3000208130,3000208130,3000208130
1984708,10,436,C7,95,ZMUN,10,10,10,D011,EUR,02-01-2018,10:39:59,EXW,11,1,MUST,ZMUP,3854415486,112798461,112798461,112798461,112798461,EXW,3000208130,3000208130,3000208130,3000208130
1984708,10,436,C7,95,ZMUN,10,10,10,D011,EUR,02-01-2018,10:39:59,EXW,12,1,MUST,ZMUP,1535218867,112798461,112798461,112798461,112798461,EXW,3000208130,3000208130,3000208130,3000208130
1984708,10,436,C7,95,ZMUN,10,10,10,D011,EUR,02-01-2018,10:39:59,EXW,13,1,MUST,ZMUP,1460409548,112798461,112798461,112798461,112798461,EXW,3000208130,3000208130,3000208130,3000208130
1984708,10,436,C7,95,ZMUN,10,10,10,D011,EUR,02-01-2018,10:39:59,EXW,14,1,MUST,ZMUP,5274781979,112798461,112798461,112798461,112798461,EXW,3000208130,3000208130,3000208130,3000208130
1984708,10,436,C7,95,ZMUN,10,10,10,D011,EUR,02-01-2018,10:39:59,EXW,15,1,MUST,ZMUP,6417968433,112798461,112798461,112798461,112798461,EXW,3000208130,3000208130,3000208130,3000208130
1984708,10,436,C7,95,ZMUN,10,10,10,D011,EUR,02-01-2018,10:39:59,EXW,16,1,MUST,ZMUP,1598676124,112798461,112798461,112798461,112798461,EXW,3000208130,3000208130,3000208130,3000208130
1984708,10,436,C7,95,ZMUN,10,10,10,D011,EUR,02-01-2018,10:39:59,EXW,17,1,MUST,ZMUP,5268678379,112798461,112798461,112798461,112798461,EXW,3000208130,3000208130,3000208130,3000208130
1984708,10,436,C7,95,ZMUN,10,10,10,D011,EUR,02-01-2018,10:39:59,EXW,18,1,MUST,ZMUP,422017490,112798461,112798461,112798461,112798461,EXW,3000208130,3000208130,3000208130,3000208130
1984708,10,436,C7,95,ZMUN,10,10,10,D011,EUR,02-01-2018,10:39:59,EXW,20,1,MUST,ZMUK,304863982,112798461,112798461,112798461,112798461,EXW,3000208130,3000208130,3000208130,3000208130
1984708,10,436,C7,95,ZMUN,10,10,10,D011,EUR,02-01-2018,10:39:59,EXW,21,1,MUST,ZMUP,3854415486,112798461,112798461,112798461,112798461,EXW,3000208130,3000208130,3000208130,3000208130
1984708,10,436,C7,95,ZMUN,10,10,10,D011,EUR,02-01-2018,10:39:59,EXW,22,1,MUST,ZMUP,422017490,112798461,112798461,112798461,112798461,EXW,3000208130,3000208130,3000208130,3000208130
1984708,10,436,C7,95,ZMUN,10,10,10,D011,EUR,02-01-2018,10:39:59,EXW,30,1,MUST,ZMUK,5096737759,112798461,112798461,112798461,112798461,EXW,3000208130,3000208130,3000208130,3000208130
1984708,10,436,C7,95,ZMUN,10,10,10,D011,EUR,02-01-2018,10:39:59,EXW,31,1,MUST,ZMUP,3854415486,112798461,112798461,112798461,112798461,EXW,3000208130,3000208130,3000208130,3000208130
1984708,10,436,C7,95,ZMUN,10,10,10,D011,EUR,02-01-2018,10:39:59,EXW,32,1,MUST,ZMUP,5268678379,112798461,112798461,112798461,112798461,EXW,3000208130,3000208130,3000208130,3000208130
1984708,10,436,C7,95,ZMUN,10,10,10,D011,EUR,02-01-2018,10:39:59,EXW,33,1,MUST,ZMUP,1598676124,112798461,112798461,112798461,112798461,EXW,3000208130,3000208130,3000208130,3000208130
1984708,10,436,C7,95,ZMUN,10,10,10,D011,EUR,02-01-2018,10:39:59,EXW,34,1,MUST,ZMUP,422017490,112798461,112798461,112798461,112798461,EXW,3000208130,3000208130,3000208130,3000208130
1984708,10,436,C7,95,ZMUN,10,10,10,D011,EUR,02-01-2018,10:39:59,EXW,40,1,MUST,ZMUK,7314207311,112798461,112798461,112798461,112798461,EXW,3000208130,3000208130,3000208130,3000208130
1984708,10,436,C7,95,ZMUN,10,10,10,D011,EUR,02-01-2018,10:39:59,EXW,41,1,MUST,ZMUP,520128474,112798461,112798461,112798461,112798461,EXW,3000208130,3000208130,3000208130,3000208130
1984708,10,436,C7,95,ZMUN,10,10,10,D011,EUR,02-01-2018,10:39:59,EXW,42,1,MUST,ZMUP,6669860577,112798461,112798461,112798461,112798461,EXW,3000208130,3000208130,3000208130,3000208130
1984708,10,436,C7,95,ZMUN,10,10,10,D011,EUR,02-01-2018,10:39:59,EXW,43,1,MUST,ZMUP,1526028478,112798461,112798461,112798461,112798461,EXW,3000208130,3000208130,3000208130,3000208130
1984708,10,436,C7,95,ZMUN,10,10,10,D011,EUR,02-01-2018,10:39:59,EXW,44,1,MUST,ZMUP,9440396708,112798461,112798461,112798461,112798461,EXW,3000208130,3000208130,3000208130,3000208130
1984708,10,436,C7,95,ZMUN,10,10,10,D011,EUR,02-01-2018,10:39:59,EXW,45,1,MUST,ZMUP,1598676124,112798461,112798461,112798461,112798461,EXW,3000208130,3000208130,3000208130,3000208130
1984708,10,436,C7,95,ZMUN,10,10,10,D011,EUR,02-01-2018,10:39:59,EXW,46,1,MUST,ZMUP,5268678379,112798461,112798461,112798461,112798461,EXW,3000208130,3000208130,3000208130,3000208130
1984708,10,436,C7,95,ZMUN,10,10,10,D011,EUR,02-01-2018,10:39:59,EXW,47,1,MUST,ZMUP,9726954041,112798461,112798461,112798461,112798461,EXW,3000208130,3000208130,3000208130,3000208130
1984708,10,436,C7,95,ZMUN,10,10,10,D011,EUR,02-01-2018,10:39:59,EXW,48,1,MUST,ZMUP,422017490,112798461,112798461,112798461,112798461,EXW,3000208130,3000208130,3000208130,3000208130
1984708,10,436,C7,95,ZMUN,10,10,10,D011,EUR,02-01-2018,10:39:59,EXW,50,1,MUST,ZMUK,1692692806,112798461,112798461,112798461,112798461,EXW,3000208130,3000208130,3000208130,3000208130
1984708,10,436,C7,95,ZMUN,10,10,10,D011,EUR,02-01-2018,10:39:59,EXW,51,1,MUST,ZMUP,2949797887,112798461,112798461,112798461,112798461,EXW,3000208130,3000208130,3000208130,3000208130
1984708,10,436,C7,95,ZMUN,10,10,10,D011,EUR,02-01-2018,10:39:59,EXW,52,1,MUST,ZMUP,9440396708,112798461,112798461,112798461,112798461,EXW,3000208130,3000208130,3000208130,3000208130
1984708,10,436,C7,95,ZMUN,10,10,10,D011,EUR,02-01-2018,10:39:59,EXW,53,1,MUST,ZMUP,1526028478,112798461,112798461,112798461,112798461,EXW,3000208130,3000208130,3000208130,3000208130
1984708,10,436,C7,95,ZMUN,10,10,10,D011,EUR,02-01-2018,10:39:59,EXW,54,1,MUST,ZMUP,6669860577,112798461,112798461,112798461,112798461,EXW,3000208130,3000208130,3000208130,3000208130
1984708,10,436,C7,95,ZMUN,10,10,10,D011,EUR,02-01-2018,10:39:59,EXW,55,1,MUST,ZMUP,1598676124,112798461,112798461,112798461,112798461,EXW,3000208130,3000208130,3000208130,3000208130
1984708,10,436,C7,95,ZMUN,10,10,10,D011,EUR,02-01-2018,10:39:59,EXW,56,1,MUST,ZMUP,5268678379,112798461,112798461,112798461,112798461,EXW,3000208130,3000208130,3000208130,3000208130
1984708,10,436,C7,95,ZMUN,10,10,10,D011,EUR,02-01-2018,10:39:59,EXW,57,1,MUST,ZMUP,9726954041,112798461,112798461,112798461,112798461,EXW,3000208130,3000208130,3000208130,3000208130
1984708,10,436,C7,95,ZMUN,10,10,10,D011,EUR,02-01-2018,10:39:59,EXW,58,1,MUST,ZMUP,422017490,112798461,112798461,112798461,112798461,EXW,3000208130,3000208130,3000208130,3000208130
1984708,10,436,C7,95,ZMUN,10,10,10,D011,EUR,02-01-2018,10:39:59,EXW,60,1,MUST,ZMUK,4560842334,112798461,112798461,112798461,112798461,EXW,3000208130,3000208130,3000208130,3000208130
1984708,10,436,C7,95,ZMUN,10,10,10,D011,EUR,02-01-2018,10:39:59,EXW,61,1,MUST,ZMUP,8992077532,112798461,112798461,112798461,112798461,EXW,3000208130,3000208130,3000208130,3000208130
1984708,10,436,C7,95,ZMUN,10,10,10,D011,EUR,02-01-2018,10:39:59,EXW,62,1,MUST,ZMUP,6048462986,112798461,112798461,112798461,112798461,EXW,3000208130,3000208130,3000208130,3000208130
1984708,10,436,C7,95,ZMUN,10,10,10,D011,EUR,02-01-2018,10:39:59,EXW,63,1,MUST,ZMUP,6052052580,112798461,112798461,112798461,112798461,EXW,3000208130,3000208130,3000208130,3000208130
1984708,10,436,C7,95,ZMUN,10,10,10,D011,EUR,02-01-2018,10:39:59,EXW,64,1,MUST,ZMUP,5268678379,112798461,112798461,112798461,112798461,EXW,3000208130,3000208130,3000208130,3000208130
1984708,10,436,C7,95,ZMUN,10,10,10,D011,EUR,02-01-2018,10:39:59,EXW,65,1,MUST,ZMUP,3755243785,112798461,112798461,112798461,112798461,EXW,3000208130,3000208130,3000208130,3000208130
1984708,10,436,C7,95,ZMUN,10,10,10,D011,EUR,02-01-2018,10:39:59,EXW,66,1,MUST,ZMUP,422017490,112798461,112798461,112798461,112798461,EXW,3000208130,3000208130,3000208130,3000208130
1984708,10,436,C7,95,ZMUN,10,10,10,D011,EUR,02-01-2018,10:39:59,EXW,70,1,MUST,ZMUK,2383454732,112798461,112798461,112798461,112798461,EXW,3000208130,3000208130,3000208130,3000208130
1984708,10,436,C7,95,ZMUN,10,10,10,D011,EUR,02-01-2018,10:39:59,EXW,71,1,MUST,ZMUP,8542066099,112798461,112798461,112798461,112798461,EXW,3000208130,3000208130,3000208130,3000208130
1984708,10,436,C7,95,ZMUN,10,10,10,D011,EUR,02-01-2018,10:39:59,EXW,72,1,MUST,ZMUP,5347581643,112798461,112798461,112798461,112798461,EXW,3000208130,3000208130,3000208130,3000208130
1984708,10,436,C7,95,ZMUN,10,10,10,D011,EUR,02-01-2018,10:39:59,EXW,73,1,MUST,ZMUP,5268678379,112798461,112798461,112798461,112798461,EXW,3000208130,3000208130,3000208130,3000208130
1984708,10,436,C7,95,ZMUN,10,10,10,D011,EUR,02-01-2018,10:39:59,EXW,74,1,MUST,ZMUP,3755243785,112798461,112798461,112798461,112798461,EXW,3000208130,3000208130,3000208130,3000208130
1984708,10,436,C7,95,ZMUN,10,10,10,D011,EUR,02-01-2018,10:39:59,EXW,75,1,MUST,ZMUP,422017490,112798461,112798461,112798461,112798461,EXW,3000208130,3000208130,3000208130,3000208130
1984708,10,436,C7,95,ZMUN,10,10,10,D011,EUR,02-01-2018,10:39:59,EXW,80,1,MUST,ZMUK,3676754731,112798461,112798461,112798461,112798461,EXW,3000208130,3000208130,3000208130,3000208130
1984708,10,436,C7,95,ZMUN,10,10,10,D011,EUR,02-01-2018,10:39:59,EXW,81,1,MUST,ZMUP,7945445399,112798461,112798461,112798461,112798461,EXW,3000208130,3000208130,3000208130,3000208130
1984708,10,436,C7,95,ZMUN,10,10,10,D011,EUR,02-01-2018,10:39:59,EXW,82,1,MUST,ZMUP,8351937234,112798461,112798461,112798461,112798461,EXW,3000208130,3000208130,3000208130,3000208130
1984708,10,436,C7,95,ZMUN,10,10,10,D011,EUR,02-01-2018,10:39:59,EXW,83,1,MUST,ZMUP,2501814319,112798461,112798461,112798461,112798461,EXW,3000208130,3000208130,3000208130,3000208130
1984708,10,436,C7,95,ZMUN,10,10,10,D011,EUR,02-01-2018,10:39:59,EXW,84,1,MUST,ZMUP,7652103498,112798461,112798461,112798461,112798461,EXW,3000208130,3000208130,3000208130,3000208130
1984708,10,436,C7,95,ZMUN,10,10,10,D011,EUR,02-01-2018,10:39:59,EXW,85,1,MUST,ZMUP,5268678379,112798461,112798461,112798461,112798461,EXW,3000208130,3000208130,3000208130,3000208130
1984708,10,436,C7,95,ZMUN,10,10,10,D011,EUR,02-01-2018,10:39:59,EXW,86,1,MUST,ZMUP,1598676124,112798461,112798461,112798461,112798461,EXW,3000208130,3000208130,3000208130,3000208130
1984708,10,436,C7,95,ZMUN,10,10,10,D011,EUR,02-01-2018,10:39:59,EXW,87,1,MUST,ZMUP,3755243785,112798461,112798461,112798461,112798461,EXW,3000208130,3000208130,3000208130,3000208130
1984708,10,436,C7,95,ZMUN,10,10,10,D011,EUR,02-01-2018,10:39:59,EXW,88,1,MUST,ZMUP,422017490,112798461,112798461,112798461,112798461,EXW,3000208130,3000208130,3000208130,3000208130
1984709,10,219,42,13,TA,700,10,10,PL10,EUR,02-01-2018,10:38:25,DAP,10,700,700,TAN,4358399439,4856602621,4856602621,4856602621,4856602621,DAP,3000363464,3000363464,3000363464,3000363464
1984710,10,341,3,5,TA,4200,10,10,DK20,DKK,02-01-2018,10:42:13,FCA,10,4200,4200,TAN,1221750053,6730549452,6730549452,6730549452,6730549452,FCA,3000538233,3000538233,3000538233,3000538233
1984710,10,341,3,5,TA,4200,10,10,DK20,DKK,02-01-2018,10:42:13,FCA,20,4200,4200,TAN,7715076217,6730549452,6730549452,6730549452,6730549452,FCA,3000538233,3000538233,3000538233,3000538233
1984710,10,341,3,5,TA,4200,10,10,DK20,DKK,02-01-2018,10:42:13,FCA,30,4200,4200,TAN,461550964,6730549452,6730549452,6730549452,6730549452,FCA,3000538233,3000538233,3000538233,3000538233
1984710,10,341,3,5,TA,4200,10,10,DK20,DKK,02-01-2018,10:42:13,FCA,40,4200,4200,TAN,4407107904,6730549452,6730549452,6730549452,6730549452,FCA,3000538233,3000538233,3000538233,3000538233
1984710,10,341,3,5,TA,4200,10,10,DK20,DKK,02-01-2018,10:42:13,FCA,50,4200,4200,TAN,8982340108,6730549452,6730549452,6730549452,6730549452,FCA,3000538233,3000538233,3000538233,3000538233
1984710,10,341,3,5,TA,4200,10,10,DK20,DKK,02-01-2018,10:42:13,FCA,60,4200,4200,TAN,2310966888,6730549452,6730549452,6730549452,6730549452,FCA,3000538233,3000538233,3000538233,3000538233
1984710,10,341,3,5,TA,4200,10,10,DK20,DKK,02-01-2018,10:42:13,FCA,70,4200,4200,TAN,5844658227,6730549452,6730549452,6730549452,6730549452,FCA,3000538233,3000538233,3000538233,3000538233
1984710,10,341,3,5,TA,4200,10,10,DK20,DKK,02-01-2018,10:42:13,FCA,80,4200,4200,TAN,2265542655,6730549452,6730549452,6730549452,6730549452,FCA,3000538233,3000538233,3000538233,3000538233
1984711,10,209,112,1,TA,10,10,10,D011,EUR,02-01-2018,10:43:31,DDP,10,1,1,TAN,9577740758,3948918414,3948918414,3948918414,3948918414,DDP,3000206765,3000206765,3000206765,3000206765
1984712,10,252,32,99,ZMUN,2200,10,10,D300,EUR,02-01-2018,10:42:19,DDP,10,2200,2202,ZMUK,1125822247,7143172224,7143172224,7143172224,7143172224,DDP,3000207627,3000207627,3000207627,3000207627
1984712,10,252,32,99,ZMUN,2200,10,10,D300,EUR,02-01-2018,10:42:19,DDP,20,2200,2202,ZMUK,6956215128,7143172224,7143172224,7143172224,7143172224,DDP,3000207627,3000207627,3000207627,3000207627
1984713,10,302,591,1,ZPRO,300,90,10,NL30,EUR,02-01-2018,10:45:30,DDP,10,310,300,TAN,960693750,2370675929,2370675929,5229307829,2370675929,DDP,3000609537,3000434914,3000609537,3000609537
1984714,10,250,33,1,TA,10,10,10,D011,EUR,02-01-2018,10:42:38,DDP,10,1,1,TAN,8150594218,1678542847,1678542847,9198940849,9198940849,DDP,3000207254,3000458026,3000458026,3000207254
1984714,10,250,33,1,TA,10,10,10,D011,EUR,02-01-2018,10:42:38,DDP,20,1,1,ZTCH,8150594218,1678542847,1678542847,9198940849,9198940849,DDP,3000207254,3000458026,3000458026,3000207254
1984714,10,250,33,1,TA,10,10,10,D011,EUR,02-01-2018,10:42:38,DDP,30,1,1,TAN,755061400,1678542847,1678542847,9198940849,9198940849,DDP,3000207254,3000458026,3000458026,3000207254
1984714,10,250,33,1,TA,10,10,10,D011,EUR,02-01-2018,10:42:38,DDP,40,1,1,ZTCH,755061400,1678542847,1678542847,9198940849,9198940849,DDP,3000207254,3000458026,3000458026,3000207254
1984714,10,250,33,1,TA,10,10,10,D011,EUR,02-01-2018,10:42:38,DDP,50,1,1,TAN,3990697378,1678542847,1678542847,9198940849,9198940849,DDP,3000207254,3000458026,3000458026,3000207254
1984714,10,250,33,1,TA,10,10,10,D011,EUR,02-01-2018,10:42:38,DDP,60,1,1,ZTCH,3990697378,1678542847,1678542847,9198940849,9198940849,DDP,3000207254,3000458026,3000458026,3000207254
1984715,10,302,591,1,TA,300,90,10,NL30,EUR,02-01-2018,10:46:52,DDP,10,310,300,TAN,960693750,2370675929,2370675929,5229307829,2370675929,DDP,3000609537,3000434914,3000609537,3000609537
1984715,10,302,591,1,TA,300,90,10,NL30,EUR,02-01-2018,10:46:52,DDP,20,310,300,TAN,960693750,2370675929,2370675929,5229307829,2370675929,DDP,3000609537,3000434914,3000609537,3000609537
1984716,10,252,32,99,ZMUN,1300,10,10,D015,EUR,02-01-2018,10:47:26,DDP,10,1300,1301,ZMUK,1109926869,7143172224,7143172224,7143172224,7143172224,DDP,3000207627,3000207627,3000207627,3000207627
1984717,10,237,3,1,TA,1300,10,10,D015,EUR,02-01-2018,10:48:05,DDP,10,1300,1300,TAN,1906721826,7443985412,5980863196,7443985412,7443985412,DDP,3000222324,3000222324,3000222324,3000222326
1984718,10,,54,98,ZMUN,5900,10,10,D060,EUR,02-01-2018,10:46:04,DDP,10,5900,5902,ZMUK,5210420830,5411845853,5411845853,5411845853,5411845853,DDP,3001129563,3001129563,3001129563,3001129563
1984718,10,,54,98,ZMUN,5900,10,10,D060,EUR,02-01-2018,10:46:04,DDP,20,5900,5902,ZMUK,9514980966,5411845853,5411845853,5411845853,5411845853,DDP,3001129563,3001129563,3001129563,3001129563
1984718,10,,54,98,ZMUN,5900,10,10,D060,EUR,02-01-2018,10:46:04,DDP,30,5900,5902,ZMUK,5200544042,5411845853,5411845853,5411845853,5411845853,DDP,3001129563,3001129563,3001129563,3001129563
1984718,10,,54,98,ZMUN,5900,10,10,D060,EUR,02-01-2018,10:46:04,DDP,40,5900,5902,ZMUK,3835236528,5411845853,5411845853,5411845853,5411845853,DDP,3001129563,3001129563,3001129563,3001129563
1984718,10,,54,98,ZMUN,5900,10,10,D060,EUR,02-01-2018,10:46:04,DDP,50,5900,5902,ZMUK,4137365889,5411845853,5411845853,5411845853,5411845853,DDP,3001129563,3001129563,3001129563,3001129563
1984718,10,,54,98,ZMUN,5900,10,10,D060,EUR,02-01-2018,10:46:04,DDP,60,5900,5902,ZMUK,4026680959,5411845853,5411845853,5411845853,5411845853,DDP,3001129563,3001129563,3001129563,3001129563
1984719,10,303,3,1,TA,10,10,10,D011,EUR,02-01-2018,10:55:39,DDP,10,1,1,TAN,7387068694,3512424109,6436929449,6457079333,3512424109,DDP,3000436539,3000495920,3000436539,3000634729
1984720,10,421,E5,1,TA,10,10,10,D011,EUR,02-01-2018,10:57:08,DDP,10,1,1,TAN,6072385633,2848039560,2848039560,9816893266,9816893266,DDP,3000206902,3000265989,3000265989,3000206902
1984720,10,421,E5,1,TA,10,10,10,D011,EUR,02-01-2018,10:57:08,DDP,20,1,1,ZTCH,6072385633,2848039560,2848039560,9816893266,9816893266,DDP,3000206902,3000265989,3000265989,3000206902
1984721,10,503,,99,ZMUN,2000,10,10,PL20,PLN,02-01-2018,10:55:07,DDP,10,2000,2002,ZMUK,7680475531,7310045933,3113719850,7310045933,7310045933,DDP,3000606821,3000606821,3000606821,3000598368
1984722,10,322,128,1,TA,10,10,10,D011,EUR,02-01-2018,10:57:43,DDP,10,1,1,TAN,459579549,3576970673,3576970673,3576970673,3576970673,DDP,3000207147,3000207147,3000207147,3000207147
1984723,10,322,128,1,TA,1300,10,10,D015,EUR,02-01-2018,10:59:38,DDP,10,1300,1300,TAN,2833361945,3576970673,3576970673,3576970673,3576970673,DDP,3000207147,3000207147,3000207147,3000207147
1984724,10,534,EV20,25,TA,10,10,10,D011,EUR,02-01-2018,10:51:35,FOB,10,1,1,TAN,11962274,5260699683,5260699683,5260699683,5260699683,FOB,3000500318,3000500318,3000500318,3000500318
1984724,10,534,EV20,25,TA,10,10,10,D011,EUR,02-01-2018,10:51:35,FOB,20,1,1,TAN,8642043253,5260699683,5260699683,5260699683,5260699683,FOB,3000500318,3000500318,3000500318,3000500318
1984724,10,534,EV20,25,TA,10,10,10,D011,EUR,02-01-2018,10:51:35,FOB,30,1,1,TAN,2267719903,5260699683,5260699683,5260699683,5260699683,FOB,3000500318,3000500318,3000500318,3000500318
1984724,10,534,EV20,25,TA,10,10,10,D011,EUR,02-01-2018,10:51:35,FOB,40,1,1,TAN,5983414292,5260699683,5260699683,5260699683,5260699683,FOB,3000500318,3000500318,3000500318,3000500318
1984724,10,534,EV20,25,TA,10,10,10,D011,EUR,02-01-2018,10:51:35,FOB,50,1,1,TAN,1734939458,5260699683,5260699683,5260699683,5260699683,FOB,3000500318,3000500318,3000500318,3000500318
1984724,10,534,EV20,25,TA,10,10,10,D011,EUR,02-01-2018,10:51:35,FOB,60,1,1,TAN,4758415073,5260699683,5260699683,5260699683,5260699683,FOB,3000500318,3000500318,3000500318,3000500318
1984724,10,534,EV20,25,TA,10,10,10,D011,EUR,02-01-2018,10:51:35,FOB,70,1,1,TAN,4267106284,5260699683,5260699683,5260699683,5260699683,FOB,3000500318,3000500318,3000500318,3000500318
1984725,10,266,32,98,ZMUN,300,10,10,NL30,EUR,02-01-2018,11:04:10,DDP,10,310,302,ZMUK,913348807,9339024510,3861309655,9339024510,9339024510,DDP,3000215418,3000215418,3000215418,3000356581
1984726,10,209,232,5,TA,300,10,10,NL30,EUR,02-01-2018,11:03:39,EXW,10,310,301,TAN,2474072045,8154968605,3131184188,8154968605,8154968605,EXW,3000207477,3000207477,3000207477,3000210700
1984727,10,705,32,98,ZMUN,10,10,10,D011,EUR,02-01-2018,10:57:21,DDP,10,1,MUST,ZMUK,157179248,4742731422,4742731422,4742731422,4742731422,DDP,3000209037,3000209037,3000209037,3000209037
1984727,10,705,32,98,ZMUN,10,10,10,D011,EUR,02-01-2018,10:57:21,DDP,20,1,MUST,ZMUK,7032860301,4742731422,4742731422,4742731422,4742731422,DDP,3000209037,3000209037,3000209037,3000209037
1984728,10,266,32,98,ZMUN,300,10,10,NL30,EUR,02-01-2018,11:06:42,DDP,10,310,302,ZMUK,913348807,9339024510,3861309655,9339024510,9339024510,DDP,3000215418,3000215418,3000215418,3000356581
1984729,10,341,32,13,TA,4200,10,10,DK20,DKK,02-01-2018,11:06:56,DDP,10,4200,4200,TAN,7470074414,8738262657,8738262657,1417658093,1417658093,DDP,3000538074,3000222178,3000222178,3000538074
1984729,10,341,32,13,TA,4200,10,10,DK20,DKK,02-01-2018,11:06:56,DDP,20,4200,4200,TAN,9583076500,8738262657,8738262657,1417658093,1417658093,DDP,3000538074,3000222178,3000222178,3000538074
1984730,10,706,3,99,ZMUN,10,10,10,D011,EUR,02-01-2018,11:03:24,DDP,10,1,MUST,ZMUK,2927388883,6200750416,6200750416,6200750416,6200750416,DDP,3000457069,3000457069,3000457069,3000457069
1984730,10,706,3,99,ZMUN,10,10,10,D011,EUR,02-01-2018,11:03:24,DDP,20,1,MUST,ZMUK,2927388883,6200750416,6200750416,6200750416,6200750416,DDP,3000457069,3000457069,3000457069,3000457069
1984730,10,706,3,99,ZMUN,10,10,10,D011,EUR,02-01-2018,11:03:24,DDP,30,1,MUST,ZMUK,2927388883,6200750416,6200750416,6200750416,6200750416,DDP,3000457069,3000457069,3000457069,3000457069
1984730,10,706,3,99,ZMUN,10,10,10,D011,EUR,02-01-2018,11:03:24,DDP,40,1,MUST,ZMUK,2927388883,6200750416,6200750416,6200750416,6200750416,DDP,3000457069,3000457069,3000457069,3000457069
1984730,10,706,3,99,ZMUN,10,10,10,D011,EUR,02-01-2018,11:03:24,DDP,50,1,MUST,ZMUK,2927388883,6200750416,6200750416,6200750416,6200750416,DDP,3000457069,3000457069,3000457069,3000457069
1984730,10,706,3,99,ZMUN,10,10,10,D011,EUR,02-01-2018,11:03:24,DDP,60,1,MUST,ZMUK,2927388883,6200750416,6200750416,6200750416,6200750416,DDP,3000457069,3000457069,3000457069,3000457069
1984731,10,705,32,96,ZMUN,10,10,10,D011,EUR,02-01-2018,11:09:35,DDP,10,1,MUST,ZMUK,1794186523,4742731422,4742731422,4742731422,4742731422,DDP,3000209037,3000209037,3000209037,3000209037
1984732,10,250,33,1,TA,10,10,10,D011,EUR,02-01-2018,11:06:27,DDP,10,1,1,TAN,381890430,6037718172,1778633738,9198940849,9198940849,DDP,3000206866,3000458026,3000458026,3000445328
1984733,10,414,200,1,ZIA,10,10,10,D011,EUR,02-01-2018,11:12:34,DDP,10,1,1,TAN,6190275321,7353176965,7353176965,7353176965,7353176965,DDP,3000207183,3000207183,3000207183,3000207183
1984733,10,414,200,1,ZIA,10,10,10,D011,EUR,02-01-2018,11:12:34,DDP,20,1,1,ZTCH,6190275321,7353176965,7353176965,7353176965,7353176965,DDP,3000207183,3000207183,3000207183,3000207183
1984733,10,414,200,1,ZIA,10,10,10,D011,EUR,02-01-2018,11:12:34,DDP,30,1,1,TAN,375754862,7353176965,7353176965,7353176965,7353176965,DDP,3000207183,3000207183,3000207183,3000207183
1984733,10,414,200,1,ZIA,10,10,10,D011,EUR,02-01-2018,11:12:34,DDP,40,1,1,ZTCH,375754862,7353176965,7353176965,7353176965,7353176965,DDP,3000207183,3000207183,3000207183,3000207183
1984733,10,414,200,1,ZIA,10,10,10,D011,EUR,02-01-2018,11:12:34,DDP,50,1,1,TAN,5967571907,7353176965,7353176965,7353176965,7353176965,DDP,3000207183,3000207183,3000207183,3000207183
1984733,10,414,200,1,ZIA,10,10,10,D011,EUR,02-01-2018,11:12:34,DDP,60,1,1,ZTCH,5967571907,7353176965,7353176965,7353176965,7353176965,DDP,3000207183,3000207183,3000207183,3000207183
1984733,10,414,200,1,ZIA,10,10,10,D011,EUR,02-01-2018,11:12:34,DDP,70,1,1,TAN,3051507804,7353176965,7353176965,7353176965,7353176965,DDP,3000207183,3000207183,3000207183,3000207183
1984733,10,414,200,1,ZIA,10,10,10,D011,EUR,02-01-2018,11:12:34,DDP,80,1,1,ZTCH,3051507804,7353176965,7353176965,7353176965,7353176965,DDP,3000207183,3000207183,3000207183,3000207183
1984733,10,414,200,1,ZIA,10,10,10,D011,EUR,02-01-2018,11:12:34,DDP,90,1,1,TAN,9390502882,7353176965,7353176965,7353176965,7353176965,DDP,3000207183,3000207183,3000207183,3000207183
1984733,10,414,200,1,ZIA,10,10,10,D011,EUR,02-01-2018,11:12:34,DDP,100,1,1,ZTCH,9390502882,7353176965,7353176965,7353176965,7353176965,DDP,3000207183,3000207183,3000207183,3000207183
1984733,10,414,200,1,ZIA,10,10,10,D011,EUR,02-01-2018,11:12:34,DDP,110,1,1,TAN,7587041002,7353176965,7353176965,7353176965,7353176965,DDP,3000207183,3000207183,3000207183,3000207183
1984733,10,414,200,1,ZIA,10,10,10,D011,EUR,02-01-2018,11:12:34,DDP,120,1,1,ZTCH,7587041002,7353176965,7353176965,7353176965,7353176965,DDP,3000207183,3000207183,3000207183,3000207183
1984733,10,414,200,1,ZIA,10,10,10,D011,EUR,02-01-2018,11:12:34,DDP,130,1,1,TAN,4127180998,7353176965,7353176965,7353176965,7353176965,DDP,3000207183,3000207183,3000207183,3000207183
1984733,10,414,200,1,ZIA,10,10,10,D011,EUR,02-01-2018,11:12:34,DDP,140,1,1,ZTCH,4127180998,7353176965,7353176965,7353176965,7353176965,DDP,3000207183,3000207183,3000207183,3000207183
1984733,10,414,200,1,ZIA,10,10,10,D011,EUR,02-01-2018,11:12:34,DDP,150,1,1,TAN,9882476730,7353176965,7353176965,7353176965,7353176965,DDP,3000207183,3000207183,3000207183,3000207183
1984733,10,414,200,1,ZIA,10,10,10,D011,EUR,02-01-2018,11:12:34,DDP,160,1,1,ZTCH,9882476730,7353176965,7353176965,7353176965,7353176965,DDP,3000207183,3000207183,3000207183,3000207183
1984733,10,414,200,1,ZIA,10,10,10,D011,EUR,02-01-2018,11:12:34,DDP,170,1,1,TAN,4815617206,7353176965,7353176965,7353176965,7353176965,DDP,3000207183,3000207183,3000207183,3000207183
1984733,10,414,200,1,ZIA,10,10,10,D011,EUR,02-01-2018,11:12:34,DDP,180,1,1,ZTCH,4815617206,7353176965,7353176965,7353176965,7353176965,DDP,3000207183,3000207183,3000207183,3000207183
1984733,10,414,200,1,ZIA,10,10,10,D011,EUR,02-01-2018,11:12:34,DDP,190,1,1,TAN,5044914697,7353176965,7353176965,7353176965,7353176965,DDP,3000207183,3000207183,3000207183,3000207183
1984733,10,414,200,1,ZIA,10,10,10,D011,EUR,02-01-2018,11:12:34,DDP,200,1,1,ZTCH,5044914697,7353176965,7353176965,7353176965,7353176965,DDP,3000207183,3000207183,3000207183,3000207183
1984734,10,521,EV20,98,ZMUN,10,10,10,D011,USD,02-01-2018,11:13:26,DDP,10,1,MUST,ZMUK,5285135721,3307607671,747148635,3307607671,3307607671,DDP,3000548961,3000548961,3000548961,3000218815
1984734,10,521,EV20,98,ZMUN,10,10,10,D011,USD,02-01-2018,11:13:26,DDP,20,1,MUST,ZMUK,1630248515,3307607671,747148635,3307607671,3307607671,DDP,3000548961,3000548961,3000548961,3000218815
1984735,10,226,3,95,ZMUN,10,10,10,D011,EUR,02-01-2018,11:11:24,EXW,10,1,MUST,ZMUK,8053347244,1037174008,1037174008,1037174008,1037174008,EXW,3000407771,3000407771,3000407771,3000407771
1984735,10,226,3,95,ZMUN,10,10,10,D011,EUR,02-01-2018,11:11:24,EXW,11,1,MUST,ZMUP,3832277172,1037174008,1037174008,1037174008,1037174008,EXW,3000407771,3000407771,3000407771,3000407771
1984735,10,226,3,95,ZMUN,10,10,10,D011,EUR,02-01-2018,11:11:24,EXW,12,1,MUST,ZMUP,5268678379,1037174008,1037174008,1037174008,1037174008,EXW,3000407771,3000407771,3000407771,3000407771
1984735,10,226,3,95,ZMUN,10,10,10,D011,EUR,02-01-2018,11:11:24,EXW,13,1,MUST,ZMUP,3755243785,1037174008,1037174008,1037174008,1037174008,EXW,3000407771,3000407771,3000407771,3000407771
1984735,10,226,3,95,ZMUN,10,10,10,D011,EUR,02-01-2018,11:11:24,EXW,14,1,MUST,ZMUP,422017490,1037174008,1037174008,1037174008,1037174008,EXW,3000407771,3000407771,3000407771,3000407771
1984736,10,341,32,13,TA,4200,10,10,DK20,DKK,02-01-2018,11:14:01,DDP,10,4200,4200,TAN,1627912498,8738262657,8738262657,1417658093,1417658093,DDP,3000538074,3000222178,3000222178,3000538074
1984737,10,652,,99,ZMUN,5900,10,10,D060,EUR,02-01-2018,11:15:32,DDP,10,5900,5902,ZMUK,6336619621,5076914620,5076914620,5076914620,5076914620,DDP,3000522202,3000522202,3000522202,3000522202
1984738,10,192,,95,ZMUT,10,10,10,D011,EUR,02-01-2018,09:51:14,EXW,10,1,MUST,ZMUK,8866214462,3143487067,3143487067,3143487067,3143487067,EXW,3000572173,3000572173,3000572173,3000572173
1984738,10,192,,95,ZMUT,10,10,10,D011,EUR,02-01-2018,09:51:14,EXW,20,1,MUST,ZMUK,8195559323,3143487067,3143487067,3143487067,3143487067,EXW,3000572173,3000572173,3000572173,3000572173
1984738,10,192,,95,ZMUT,10,10,10,D011,EUR,02-01-2018,09:51:14,EXW,30,1,MUST,ZMUK,4268795624,3143487067,3143487067,3143487067,3143487067,EXW,3000572173,3000572173,3000572173,3000572173
1984738,10,192,,95,ZMUT,10,10,10,D011,EUR,02-01-2018,09:51:14,EXW,40,1,MUST,ZMUK,331072399,3143487067,3143487067,3143487067,3143487067,EXW,3000572173,3000572173,3000572173,3000572173
1984738,10,192,,95,ZMUT,10,10,10,D011,EUR,02-01-2018,09:51:14,EXW,50,1,MUST,ZMUK,9910141442,3143487067,3143487067,3143487067,3143487067,EXW,3000572173,3000572173,3000572173,3000572173
1984738,10,192,,95,ZMUT,10,10,10,D011,EUR,02-01-2018,09:51:14,EXW,60,1,MUST,ZMUK,5255236380,3143487067,3143487067,3143487067,3143487067,EXW,3000572173,3000572173,3000572173,3000572173
1984738,10,192,,95,ZMUT,10,10,10,D011,EUR,02-01-2018,09:51:14,EXW,70,1,MUST,ZMUK,7868545658,3143487067,3143487067,3143487067,3143487067,EXW,3000572173,3000572173,3000572173,3000572173
1984738,10,192,,95,ZMUT,10,10,10,D011,EUR,02-01-2018,09:51:14,EXW,80,1,MUST,ZMUK,1936460874,3143487067,3143487067,3143487067,3143487067,EXW,3000572173,3000572173,3000572173,3000572173
1984738,10,192,,95,ZMUT,10,10,10,D011,EUR,02-01-2018,09:51:14,EXW,90,1,MUST,ZMUK,5317985735,3143487067,3143487067,3143487067,3143487067,EXW,3000572173,3000572173,3000572173,3000572173
1984738,10,192,,95,ZMUT,10,10,10,D011,EUR,02-01-2018,09:51:14,EXW,100,1,MUST,ZMUK,6216821890,3143487067,3143487067,3143487067,3143487067,EXW,3000572173,3000572173,3000572173,3000572173
1984738,10,192,,95,ZMUT,10,10,10,D011,EUR,02-01-2018,09:51:14,EXW,110,1,MUST,ZMUK,331072399,3143487067,3143487067,3143487067,3143487067,EXW,3000572173,3000572173,3000572173,3000572173
1984738,10,192,,95,ZMUT,10,10,10,D011,EUR,02-01-2018,09:51:14,EXW,120,1,MUST,ZMUK,1874858811,3143487067,3143487067,3143487067,3143487067,EXW,3000572173,3000572173,3000572173,3000572173
1984738,10,192,,95,ZMUT,10,10,10,D011,EUR,02-01-2018,09:51:14,EXW,130,1,MUST,ZMUK,6159852386,3143487067,3143487067,3143487067,3143487067,EXW,3000572173,3000572173,3000572173,3000572173
1984738,10,192,,95,ZMUT,10,10,10,D011,EUR,02-01-2018,09:51:14,EXW,140,1,MUST,ZMUK,6740017482,3143487067,3143487067,3143487067,3143487067,EXW,3000572173,3000572173,3000572173,3000572173
1984738,10,192,,95,ZMUT,10,10,10,D011,EUR,02-01-2018,09:51:14,EXW,150,1,MUST,ZMUK,1869753246,3143487067,3143487067,3143487067,3143487067,EXW,3000572173,3000572173,3000572173,3000572173
1984738,10,192,,95,ZMUT,10,10,10,D011,EUR,02-01-2018,09:51:14,EXW,160,1,MUST,ZMUK,8480340387,3143487067,3143487067,3143487067,3143487067,EXW,3000572173,3000572173,3000572173,3000572173
1984738,10,192,,95,ZMUT,10,10,10,D011,EUR,02-01-2018,09:51:14,EXW,170,1,MUST,ZMUK,2422518039,3143487067,3143487067,3143487067,3143487067,EXW,3000572173,3000572173,3000572173,3000572173
1984738,10,192,,95,ZMUT,10,10,10,D011,EUR,02-01-2018,09:51:14,EXW,180,1,MUST,ZMUK,6055395579,3143487067,3143487067,3143487067,3143487067,EXW,3000572173,3000572173,3000572173,3000572173
1984738,10,192,,95,ZMUT,10,10,10,D011,EUR,02-01-2018,09:51:14,EXW,190,1,MUST,ZMUK,9110376442,3143487067,3143487067,3143487067,3143487067,EXW,3000572173,3000572173,3000572173,3000572173
1984738,10,192,,95,ZMUT,10,10,10,D011,EUR,02-01-2018,09:51:14,EXW,200,1,MUST,ZMUK,7318249376,3143487067,3143487067,3143487067,3143487067,EXW,3000572173,3000572173,3000572173,3000572173
1984738,10,192,,95,ZMUT,10,10,10,D011,EUR,02-01-2018,09:51:14,EXW,210,1,MUST,ZMUK,9929049425,3143487067,3143487067,3143487067,3143487067,EXW,3000572173,3000572173,3000572173,3000572173
1984738,10,192,,95,ZMUT,10,10,10,D011,EUR,02-01-2018,09:51:14,EXW,220,1,MUST,ZMUK,4252435451,3143487067,3143487067,3143487067,3143487067,EXW,3000572173,3000572173,3000572173,3000572173
1984738,10,192,,95,ZMUT,10,10,10,D011,EUR,02-01-2018,09:51:14,EXW,230,1,MUST,ZMUK,4734461889,3143487067,3143487067,3143487067,3143487067,EXW,3000572173,3000572173,3000572173,3000572173
1984738,10,192,,95,ZMUT,10,10,10,D011,EUR,02-01-2018,09:51:14,EXW,240,1,MUST,ZMUK,3129460043,3143487067,3143487067,3143487067,3143487067,EXW,3000572173,3000572173,3000572173,3000572173
1984738,10,192,,95,ZMUT,10,10,10,D011,EUR,02-01-2018,09:51:14,EXW,250,1,MUST,ZMUK,9522458984,3143487067,3143487067,3143487067,3143487067,EXW,3000572173,3000572173,3000572173,3000572173
1984738,10,192,,95,ZMUT,10,10,10,D011,EUR,02-01-2018,09:51:14,EXW,260,1,MUST,ZMUK,369854756,3143487067,3143487067,3143487067,3143487067,EXW,3000572173,3000572173,3000572173,3000572173
1984738,10,192,,95,ZMUT,10,10,10,D011,EUR,02-01-2018,09:51:14,EXW,270,1,MUST,ZMUK,663443525,3143487067,3143487067,3143487067,3143487067,EXW,3000572173,3000572173,3000572173,3000572173
1984738,10,192,,95,ZMUT,10,10,10,D011,EUR,02-01-2018,09:51:14,EXW,280,1,MUST,ZMUK,6428764541,3143487067,3143487067,3143487067,3143487067,EXW,3000572173,3000572173,3000572173,3000572173
1984738,10,192,,95,ZMUT,10,10,10,D011,EUR,02-01-2018,09:51:14,EXW,290,1,MUST,ZMUK,4562854333,3143487067,3143487067,3143487067,3143487067,EXW,3000572173,3000572173,3000572173,3000572173
1984738,10,192,,95,ZMUT,10,10,10,D011,EUR,02-01-2018,09:51:14,EXW,300,1,MUST,ZMUK,7899006289,3143487067,3143487067,3143487067,3143487067,EXW,3000572173,3000572173,3000572173,3000572173
1984738,10,192,,95,ZMUT,10,10,10,D011,EUR,02-01-2018,09:51:14,EXW,310,1,MUST,ZMUK,9386394814,3143487067,3143487067,3143487067,3143487067,EXW,3000572173,3000572173,3000572173,3000572173
1984738,10,192,,95,ZMUT,10,10,10,D011,EUR,02-01-2018,09:51:14,EXW,320,1,MUST,ZMUK,5598775800,3143487067,3143487067,3143487067,3143487067,EXW,3000572173,3000572173,3000572173,3000572173
1984738,10,192,,95,ZMUT,10,10,10,D011,EUR,02-01-2018,09:51:14,EXW,330,1,MUST,ZMUK,9386394814,3143487067,3143487067,3143487067,3143487067,EXW,3000572173,3000572173,3000572173,3000572173
1984738,10,192,,95,ZMUT,10,10,10,D011,EUR,02-01-2018,09:51:14,EXW,340,1,MUST,ZMUK,8523578456,3143487067,3143487067,3143487067,3143487067,EXW,3000572173,3000572173,3000572173,3000572173
1984738,10,192,,95,ZMUT,10,10,10,D011,EUR,02-01-2018,09:51:14,EXW,350,1,MUST,ZMUK,1493882778,3143487067,3143487067,3143487067,3143487067,EXW,3000572173,3000572173,3000572173,3000572173
1984738,10,192,,95,ZMUT,10,10,10,D011,EUR,02-01-2018,09:51:14,EXW,360,1,MUST,ZMUK,8560450935,3143487067,3143487067,3143487067,3143487067,EXW,3000572173,3000572173,3000572173,3000572173
1984738,10,192,,95,ZMUT,10,10,10,D011,EUR,02-01-2018,09:51:14,EXW,370,1,MUST,ZMUK,7592247416,3143487067,3143487067,3143487067,3143487067,EXW,3000572173,3000572173,3000572173,3000572173
1984738,10,192,,95,ZMUT,10,10,10,D011,EUR,02-01-2018,09:51:14,EXW,380,1,MUST,ZMUK,8348194472,3143487067,3143487067,3143487067,3143487067,EXW,3000572173,3000572173,3000572173,3000572173
1984738,10,192,,95,ZMUT,10,10,10,D011,EUR,02-01-2018,09:51:14,EXW,390,1,MUST,ZMUK,649884549,3143487067,3143487067,3143487067,3143487067,EXW,3000572173,3000572173,3000572173,3000572173
1984738,10,192,,95,ZMUT,10,10,10,D011,EUR,02-01-2018,09:51:14,EXW,400,1,MUST,ZMUK,5080361953,3143487067,3143487067,3143487067,3143487067,EXW,3000572173,3000572173,3000572173,3000572173
1984738,10,192,,95,ZMUT,10,10,10,D011,EUR,02-01-2018,09:51:14,EXW,410,1,MUST,ZMUK,992399151,3143487067,3143487067,3143487067,3143487067,EXW,3000572173,3000572173,3000572173,3000572173
1984738,10,192,,95,ZMUT,10,10,10,D011,EUR,02-01-2018,09:51:14,EXW,420,1,MUST,ZMUK,8422917412,3143487067,3143487067,3143487067,3143487067,EXW,3000572173,3000572173,3000572173,3000572173
1984738,10,192,,95,ZMUT,10,10,10,D011,EUR,02-01-2018,09:51:14,EXW,430,1,MUST,ZMUK,1586632172,3143487067,3143487067,3143487067,3143487067,EXW,3000572173,3000572173,3000572173,3000572173
1984738,10,192,,95,ZMUT,10,10,10,D011,EUR,02-01-2018,09:51:14,EXW,440,1,MUST,ZMUK,6766809794,3143487067,3143487067,3143487067,3143487067,EXW,3000572173,3000572173,3000572173,3000572173
1984738,10,192,,95,ZMUT,10,10,10,D011,EUR,02-01-2018,09:51:14,EXW,450,1,MUST,ZMUK,4930619497,3143487067,3143487067,3143487067,3143487067,EXW,3000572173,3000572173,3000572173,3000572173
1984738,10,192,,95,ZMUT,10,10,10,D011,EUR,02-01-2018,09:51:14,EXW,460,1,MUST,ZMUK,6940575615,3143487067,3143487067,3143487067,3143487067,EXW,3000572173,3000572173,3000572173,3000572173
1984738,10,192,,95,ZMUT,10,10,10,D011,EUR,02-01-2018,09:51:14,EXW,470,1,MUST,ZMUK,3811741986,3143487067,3143487067,3143487067,3143487067,EXW,3000572173,3000572173,3000572173,3000572173
1984738,10,192,,95,ZMUT,10,10,10,D011,EUR,02-01-2018,09:51:14,EXW,480,1,MUST,ZMUK,5513042456,3143487067,3143487067,3143487067,3143487067,EXW,3000572173,3000572173,3000572173,3000572173
1984738,10,192,,95,ZMUT,10,10,10,D011,EUR,02-01-2018,09:51:14,EXW,490,1,MUST,ZMUK,4554150090,3143487067,3143487067,3143487067,3143487067,EXW,3000572173,3000572173,3000572173,3000572173
1984738,10,192,,95,ZMUT,10,10,10,D011,EUR,02-01-2018,09:51:14,EXW,500,1,MUST,ZMUK,9770162377,3143487067,3143487067,3143487067,3143487067,EXW,3000572173,3000572173,3000572173,3000572173
1984738,10,192,,95,ZMUT,10,10,10,D011,EUR,02-01-2018,09:51:14,EXW,510,1,MUST,ZMUK,3355100992,3143487067,3143487067,3143487067,3143487067,EXW,3000572173,3000572173,3000572173,3000572173
1984738,10,192,,95,ZMUT,10,10,10,D011,EUR,02-01-2018,09:51:14,EXW,520,1,MUST,ZMUK,7037972998,3143487067,3143487067,3143487067,3143487067,EXW,3000572173,3000572173,3000572173,3000572173
1984738,10,192,,95,ZMUT,10,10,10,D011,EUR,02-01-2018,09:51:14,EXW,530,1,MUST,ZMUK,4237994519,3143487067,3143487067,3143487067,3143487067,EXW,3000572173,3000572173,3000572173,3000572173
1984738,10,192,,95,ZMUT,10,10,10,D011,EUR,02-01-2018,09:51:14,EXW,540,1,MUST,ZMUK,1482681049,3143487067,3143487067,3143487067,3143487067,EXW,3000572173,3000572173,3000572173,3000572173
1984738,10,192,,95,ZMUT,10,10,10,D011,EUR,02-01-2018,09:51:14,EXW,550,1,MUST,ZMUK,1155765819,3143487067,3143487067,3143487067,3143487067,EXW,3000572173,3000572173,3000572173,3000572173
1984738,10,192,,95,ZMUT,10,10,10,D011,EUR,02-01-2018,09:51:14,EXW,560,1,MUST,ZMUK,9923394209,3143487067,3143487067,3143487067,3143487067,EXW,3000572173,3000572173,3000572173,3000572173
1984738,10,192,,95,ZMUT,10,10,10,D011,EUR,02-01-2018,09:51:14,EXW,570,1,MUST,ZMUK,8956661051,3143487067,3143487067,3143487067,3143487067,EXW,3000572173,3000572173,3000572173,3000572173
1984738,10,192,,95,ZMUT,10,10,10,D011,EUR,02-01-2018,09:51:14,EXW,580,1,MUST,ZMUK,6342383724,3143487067,3143487067,3143487067,3143487067,EXW,3000572173,3000572173,3000572173,3000572173
1984738,10,192,,95,ZMUT,10,10,10,D011,EUR,02-01-2018,09:51:14,EXW,590,1,MUST,ZMUK,3614922343,3143487067,3143487067,3143487067,3143487067,EXW,3000572173,3000572173,3000572173,3000572173
1984739,10,341,32,13,TA,4200,10,10,DK20,DKK,02-01-2018,11:15:43,DDP,10,4200,4200,TAN,7861363371,8738262657,8738262657,1417658093,1417658093,DDP,3000538074,3000222178,3000222178,3000538074
1984740,10,221,3,5,TA,1600,10,10,NL80,EUR,02-01-2018,11:13:27,EXW,10,1600,1601,TAN,2869041012,2972983400,5840570903,826715131,826715131,EXW,3000369144,3000636073,3000636073,3000206757
1984741,10,521,EV20,98,ZMUN,10,10,10,D011,USD,02-01-2018,11:20:02,DDP,10,1,MUST,ZMUK,2334750742,8435078770,8435078770,8435078770,8435078770,DDP,3001128847,3001128847,3001128847,3001128847
1984741,10,521,EV20,98,ZMUN,10,10,10,D011,USD,02-01-2018,11:20:02,DDP,20,1,MUST,ZMUK,1346613854,8435078770,8435078770,8435078770,8435078770,DDP,3001128847,3001128847,3001128847,3001128847
1984742,10,767,C6,99,ZMUN,10,10,10,D011,EUR,02-01-2018,11:20:39,DDP,10,1,MUST,ZMUK,1162096552,9927335532,9927335532,9927335532,9927335532,DDP,3000223395,3000223395,3000223395,3000223395
1984742,10,767,C6,99,ZMUN,10,10,10,D011,EUR,02-01-2018,11:20:39,DDP,11,1,MUST,ZMUP,5344897088,9927335532,9927335532,9927335532,9927335532,DDP,3000223395,3000223395,3000223395,3000223395
1984742,10,767,C6,99,ZMUN,10,10,10,D011,EUR,02-01-2018,11:20:39,DDP,12,1,MUST,ZMUP,8492076738,9927335532,9927335532,9927335532,9927335532,DDP,3000223395,3000223395,3000223395,3000223395
1984742,10,767,C6,99,ZMUN,10,10,10,D011,EUR,02-01-2018,11:20:39,DDP,13,1,MUST,ZMUP,2863207915,9927335532,9927335532,9927335532,9927335532,DDP,3000223395,3000223395,3000223395,3000223395
1984742,10,767,C6,99,ZMUN,10,10,10,D011,EUR,02-01-2018,11:20:39,DDP,14,1,MUST,ZMUP,1598676124,9927335532,9927335532,9927335532,9927335532,DDP,3000223395,3000223395,3000223395,3000223395
1984742,10,767,C6,99,ZMUN,10,10,10,D011,EUR,02-01-2018,11:20:39,DDP,15,1,MUST,ZMUP,5268678379,9927335532,9927335532,9927335532,9927335532,DDP,3000223395,3000223395,3000223395,3000223395
1984742,10,767,C6,99,ZMUN,10,10,10,D011,EUR,02-01-2018,11:20:39,DDP,16,1,MUST,ZMUP,3689370950,9927335532,9927335532,9927335532,9927335532,DDP,3000223395,3000223395,3000223395,3000223395
1984743,10,342,32,98,ZMUN,1300,10,10,D015,EUR,02-01-2018,11:21:19,DDP,10,1300,1301,ZMUK,4508826304,7898182048,7898182048,7898182048,7898182048,DDP,3000537306,3000537306,3000537306,3000537306
1984744,10,269,3,99,ZMUN,10,10,10,D011,EUR,02-01-2018,11:20:34,DDP,10,1,MUST,ZMUK,250900957,9191903715,9191903715,9191903715,9191903715,DDP,3000464701,3000464701,3000464701,3000464701
1984744,10,269,3,99,ZMUN,10,10,10,D011,EUR,02-01-2018,11:20:34,DDP,20,1,MUST,ZMUK,8464566985,9191903715,9191903715,9191903715,9191903715,DDP,3000464701,3000464701,3000464701,3000464701
1984745,10,421,232,1,TA,10,10,10,D011,EUR,02-01-2018,11:24:37,DDP,10,1,1,TAN,2109421664,5539475074,5539475074,5539475074,5539475074,DDP,3000207299,3000207299,3000207299,3000207299
1984746,10,322,3,18,TA,2000,10,10,PL20,EUR,02-01-2018,11:25:58,DDP,10,2000,2000,TAN,6119980758,3617078005,3617078005,3617078005,3617078005,DDP,3000208122,3000208122,3000208122,3000208122
1984746,10,322,3,18,TA,2000,10,10,PL20,EUR,02-01-2018,11:25:58,DDP,20,2000,2000,ZTCH,6119980758,3617078005,3617078005,3617078005,3617078005,DDP,3000208122,3000208122,3000208122,3000208122
1984747,10,654,3,10,TA,10,10,10,D011,EUR,02-01-2018,11:08:11,CPT,10,1,1,TAN,7815428425,8138462869,8138462869,8138462869,8138462869,CPT,3000421920,3000421920,3000421920,3000421920
1984747,10,654,3,10,TA,10,10,10,D011,EUR,02-01-2018,11:08:11,CPT,20,1,1,TAN,9266670155,8138462869,8138462869,8138462869,8138462869,CPT,3000421920,3000421920,3000421920,3000421920
1984747,10,654,3,10,TA,10,10,10,D011,EUR,02-01-2018,11:08:11,CPT,30,1,1,TAN,3707794891,8138462869,8138462869,8138462869,8138462869,CPT,3000421920,3000421920,3000421920,3000421920
1984747,10,654,3,10,TA,10,10,10,D011,EUR,02-01-2018,11:08:11,CPT,40,1,1,TAN,5665688587,8138462869,8138462869,8138462869,8138462869,CPT,3000421920,3000421920,3000421920,3000421920
1984747,10,654,3,10,TA,10,10,10,D011,EUR,02-01-2018,11:08:11,CPT,50,1,1,TAN,6839770096,8138462869,8138462869,8138462869,8138462869,CPT,3000421920,3000421920,3000421920,3000421920
1984747,10,654,3,10,TA,10,10,10,D011,EUR,02-01-2018,11:08:11,CPT,60,1,1,TAN,3596105040,8138462869,8138462869,8138462869,8138462869,CPT,3000421920,3000421920,3000421920,3000421920
1984747,10,654,3,10,TA,10,10,10,D011,EUR,02-01-2018,11:08:11,CPT,70,1,1,TAN,4536419330,8138462869,8138462869,8138462869,8138462869,CPT,3000421920,3000421920,3000421920,3000421920
1984747,10,654,3,10,TA,10,10,10,D011,EUR,02-01-2018,11:08:11,CPT,80,1,1,TAN,7560230638,8138462869,8138462869,8138462869,8138462869,CPT,3000421920,3000421920,3000421920,3000421920
1984748,10,520,32,99,ZMUN,5900,10,10,D060,EUR,02-01-2018,11:27:10,DDP,10,5900,5902,ZMUK,2113484250,2860042699,9352794312,2860042699,2860042699,DDP,3000937010,3000937010,3000937010,3000208984
1984749,10,439,33,5,TA,1300,10,10,D015,EUR,02-01-2018,11:29:29,FCA,10,1300,1300,TAN,8308177618,4925749318,4925749318,4925749318,4925749318,FCA,3000546892,3000546892,3000546892,3000546892
1984749,10,439,33,5,TA,1300,10,10,D015,EUR,02-01-2018,11:29:29,FCA,20,1300,1300,ZTCH,8308177618,4925749318,4925749318,4925749318,4925749318,FCA,3000546892,3000546892,3000546892,3000546892
1984750,10,998,72,10,ZVOR,10,10,10,D011,USD,02-01-2018,11:29:55,DDP,10,1,1,ZVN,5284684344,2357098947,2357098947,2357098947,2357098947,DDP,3000936344,3000936344,3000936344,3000936344
1984751,10,322,205,1,TA,10,10,10,D011,EUR,02-01-2018,11:27:59,DDP,10,1,1,TAN,5997161404,3617078005,3617078005,3617078005,3617078005,DDP,3000208122,3000208122,3000208122,3000208122
1984751,10,322,205,1,TA,10,10,10,D011,EUR,02-01-2018,11:27:59,DDP,20,1,1,TAN,8336163242,3617078005,3617078005,3617078005,3617078005,DDP,3000208122,3000208122,3000208122,3000208122
1984751,10,322,205,1,TA,10,10,10,D011,EUR,02-01-2018,11:27:59,DDP,30,1,1,TAN,2356260337,3617078005,3617078005,3617078005,3617078005,DDP,3000208122,3000208122,3000208122,3000208122
1984751,10,322,205,1,TA,10,10,10,D011,EUR,02-01-2018,11:27:59,DDP,40,1,1,TAN,6619643608,3617078005,3617078005,3617078005,3617078005,DDP,3000208122,3000208122,3000208122,3000208122
1984751,10,322,205,1,TA,10,10,10,D011,EUR,02-01-2018,11:27:59,DDP,50,1,1,TAN,3946288443,3617078005,3617078005,3617078005,3617078005,DDP,3000208122,3000208122,3000208122,3000208122
1984751,10,322,205,1,TA,10,10,10,D011,EUR,02-01-2018,11:27:59,DDP,60,1,1,TAN,86275301,3617078005,3617078005,3617078005,3617078005,DDP,3000208122,3000208122,3000208122,3000208122
1984752,10,250,33,1,TA,10,10,10,D011,EUR,02-01-2018,11:31:53,DDP,10,1,1,TAN,3535708110,1678542847,1678542847,9198940849,9198940849,DDP,3000207254,3000458026,3000458026,3000207254
1984752,10,250,33,1,TA,10,10,10,D011,EUR,02-01-2018,11:31:53,DDP,20,1,1,ZTCH,3535708110,1678542847,1678542847,9198940849,9198940849,DDP,3000207254,3000458026,3000458026,3000207254
1984752,10,250,33,1,TA,10,10,10,D011,EUR,02-01-2018,11:31:53,DDP,30,1,1,TAN,1880557770,1678542847,1678542847,9198940849,9198940849,DDP,3000207254,3000458026,3000458026,3000207254
1984752,10,250,33,1,TA,10,10,10,D011,EUR,02-01-2018,11:31:53,DDP,40,1,1,ZTCH,1880557770,1678542847,1678542847,9198940849,9198940849,DDP,3000207254,3000458026,3000458026,3000207254
1984753,10,525,0,13,TA,700,10,10,PL10,PLN,02-01-2018,11:32:12,DAP,10,700,700,TAN,193435504,2970271546,2970271546,2970271546,2970271546,DAP,3000557660,3000557660,3000557660,3000557660
1984754,10,226,3,1,TA,10,10,10,D011,EUR,02-01-2018,11:25:41,DDP,10,1,1,TAN,2788519171,704177930,760091729,704177930,704177930,DDP,3000551000,3000551000,3000551000,3000641936
1984754,10,226,3,1,TA,10,10,10,D011,EUR,02-01-2018,11:25:41,DDP,20,1,1,ZTCH,2788519171,704177930,760091729,704177930,704177930,DDP,3000551000,3000551000,3000551000,3000641936
1984754,10,226,3,1,TA,10,10,10,D011,EUR,02-01-2018,11:25:41,DDP,30,1,1,TAN,9396144993,704177930,760091729,704177930,704177930,DDP,3000551000,3000551000,3000551000,3000641936
1984754,10,226,3,1,TA,10,10,10,D011,EUR,02-01-2018,11:25:41,DDP,40,1,1,ZTCH,9396144993,704177930,760091729,704177930,704177930,DDP,3000551000,3000551000,3000551000,3000641936
1984754,10,226,3,1,TA,10,10,10,D011,EUR,02-01-2018,11:25:41,DDP,50,1,1,TAN,3148898320,704177930,760091729,704177930,704177930,DDP,3000551000,3000551000,3000551000,3000641936
1984754,10,226,3,1,TA,10,10,10,D011,EUR,02-01-2018,11:25:41,DDP,60,1,1,ZTCH,3148898320,704177930,760091729,704177930,704177930,DDP,3000551000,3000551000,3000551000,3000641936
1984754,10,226,3,1,TA,10,10,10,D011,EUR,02-01-2018,11:25:41,DDP,70,1,1,TAN,190944984,704177930,760091729,704177930,704177930,DDP,3000551000,3000551000,3000551000,3000641936
1984754,10,226,3,1,TA,10,10,10,D011,EUR,02-01-2018,11:25:41,DDP,80,1,1,ZTCH,190944984,704177930,760091729,704177930,704177930,DDP,3000551000,3000551000,3000551000,3000641936
1984754,10,226,3,1,TA,10,10,10,D011,EUR,02-01-2018,11:25:41,DDP,90,1,1,TAN,4839576093,704177930,760091729,704177930,704177930,DDP,3000551000,3000551000,3000551000,3000641936
1984754,10,226,3,1,TA,10,10,10,D011,EUR,02-01-2018,11:25:41,DDP,100,1,1,ZTCH,4839576093,704177930,760091729,704177930,704177930,DDP,3000551000,3000551000,3000551000,3000641936
1984755,10,209,112,1,TA,10,10,10,D011,EUR,02-01-2018,11:33:05,DDP,10,1,1,TAN,2673588935,3948918414,3948918414,3948918414,3948918414,DDP,3000206765,3000206765,3000206765,3000206765
1984755,10,209,112,1,TA,10,10,10,D011,EUR,02-01-2018,11:33:05,DDP,20,1,1,TAN,5933980620,3948918414,3948918414,3948918414,3948918414,DDP,3000206765,3000206765,3000206765,3000206765
1984756,10,192,32,96,ZMUN,300,10,10,NL30,EUR,02-01-2018,11:33:09,DDP,10,310,302,ZMUK,8471236765,5300596642,5300596642,5300596642,5300596642,DDP,3000205785,3000205785,3000205785,3000205785
1984757,10,520,32,96,ZMUN,10,10,10,D011,EUR,02-01-2018,11:35:14,DDP,10,1,MUST,ZMUK,4567155796,2860042699,9352794312,2860042699,2860042699,DDP,3000937010,3000937010,3000937010,3000208984
1984757,10,520,32,96,ZMUN,10,10,10,D011,EUR,02-01-2018,11:35:14,DDP,11,1,MUST,ZMUP,1183381524,2860042699,9352794312,2860042699,2860042699,DDP,3000937010,3000937010,3000937010,3000208984
1984757,10,520,32,96,ZMUN,10,10,10,D011,EUR,02-01-2018,11:35:14,DDP,12,1,MUST,ZMUP,7876477930,2860042699,9352794312,2860042699,2860042699,DDP,3000937010,3000937010,3000937010,3000208984
1984757,10,520,32,96,ZMUN,10,10,10,D011,EUR,02-01-2018,11:35:14,DDP,13,1,MUST,ZMUP,2391909785,2860042699,9352794312,2860042699,2860042699,DDP,3000937010,3000937010,3000937010,3000208984
1984757,10,520,32,96,ZMUN,10,10,10,D011,EUR,02-01-2018,11:35:14,DDP,14,1,MUST,ZMUP,4880097256,2860042699,9352794312,2860042699,2860042699,DDP,3000937010,3000937010,3000937010,3000208984
1984757,10,520,32,96,ZMUN,10,10,10,D011,EUR,02-01-2018,11:35:14,DDP,15,1,MUST,ZMUP,325860014,2860042699,9352794312,2860042699,2860042699,DDP,3000937010,3000937010,3000937010,3000208984
1984757,10,520,32,96,ZMUN,10,10,10,D011,EUR,02-01-2018,11:35:14,DDP,16,1,MUST,ZMUP,8491060455,2860042699,9352794312,2860042699,2860042699,DDP,3000937010,3000937010,3000937010,3000208984
1984757,10,520,32,96,ZMUN,10,10,10,D011,EUR,02-01-2018,11:35:14,DDP,20,1,MUST,ZMUK,5130312229,2860042699,9352794312,2860042699,2860042699,DDP,3000937010,3000937010,3000937010,3000208984
1984757,10,520,32,96,ZMUN,10,10,10,D011,EUR,02-01-2018,11:35:14,DDP,21,1,MUST,ZMUP,1481193974,2860042699,9352794312,2860042699,2860042699,DDP,3000937010,3000937010,3000937010,3000208984
1984757,10,520,32,96,ZMUN,10,10,10,D011,EUR,02-01-2018,11:35:14,DDP,22,1,MUST,ZMUP,4235645625,2860042699,9352794312,2860042699,2860042699,DDP,3000937010,3000937010,3000937010,3000208984
1984757,10,520,32,96,ZMUN,10,10,10,D011,EUR,02-01-2018,11:35:14,DDP,23,1,MUST,ZMUP,4880097256,2860042699,9352794312,2860042699,2860042699,DDP,3000937010,3000937010,3000937010,3000208984
1984757,10,520,32,96,ZMUN,10,10,10,D011,EUR,02-01-2018,11:35:14,DDP,24,1,MUST,ZMUP,3587412357,2860042699,9352794312,2860042699,2860042699,DDP,3000937010,3000937010,3000937010,3000208984
1984757,10,520,32,96,ZMUN,10,10,10,D011,EUR,02-01-2018,11:35:14,DDP,25,1,MUST,ZMUP,1686693438,2860042699,9352794312,2860042699,2860042699,DDP,3000937010,3000937010,3000937010,3000208984
1984757,10,520,32,96,ZMUN,10,10,10,D011,EUR,02-01-2018,11:35:14,DDP,30,1,MUST,ZMUK,2062809027,2860042699,9352794312,2860042699,2860042699,DDP,3000937010,3000937010,3000937010,3000208984
1984757,10,520,32,96,ZMUN,10,10,10,D011,EUR,02-01-2018,11:35:14,DDP,31,1,MUST,ZMUP,1951361101,2860042699,9352794312,2860042699,2860042699,DDP,3000937010,3000937010,3000937010,3000208984
1984757,10,520,32,96,ZMUN,10,10,10,D011,EUR,02-01-2018,11:35:14,DDP,32,1,MUST,ZMUP,389727980,2860042699,9352794312,2860042699,2860042699,DDP,3000937010,3000937010,3000937010,3000208984
1984757,10,520,32,96,ZMUN,10,10,10,D011,EUR,02-01-2018,11:35:14,DDP,33,1,MUST,ZMUP,4252435451,2860042699,9352794312,2860042699,2860042699,DDP,3000937010,3000937010,3000937010,3000208984
1984757,10,520,32,96,ZMUN,10,10,10,D011,EUR,02-01-2018,11:35:14,DDP,34,1,MUST,ZMUP,8484913388,2860042699,9352794312,2860042699,2860042699,DDP,3000937010,3000937010,3000937010,3000208984
1984757,10,520,32,96,ZMUN,10,10,10,D011,EUR,02-01-2018,11:35:14,DDP,35,1,MUST,ZMUP,6657797298,2860042699,9352794312,2860042699,2860042699,DDP,3000937010,3000937010,3000937010,3000208984
1984757,10,520,32,96,ZMUN,10,10,10,D011,EUR,02-01-2018,11:35:14,DDP,36,1,MUST,ZMUP,4185517196,2860042699,9352794312,2860042699,2860042699,DDP,3000937010,3000937010,3000937010,3000208984
1984758,10,502,32,13,TA,700,10,10,PL10,EUR,02-01-2018,11:36:22,DDP,10,700,700,TAN,9261815563,844693373,844693373,844693373,844693373,DDP,3000494230,3000494230,3000494230,3000494230
1984758,10,502,32,13,TA,700,10,10,PL10,EUR,02-01-2018,11:36:22,DDP,20,700,700,TAN,5273284354,844693373,844693373,844693373,844693373,DDP,3000494230,3000494230,3000494230,3000494230
1984759,10,726,96,1,TA,1600,10,10,NL80,EUR,02-01-2018,11:38:06,DDP,10,1600,1600,TAN,952890697,9458338227,512181801,4832963765,4832963765,DDP,3000215092,3000474728,3000474728,3000367744
1984760,10,796,27,1,TA,700,10,10,PL10,PLN,02-01-2018,11:16:41,DDP,10,700,700,TAN,9694735260,4288494763,4288494763,4288494763,4288494763,DDP,3000629130,3000629130,3000629130,3000629130
1984761,10,794,32,1,TA,700,10,10,PL10,PLN,02-01-2018,11:39:59,DDP,10,700,700,TAN,2862871854,888119702,888119702,888119702,888119702,DDP,3000475257,3000475257,3000475257,3000475257
1984762,10,250,33,1,TA,300,10,10,NL30,EUR,02-01-2018,11:41:10,DDP,10,310,300,TAN,6493322846,6037718172,1778633738,9198940849,9198940849,DDP,3000206866,3000458026,3000458026,3000445328
1984762,10,250,33,1,TA,300,10,10,NL30,EUR,02-01-2018,11:41:10,DDP,20,310,300,ZTCH,6493322846,6037718172,1778633738,9198940849,9198940849,DDP,3000206866,3000458026,3000458026,3000445328
1984763,10,436,B9,1,TA,10,10,10,D011,EUR,02-01-2018,11:42:40,DDP,60,1,1,TAN,381890430,3078518136,8708984665,9946326346,9946326346,DDP,3000208599,3000208113,3000208113,3000316648
1984763,10,436,B9,1,TA,10,10,10,D011,EUR,02-01-2018,11:42:40,DDP,70,1,1,ZTCH,381890430,3078518136,8708984665,9946326346,9946326346,DDP,3000208599,3000208113,3000208113,3000316648
1984764,10,520,32,96,ZMUN,10,10,10,D011,EUR,02-01-2018,11:44:30,DDP,10,1,MUST,ZMUK,9482398110,2860042699,9352794312,2860042699,2860042699,DDP,3000937010,3000937010,3000937010,3000208984
1984764,10,520,32,96,ZMUN,10,10,10,D011,EUR,02-01-2018,11:44:30,DDP,11,1,MUST,ZMUP,1183381524,2860042699,9352794312,2860042699,2860042699,DDP,3000937010,3000937010,3000937010,3000208984
1984764,10,520,32,96,ZMUN,10,10,10,D011,EUR,02-01-2018,11:44:30,DDP,12,1,MUST,ZMUP,1546872367,2860042699,9352794312,2860042699,2860042699,DDP,3000937010,3000937010,3000937010,3000208984
1984764,10,520,32,96,ZMUN,10,10,10,D011,EUR,02-01-2018,11:44:30,DDP,13,1,MUST,ZMUP,2463756790,2860042699,9352794312,2860042699,2860042699,DDP,3000937010,3000937010,3000937010,3000208984
1984764,10,520,32,96,ZMUN,10,10,10,D011,EUR,02-01-2018,11:44:30,DDP,20,1,MUST,ZMUK,6679062893,2860042699,9352794312,2860042699,2860042699,DDP,3000937010,3000937010,3000937010,3000208984
1984764,10,520,32,96,ZMUN,10,10,10,D011,EUR,02-01-2018,11:44:30,DDP,21,1,MUST,ZMUP,1183381524,2860042699,9352794312,2860042699,2860042699,DDP,3000937010,3000937010,3000937010,3000208984
1984764,10,520,32,96,ZMUN,10,10,10,D011,EUR,02-01-2018,11:44:30,DDP,22,1,MUST,ZMUP,4774350618,2860042699,9352794312,2860042699,2860042699,DDP,3000937010,3000937010,3000937010,3000208984
1984764,10,520,32,96,ZMUN,10,10,10,D011,EUR,02-01-2018,11:44:30,DDP,23,1,MUST,ZMUP,1093656690,2860042699,9352794312,2860042699,2860042699,DDP,3000937010,3000937010,3000937010,3000208984
1984765,10,726,96,1,TA,1300,10,10,D015,EUR,02-01-2018,11:46:03,DDP,10,1300,1300,TAN,402325187,9458338227,512181801,4832963765,4832963765,DDP,3000215092,3000474728,3000474728,3000367744
1984766,10,739,32,98,ZMUN,10,10,10,D011,EUR,02-01-2018,11:49:04,DDP,10,1,MUST,ZMUK,5105302757,1490599991,1490599991,1490599991,1490599991,DDP,3000492102,3000492102,3000492102,3000492102
1984766,10,739,32,98,ZMUN,10,10,10,D011,EUR,02-01-2018,11:49:04,DDP,20,1,MUST,ZMUK,9305720367,1490599991,1490599991,1490599991,1490599991,DDP,3000492102,3000492102,3000492102,3000492102
1984766,10,739,32,98,ZMUN,10,10,10,D011,EUR,02-01-2018,11:49:04,DDP,30,1,MUST,ZMUK,9096892473,1490599991,1490599991,1490599991,1490599991,DDP,3000492102,3000492102,3000492102,3000492102
1984766,10,739,32,98,ZMUN,10,10,10,D011,EUR,02-01-2018,11:49:04,DDP,40,1,MUST,ZMUK,8723034148,1490599991,1490599991,1490599991,1490599991,DDP,3000492102,3000492102,3000492102,3000492102
1984766,10,739,32,98,ZMUN,10,10,10,D011,EUR,02-01-2018,11:49:04,DDP,50,1,MUST,ZMUK,3443559462,1490599991,1490599991,1490599991,1490599991,DDP,3000492102,3000492102,3000492102,3000492102
1984767,10,789,32,99,ZMUN,10,10,10,D011,EUR,02-01-2018,11:51:22,DDP,10,1,MUST,ZMUK,8432580744,6259385027,6259385027,6259385027,6259385027,DDP,3000647261,3000647261,3000647261,3000647261
1984769,10,291,EV17,5,TA,10,10,10,D011,EUR,02-01-2018,11:51:57,EXW,40,1,1,TAN,9800106528,636020666,636020666,636020666,636020666,EXW,3000219146,3000219146,3000219146,3000219146
1984769,10,291,EV17,5,TA,10,10,10,D011,EUR,02-01-2018,11:51:57,EXW,50,1,1,TAN,6308249877,636020666,636020666,636020666,636020666,EXW,3000219146,3000219146,3000219146,3000219146
1984769,10,291,EV17,5,TA,10,10,10,D011,EUR,02-01-2018,11:51:57,EXW,60,1,1,TAN,3790489741,636020666,636020666,636020666,636020666,EXW,3000219146,3000219146,3000219146,3000219146
1984769,10,291,EV17,5,TA,10,10,10,D011,EUR,02-01-2018,11:51:57,EXW,80,1,1,TAN,5586120466,636020666,636020666,636020666,636020666,EXW,3000219146,3000219146,3000219146,3000219146
1984770,10,194,105,99,ZMUN,10,10,10,D011,EUR,02-01-2018,11:52:05,DDP,10,1,MUST,ZMUK,2135768591,8921774860,8921774860,8921774860,8921774860,DDP,3000401758,3000401758,3000401758,3000401758
1984771,10,266,32,5,TA,300,10,10,NL30,EUR,02-01-2018,11:54:57,FCA,10,310,300,TAN,667232455,9339024510,209724830,9339024510,9339024510,FCA,3000215418,3000215418,3000215418,3000517410
1984771,10,266,32,5,TA,300,10,10,NL30,EUR,02-01-2018,11:54:57,FCA,20,310,300,TAN,584588563,9339024510,209724830,9339024510,9339024510,FCA,3000215418,3000215418,3000215418,3000517410
1984772,10,271,,98,ZMUN,10,10,10,D011,EUR,02-01-2018,11:50:23,DDP,10,1,MUST,ZMUK,6046086846,3664674925,9352794312,3664674925,3664674925,DDP,3001127206,3001127206,3001127206,3000208984
1984773,10,338,620,98,ZMUN,10,10,10,D011,EUR,02-01-2018,11:55:23,DDP,10,1,MUST,ZMUK,7677647477,8922777894,720908447,720908447,720908447,DDP,3000505545,3000554824,3000554824,3000554824
1984774,10,266,32,5,TA,300,10,10,NL30,EUR,02-01-2018,11:56:10,FCA,10,310,300,TAN,930999587,9339024510,2913511912,9339024510,9339024510,FCA,3000215418,3000215418,3000215418,3000523336
1984775,10,939,32,99,ZMUN,10,10,10,D011,EUR,02-01-2018,11:52:48,DDP,10,1,MUST,ZMUK,1936926640,5743876458,5743876458,5743876458,5743876458,DDP,3000215170,3000215170,3000215170,3000215170
1984777,10,266,32,5,TA,300,10,10,NL30,EUR,02-01-2018,11:57:45,FCA,10,310,300,TAN,667232455,9339024510,2913511912,9339024510,9339024510,FCA,3000215418,3000215418,3000215418,3000523336
1984777,10,266,32,5,TA,300,10,10,NL30,EUR,02-01-2018,11:57:45,FCA,20,310,300,TAN,584588563,9339024510,2913511912,9339024510,9339024510,FCA,3000215418,3000215418,3000215418,3000523336
1984778,10,520,32,96,ZMUN,10,10,10,D011,EUR,02-01-2018,11:55:17,DDP,10,1,MUST,ZMUK,2804556259,2860042699,9352794312,2860042699,2860042699,DDP,3000937010,3000937010,3000937010,3000208984
1984778,10,520,32,96,ZMUN,10,10,10,D011,EUR,02-01-2018,11:55:17,DDP,11,1,MUST,ZMUP,1183381524,2860042699,9352794312,2860042699,2860042699,DDP,3000937010,3000937010,3000937010,3000208984
1984778,10,520,32,96,ZMUN,10,10,10,D011,EUR,02-01-2018,11:55:17,DDP,12,1,MUST,ZMUP,3264072213,2860042699,9352794312,2860042699,2860042699,DDP,3000937010,3000937010,3000937010,3000208984
1984778,10,520,32,96,ZMUN,10,10,10,D011,EUR,02-01-2018,11:55:17,DDP,13,1,MUST,ZMUP,1398172222,2860042699,9352794312,2860042699,2860042699,DDP,3000937010,3000937010,3000937010,3000208984
1984778,10,520,32,96,ZMUN,10,10,10,D011,EUR,02-01-2018,11:55:17,DDP,14,1,MUST,ZMUP,1183381524,2860042699,9352794312,2860042699,2860042699,DDP,3000937010,3000937010,3000937010,3000208984
1984778,10,520,32,96,ZMUN,10,10,10,D011,EUR,02-01-2018,11:55:17,DDP,15,1,MUST,ZMUP,7704951167,2860042699,9352794312,2860042699,2860042699,DDP,3000937010,3000937010,3000937010,3000208984
1984778,10,520,32,96,ZMUN,10,10,10,D011,EUR,02-01-2018,11:55:17,DDP,20,1,MUST,ZMUK,4277423531,2860042699,9352794312,2860042699,2860042699,DDP,3000937010,3000937010,3000937010,3000208984
1984778,10,520,32,96,ZMUN,10,10,10,D011,EUR,02-01-2018,11:55:17,DDP,21,1,MUST,ZMUP,1183381524,2860042699,9352794312,2860042699,2860042699,DDP,3000937010,3000937010,3000937010,3000208984
1984778,10,520,32,96,ZMUN,10,10,10,D011,EUR,02-01-2018,11:55:17,DDP,22,1,MUST,ZMUP,6722639830,2860042699,9352794312,2860042699,2860042699,DDP,3000937010,3000937010,3000937010,3000208984
1984778,10,520,32,96,ZMUN,10,10,10,D011,EUR,02-01-2018,11:55:17,DDP,23,1,MUST,ZMUP,1183381524,2860042699,9352794312,2860042699,2860042699,DDP,3000937010,3000937010,3000937010,3000208984
1984778,10,520,32,96,ZMUN,10,10,10,D011,EUR,02-01-2018,11:55:17,DDP,24,1,MUST,ZMUP,9024269167,2860042699,9352794312,2860042699,2860042699,DDP,3000937010,3000937010,3000937010,3000208984
1984778,10,520,32,96,ZMUN,10,10,10,D011,EUR,02-01-2018,11:55:17,DDP,30,1,MUST,ZMUK,4073116499,2860042699,9352794312,2860042699,2860042699,DDP,3000937010,3000937010,3000937010,3000208984
1984778,10,520,32,96,ZMUN,10,10,10,D011,EUR,02-01-2018,11:55:17,DDP,31,1,MUST,ZMUP,1951361101,2860042699,9352794312,2860042699,2860042699,DDP,3000937010,3000937010,3000937010,3000208984
1984778,10,520,32,96,ZMUN,10,10,10,D011,EUR,02-01-2018,11:55:17,DDP,32,1,MUST,ZMUP,3806478514,2860042699,9352794312,2860042699,2860042699,DDP,3000937010,3000937010,3000937010,3000208984
1984778,10,520,32,96,ZMUN,10,10,10,D011,EUR,02-01-2018,11:55:17,DDP,33,1,MUST,ZMUP,1612970023,2860042699,9352794312,2860042699,2860042699,DDP,3000937010,3000937010,3000937010,3000208984
1984778,10,520,32,96,ZMUN,10,10,10,D011,EUR,02-01-2018,11:55:17,DDP,34,1,MUST,ZMUP,4880097256,2860042699,9352794312,2860042699,2860042699,DDP,3000937010,3000937010,3000937010,3000208984
1984779,10,311,0,99,ZMUN,10,10,10,D011,EUR,02-01-2018,11:59:08,DDP,10,1,MUST,ZMUK,2000253575,9105408416,9105408416,9105408416,9105408416,DDP,3000215022,3000215022,3000215022,3000215022
1984779,10,311,0,99,ZMUN,10,10,10,D011,EUR,02-01-2018,11:59:08,DDP,20,1,MUST,ZMUK,1437499305,9105408416,9105408416,9105408416,9105408416,DDP,3000215022,3000215022,3000215022,3000215022
1984779,10,311,0,99,ZMUN,10,10,10,D011,EUR,02-01-2018,11:59:08,DDP,30,1,MUST,ZMUK,4607696976,9105408416,9105408416,9105408416,9105408416,DDP,3000215022,3000215022,3000215022,3000215022
1984779,10,311,0,99,ZMUN,10,10,10,D011,EUR,02-01-2018,11:59:08,DDP,40,1,MUST,ZMUK,102764365,9105408416,9105408416,9105408416,9105408416,DDP,3000215022,3000215022,3000215022,3000215022
1984780,10,344,32,95,ZMUN,10,10,10,D011,EUR,02-01-2018,11:58:31,FCA,10,1,MUST,ZMUK,2525231458,1512980784,851548071,1512980784,1512980784,FCA,3000466906,3000466906,3000466906,3000208064
1984781,10,520,32,96,ZMUN,10,10,10,D011,EUR,02-01-2018,12:02:30,DDP,10,1,MUST,ZMUK,5165418813,2860042699,9352794312,2860042699,2860042699,DDP,3000937010,3000937010,3000937010,3000208984
1984781,10,520,32,96,ZMUN,10,10,10,D011,EUR,02-01-2018,12:02:30,DDP,20,1,MUST,ZMUK,2738801581,2860042699,9352794312,2860042699,2860042699,DDP,3000937010,3000937010,3000937010,3000208984
1984781,10,520,32,96,ZMUN,10,10,10,D011,EUR,02-01-2018,12:02:30,DDP,21,1,MUST,ZMUP,1183381524,2860042699,9352794312,2860042699,2860042699,DDP,3000937010,3000937010,3000937010,3000208984
1984781,10,520,32,96,ZMUN,10,10,10,D011,EUR,02-01-2018,12:02:30,DDP,22,1,MUST,ZMUP,4774350618,2860042699,9352794312,2860042699,2860042699,DDP,3000937010,3000937010,3000937010,3000208984
1984781,10,520,32,96,ZMUN,10,10,10,D011,EUR,02-01-2018,12:02:30,DDP,23,1,MUST,ZMUP,4726981266,2860042699,9352794312,2860042699,2860042699,DDP,3000937010,3000937010,3000937010,3000208984
1984781,10,520,32,96,ZMUN,10,10,10,D011,EUR,02-01-2018,12:02:30,DDP,24,1,MUST,ZMUP,59574812,2860042699,9352794312,2860042699,2860042699,DDP,3000937010,3000937010,3000937010,3000208984
1984781,10,520,32,96,ZMUN,10,10,10,D011,EUR,02-01-2018,12:02:30,DDP,25,1,MUST,ZMUP,4206905395,2860042699,9352794312,2860042699,2860042699,DDP,3000937010,3000937010,3000937010,3000208984
1984781,10,520,32,96,ZMUN,10,10,10,D011,EUR,02-01-2018,12:02:30,DDP,26,1,MUST,ZMUP,4709412219,2860042699,9352794312,2860042699,2860042699,DDP,3000937010,3000937010,3000937010,3000208984
1984781,10,520,32,96,ZMUN,10,10,10,D011,EUR,02-01-2018,12:02:30,DDP,30,1,MUST,ZMUK,9972642869,2860042699,9352794312,2860042699,2860042699,DDP,3000937010,3000937010,3000937010,3000208984
1984781,10,520,32,96,ZMUN,10,10,10,D011,EUR,02-01-2018,12:02:30,DDP,31,1,MUST,ZMUP,7658599977,2860042699,9352794312,2860042699,2860042699,DDP,3000937010,3000937010,3000937010,3000208984
1984781,10,520,32,96,ZMUN,10,10,10,D011,EUR,02-01-2018,12:02:30,DDP,32,1,MUST,ZMUP,20982611,2860042699,9352794312,2860042699,2860042699,DDP,3000937010,3000937010,3000937010,3000208984
1984781,10,520,32,96,ZMUN,10,10,10,D011,EUR,02-01-2018,12:02:30,DDP,33,1,MUST,ZMUP,2446183652,2860042699,9352794312,2860042699,2860042699,DDP,3000937010,3000937010,3000937010,3000208984
1984781,10,520,32,96,ZMUN,10,10,10,D011,EUR,02-01-2018,12:02:30,DDP,40,1,MUST,ZMUK,3855383268,2860042699,9352794312,2860042699,2860042699,DDP,3000937010,3000937010,3000937010,3000208984
1984781,10,520,32,96,ZMUN,10,10,10,D011,EUR,02-01-2018,12:02:30,DDP,41,1,MUST,ZMUP,1183381524,2860042699,9352794312,2860042699,2860042699,DDP,3000937010,3000937010,3000937010,3000208984
1984781,10,520,32,96,ZMUN,10,10,10,D011,EUR,02-01-2018,12:02:30,DDP,42,1,MUST,ZMUP,8042747455,2860042699,9352794312,2860042699,2860042699,DDP,3000937010,3000937010,3000937010,3000208984
1984781,10,520,32,96,ZMUN,10,10,10,D011,EUR,02-01-2018,12:02:30,DDP,43,1,MUST,ZMUP,7159847367,2860042699,9352794312,2860042699,2860042699,DDP,3000937010,3000937010,3000937010,3000208984
1984781,10,520,32,96,ZMUN,10,10,10,D011,EUR,02-01-2018,12:02:30,DDP,44,1,MUST,ZMUP,7122819908,2860042699,9352794312,2860042699,2860042699,DDP,3000937010,3000937010,3000937010,3000208984
1984782,10,341,32,13,TA,4200,10,10,DK20,DKK,02-01-2018,12:04:46,DDP,10,4200,4200,TAN,7318465437,8738262657,8738262657,1417658093,1417658093,DDP,3000538074,3000222178,3000222178,3000538074
1984783,10,341,32,13,TA,4200,10,10,DK20,DKK,02-01-2018,12:06:49,DDP,10,4200,4200,TAN,7318465437,8738262657,8738262657,1417658093,1417658093,DDP,3000538074,3000222178,3000222178,3000538074
1984784,10,192,54,99,ZMUN,10,10,10,D011,EUR,02-01-2018,12:07:15,CPT,10,1,MUST,ZMUK,7677647477,776954873,776954873,776954873,776954873,CPT,3000494958,3000494958,3000494958,3000494958
1984785,10,520,32,99,ZMUN,5900,10,10,D060,EUR,02-01-2018,12:09:09,DDP,10,5900,5902,ZMUK,5398176848,2860042699,9352794312,2860042699,2860042699,DDP,3000937010,3000937010,3000937010,3000208984
1984785,10,520,32,99,ZMUN,5900,10,10,D060,EUR,02-01-2018,12:09:09,DDP,20,5900,5902,ZMUK,7951591531,2860042699,9352794312,2860042699,2860042699,DDP,3000937010,3000937010,3000937010,3000208984
1984785,10,520,32,99,ZMUN,5900,10,10,D060,EUR,02-01-2018,12:09:09,DDP,30,5900,5902,ZMUK,8168184126,2860042699,9352794312,2860042699,2860042699,DDP,3000937010,3000937010,3000937010,3000208984
1984785,10,520,32,99,ZMUN,5900,10,10,D060,EUR,02-01-2018,12:09:09,DDP,40,5900,5902,ZMUK,8975725832,2860042699,9352794312,2860042699,2860042699,DDP,3000937010,3000937010,3000937010,3000208984
1984785,10,520,32,99,ZMUN,5900,10,10,D060,EUR,02-01-2018,12:09:09,DDP,50,5900,5902,ZMUK,3790993263,2860042699,9352794312,2860042699,2860042699,DDP,3000937010,3000937010,3000937010,3000208984
1984786,10,252,32,96,ZMUN,10,10,10,D011,EUR,02-01-2018,12:07:52,DDP,10,1,MUST,ZMUK,595458577,7143172224,7143172224,7143172224,7143172224,DDP,3000207627,3000207627,3000207627,3000207627
1984787,10,266,42,95,ZMUN,10,10,10,D011,EUR,02-01-2018,12:08:15,FCA,10,1,MUST,ZMUK,8638115881,623522596,623522596,2628197202,2628197202,FCA,3000320364,3000597058,3000597058,3000320364
1984787,10,266,42,95,ZMUN,10,10,10,D011,EUR,02-01-2018,12:08:15,FCA,11,1,MUST,ZMUP,2265985479,623522596,623522596,2628197202,2628197202,FCA,3000320364,3000597058,3000597058,3000320364
1984787,10,266,42,95,ZMUN,10,10,10,D011,EUR,02-01-2018,12:08:15,FCA,12,1,MUST,ZMUP,3755243785,623522596,623522596,2628197202,2628197202,FCA,3000320364,3000597058,3000597058,3000320364
1984787,10,266,42,95,ZMUN,10,10,10,D011,EUR,02-01-2018,12:08:15,FCA,13,1,MUST,ZMUP,422017490,623522596,623522596,2628197202,2628197202,FCA,3000320364,3000597058,3000597058,3000320364
1984787,10,266,42,95,ZMUN,10,10,10,D011,EUR,02-01-2018,12:08:15,FCA,20,1,MUST,ZMUK,8950976683,623522596,623522596,2628197202,2628197202,FCA,3000320364,3000597058,3000597058,3000320364
1984787,10,266,42,95,ZMUN,10,10,10,D011,EUR,02-01-2018,12:08:15,FCA,21,1,MUST,ZMUP,7453658291,623522596,623522596,2628197202,2628197202,FCA,3000320364,3000597058,3000597058,3000320364
1984787,10,266,42,95,ZMUN,10,10,10,D011,EUR,02-01-2018,12:08:15,FCA,22,1,MUST,ZMUP,3755243785,623522596,623522596,2628197202,2628197202,FCA,3000320364,3000597058,3000597058,3000320364
1984787,10,266,42,95,ZMUN,10,10,10,D011,EUR,02-01-2018,12:08:15,FCA,23,1,MUST,ZMUP,422017490,623522596,623522596,2628197202,2628197202,FCA,3000320364,3000597058,3000597058,3000320364
1984787,10,266,42,95,ZMUN,10,10,10,D011,EUR,02-01-2018,12:08:15,FCA,30,1,MUST,ZMUK,1726290193,623522596,623522596,2628197202,2628197202,FCA,3000320364,3000597058,3000597058,3000320364
1984787,10,266,42,95,ZMUN,10,10,10,D011,EUR,02-01-2018,12:08:15,FCA,31,1,MUST,ZMUP,20038082,623522596,623522596,2628197202,2628197202,FCA,3000320364,3000597058,3000597058,3000320364
1984787,10,266,42,95,ZMUN,10,10,10,D011,EUR,02-01-2018,12:08:15,FCA,32,1,MUST,ZMUP,3755243785,623522596,623522596,2628197202,2628197202,FCA,3000320364,3000597058,3000597058,3000320364
1984787,10,266,42,95,ZMUN,10,10,10,D011,EUR,02-01-2018,12:08:15,FCA,33,1,MUST,ZMUP,422017490,623522596,623522596,2628197202,2628197202,FCA,3000320364,3000597058,3000597058,3000320364
1984787,10,266,42,95,ZMUN,10,10,10,D011,EUR,02-01-2018,12:08:15,FCA,40,1,MUST,ZMUK,5597700925,623522596,623522596,2628197202,2628197202,FCA,3000320364,3000597058,3000597058,3000320364
1984787,10,266,42,95,ZMUN,10,10,10,D011,EUR,02-01-2018,12:08:15,FCA,41,1,MUST,ZMUP,3803706522,623522596,623522596,2628197202,2628197202,FCA,3000320364,3000597058,3000597058,3000320364
1984787,10,266,42,95,ZMUN,10,10,10,D011,EUR,02-01-2018,12:08:15,FCA,42,1,MUST,ZMUP,5268678379,623522596,623522596,2628197202,2628197202,FCA,3000320364,3000597058,3000597058,3000320364
1984787,10,266,42,95,ZMUN,10,10,10,D011,EUR,02-01-2018,12:08:15,FCA,43,1,MUST,ZMUP,3755243785,623522596,623522596,2628197202,2628197202,FCA,3000320364,3000597058,3000597058,3000320364
1984787,10,266,42,95,ZMUN,10,10,10,D011,EUR,02-01-2018,12:08:15,FCA,44,1,MUST,ZMUP,422017490,623522596,623522596,2628197202,2628197202,FCA,3000320364,3000597058,3000597058,3000320364
1984787,10,266,42,95,ZMUN,10,10,10,D011,EUR,02-01-2018,12:08:15,FCA,50,1,MUST,ZMUK,1995787833,623522596,623522596,2628197202,2628197202,FCA,3000320364,3000597058,3000597058,3000320364
1984787,10,266,42,95,ZMUN,10,10,10,D011,EUR,02-01-2018,12:08:15,FCA,51,1,MUST,ZMUP,1947740887,623522596,623522596,2628197202,2628197202,FCA,3000320364,3000597058,3000597058,3000320364
1984787,10,266,42,95,ZMUN,10,10,10,D011,EUR,02-01-2018,12:08:15,FCA,52,1,MUST,ZMUP,7458012179,623522596,623522596,2628197202,2628197202,FCA,3000320364,3000597058,3000597058,3000320364
1984787,10,266,42,95,ZMUN,10,10,10,D011,EUR,02-01-2018,12:08:15,FCA,53,1,MUST,ZMUP,3742584100,623522596,623522596,2628197202,2628197202,FCA,3000320364,3000597058,3000597058,3000320364
1984787,10,266,42,95,ZMUN,10,10,10,D011,EUR,02-01-2018,12:08:15,FCA,54,1,MUST,ZMUP,5268678379,623522596,623522596,2628197202,2628197202,FCA,3000320364,3000597058,3000597058,3000320364
1984787,10,266,42,95,ZMUN,10,10,10,D011,EUR,02-01-2018,12:08:15,FCA,55,1,MUST,ZMUP,3755243785,623522596,623522596,2628197202,2628197202,FCA,3000320364,3000597058,3000597058,3000320364
1984787,10,266,42,95,ZMUN,10,10,10,D011,EUR,02-01-2018,12:08:15,FCA,56,1,MUST,ZMUP,422017490,623522596,623522596,2628197202,2628197202,FCA,3000320364,3000597058,3000597058,3000320364
1984788,10,588,0,1,TA,10,10,10,D011,EUR,02-01-2018,12:08:47,CIP,10,1,1,TAN,2500955230,1606398408,7119552338,1606398408,1606398408,CIP,3000641501,3000641501,3000641501,3000417805
1984789,10,520,32,99,ZMUN,5900,10,10,D060,EUR,02-01-2018,12:14:21,DDP,10,5900,5902,ZMUK,2277163746,2860042699,9352794312,2860042699,2860042699,DDP,3000937010,3000937010,3000937010,3000208984
1984789,10,520,32,99,ZMUN,5900,10,10,D060,EUR,02-01-2018,12:14:21,DDP,20,5900,5902,ZMUK,4880097256,2860042699,9352794312,2860042699,2860042699,DDP,3000937010,3000937010,3000937010,3000208984
1984790,10,547,32,1,TA,10,10,10,D011,EUR,02-01-2018,11:59:15,DDP,10,1,1,TAN,6694571209,9750697446,9750697446,9750697446,9750697446,DDP,3000207599,3000207599,3000207599,3000207599
1984791,10,224,3,1,TA,1300,10,10,D015,EUR,02-01-2018,11:46:08,DDP,10,1300,1300,TAN,6608374387,4491791508,4491791508,4491791508,4491791508,DDP,3000511657,3000511657,3000511657,3000511657
1984791,10,224,3,1,TA,1300,10,10,D015,EUR,02-01-2018,11:46:08,DDP,20,1300,1300,TAN,4190627498,4491791508,4491791508,4491791508,4491791508,DDP,3000511657,3000511657,3000511657,3000511657
1984791,10,224,3,1,TA,1300,10,10,D015,EUR,02-01-2018,11:46:08,DDP,30,1300,1300,TAN,6035667373,4491791508,4491791508,4491791508,4491791508,DDP,3000511657,3000511657,3000511657,3000511657
1984791,10,224,3,1,TA,1300,10,10,D015,EUR,02-01-2018,11:46:08,DDP,40,1300,1300,TAN,4260253952,4491791508,4491791508,4491791508,4491791508,DDP,3000511657,3000511657,3000511657,3000511657
1984791,10,224,3,1,TA,1300,10,10,D015,EUR,02-01-2018,11:46:08,DDP,50,1300,1300,TAN,4822003008,4491791508,4491791508,4491791508,4491791508,DDP,3000511657,3000511657,3000511657,3000511657
1984792,10,344,32,1,ZMUN,10,10,10,D011,EUR,02-01-2018,12:17:03,DDP,10,1,1,ZMUK,626453711,1512980784,851548071,1512980784,1512980784,DDP,3000466906,3000466906,3000466906,3000208064
1984793,10,818,95,98,ZMUN,10,10,10,D011,EUR,02-01-2018,12:21:05,CIP,10,1,MUST,ZMUK,2149235866,8033528646,5876362661,5553593897,8033528646,CIP,3000219619,3000459581,3000219619,3000326368
1984793,10,818,95,98,ZMUN,10,10,10,D011,EUR,02-01-2018,12:21:05,CIP,20,1,MUST,ZMUK,2593985611,8033528646,5876362661,5553593897,8033528646,CIP,3000219619,3000459581,3000219619,3000326368
1984794,10,192,32,99,ZMUN,1300,10,10,D015,EUR,02-01-2018,12:21:49,DDP,10,1300,1301,ZMUK,8471236765,5300596642,5300596642,5300596642,5300596642,DDP,3000205785,3000205785,3000205785,3000205785
1984794,10,192,32,99,ZMUN,1300,10,10,D015,EUR,02-01-2018,12:21:49,DDP,20,1300,1301,ZMUK,8471236765,5300596642,5300596642,5300596642,5300596642,DDP,3000205785,3000205785,3000205785,3000205785
1984794,10,192,32,99,ZMUN,1300,10,10,D015,EUR,02-01-2018,12:21:49,DDP,30,1300,1301,ZMUK,8471236765,5300596642,5300596642,5300596642,5300596642,DDP,3000205785,3000205785,3000205785,3000205785
1984794,10,192,32,99,ZMUN,1300,10,10,D015,EUR,02-01-2018,12:21:49,DDP,40,1300,1301,ZMUK,8471236765,5300596642,5300596642,5300596642,5300596642,DDP,3000205785,3000205785,3000205785,3000205785
1984795,10,998,33,98,ZMUN,10,10,10,D011,EUR,02-01-2018,12:27:26,DDP,10,1,MUST,ZMUK,7677647477,689020651,689020651,689020651,689020651,DDP,3000405457,3000405457,3000405457,3000405457
1984796,10,192,32,99,ZMUN,1300,10,10,D015,EUR,02-01-2018,12:27:09,DDP,10,1300,1301,ZMUK,9513662069,5300596642,5300596642,5300596642,5300596642,DDP,3000205785,3000205785,3000205785,3000205785
1984796,10,192,32,99,ZMUN,1300,10,10,D015,EUR,02-01-2018,12:27:09,DDP,20,1300,1301,ZMUK,9513662069,5300596642,5300596642,5300596642,5300596642,DDP,3000205785,3000205785,3000205785,3000205785
1984796,10,192,32,99,ZMUN,1300,10,10,D015,EUR,02-01-2018,12:27:09,DDP,30,1300,1301,ZMUK,9513662069,5300596642,5300596642,5300596642,5300596642,DDP,3000205785,3000205785,3000205785,3000205785
1984796,10,192,32,99,ZMUN,1300,10,10,D015,EUR,02-01-2018,12:27:09,DDP,40,1300,1301,ZMUK,9513662069,5300596642,5300596642,5300596642,5300596642,DDP,3000205785,3000205785,3000205785,3000205785
1984796,10,192,32,99,ZMUN,1300,10,10,D015,EUR,02-01-2018,12:27:09,DDP,50,1300,1301,ZMUK,9513662069,5300596642,5300596642,5300596642,5300596642,DDP,3000205785,3000205785,3000205785,3000205785
1984796,10,192,32,99,ZMUN,1300,10,10,D015,EUR,02-01-2018,12:27:09,DDP,60,1300,1301,ZMUK,9513662069,5300596642,5300596642,5300596642,5300596642,DDP,3000205785,3000205785,3000205785,3000205785
1984796,10,192,32,99,ZMUN,1300,10,10,D015,EUR,02-01-2018,12:27:09,DDP,70,1300,1301,ZMUK,9513662069,5300596642,5300596642,5300596642,5300596642,DDP,3000205785,3000205785,3000205785,3000205785
1984796,10,192,32,99,ZMUN,1300,10,10,D015,EUR,02-01-2018,12:27:09,DDP,80,1300,1301,ZMUK,9513662069,5300596642,5300596642,5300596642,5300596642,DDP,3000205785,3000205785,3000205785,3000205785
1984797,10,269,3,1,TA,1600,10,10,NL80,EUR,02-01-2018,11:54:06,DDP,10,1600,1600,TAN,8874984043,165144788,165144788,165144788,165144788,DDP,3000434570,3000434570,3000434570,3000434570
1984798,10,439,33,5,TA,300,10,10,NL30,EUR,02-01-2018,12:30:10,FCA,10,310,300,TAN,4067202906,4925749318,2513791855,4925749318,4925749318,FCA,3000546892,3000546892,3000546892,3000480614
1984798,10,439,33,5,TA,300,10,10,NL30,EUR,02-01-2018,12:30:10,FCA,20,310,300,ZTCH,4067202906,4925749318,2513791855,4925749318,4925749318,FCA,3000546892,3000546892,3000546892,3000480614
1984799,10,789,32,5,TA,10,10,10,D011,EUR,02-01-2018,12:29:39,FCA,10,1,1,TAN,9694735260,851548071,1488654573,851548071,851548071,FCA,3000208064,3000208064,3000208064,3000485258
1984800,10,767,C6,1,TA,10,10,10,D011,EUR,02-01-2018,12:30:56,DDP,10,1,1,TAN,9464310666,7048107123,7048107123,9927335532,9927335532,DDP,3000426869,3000223395,3000223395,3000426869
1984800,10,767,C6,1,TA,10,10,10,D011,EUR,02-01-2018,12:30:56,DDP,20,1,1,TAN,1067635273,7048107123,7048107123,9927335532,9927335532,DDP,3000426869,3000223395,3000223395,3000426869
1984801,10,998,54,98,ZMUN,10,10,10,D011,EUR,02-01-2018,12:30:22,DDP,10,1,MUST,ZMUK,7677647477,2224652438,2224652438,2224652438,2224652438,DDP,3000463353,3000463353,3000463353,3000463353
1984802,10,210,32,1,TA,10,10,10,D011,EUR,02-01-2018,12:35:02,DDP,10,1,1,TAN,3127350135,8198201053,8198201053,9812203623,9812203623,DDP,3000934027,3000570767,3000570767,3000934027
1984802,10,210,32,1,TA,10,10,10,D011,EUR,02-01-2018,12:35:02,DDP,20,1,1,ZTCH,3127350135,8198201053,8198201053,9812203623,9812203623,DDP,3000934027,3000570767,3000570767,3000934027
1984803,10,209,232,1,TA,1300,10,10,D015,EUR,02-01-2018,12:33:48,DDP,10,1300,1300,TAN,3070300385,2394229854,2394229854,2394229854,2394229854,DDP,3000207598,3000207598,3000207598,3000207598
1984803,10,209,232,1,TA,1300,10,10,D015,EUR,02-01-2018,12:33:48,DDP,20,1300,1300,TAN,9538877677,2394229854,2394229854,2394229854,2394229854,DDP,3000207598,3000207598,3000207598,3000207598
1984804,10,210,242,1,ZIA,1600,10,10,NL80,EUR,02-01-2018,12:38:08,DDP,10,1600,1600,TAN,1467746818,1446844503,1446844503,1446844503,1446844503,DDP,3000207181,3000207181,3000207181,3000207181
1984805,10,789,32,5,TA,10,10,10,D011,EUR,02-01-2018,12:38:36,FCA,10,1,1,TAN,740293092,851548071,851548071,851548071,851548071,FCA,3000208064,3000208064,3000208064,3000208064
1984805,10,789,32,5,TA,10,10,10,D011,EUR,02-01-2018,12:38:36,FCA,20,1,1,TAN,458410436,851548071,851548071,851548071,851548071,FCA,3000208064,3000208064,3000208064,3000208064
1984806,10,789,32,5,TA,10,10,10,D011,EUR,02-01-2018,12:44:25,FCA,10,1,1,TAN,2831433498,851548071,851548071,851548071,851548071,FCA,3000208064,3000208064,3000208064,3000208064
1984807,10,,,99,ZMUN,10,10,10,D011,EUR,02-01-2018,12:44:14,,10,1,MUST,ZMUK,3937880614,4127490320,4127490320,4127490320,4127490320,,3000225379,3000225379,3000225379,3000225379
1984808,10,419,42,1,TA,10,10,10,D011,EUR,02-01-2018,12:49:17,DDP,10,1,1,TAN,4281054098,6638797984,6638797984,6638797984,6638797984,DDP,3000208232,3000208232,3000208232,3000208232
1984808,10,419,42,1,TA,10,10,10,D011,EUR,02-01-2018,12:49:17,DDP,20,1,1,ZTCH,4281054098,6638797984,6638797984,6638797984,6638797984,DDP,3000208232,3000208232,3000208232,3000208232
1984809,10,789,32,5,TA,10,10,10,D011,EUR,02-01-2018,12:50:46,FCA,10,1,1,TAN,5707111320,851548071,1488654573,851548071,851548071,FCA,3000208064,3000208064,3000208064,3000485258
1984810,10,282,33,13,TA,700,10,10,PL10,EUR,02-01-2018,11:29:11,DAP,10,700,700,TAN,2281857588,5830915004,4660146882,5830915004,5830915004,DAP,3000430839,3000430839,3000430839,3000452810
1984810,10,282,33,13,TA,700,10,10,PL10,EUR,02-01-2018,11:29:11,DAP,20,700,700,TAN,4842853152,5830915004,4660146882,5830915004,5830915004,DAP,3000430839,3000430839,3000430839,3000452810
1984812,10,925,EV13,1,TA,10,10,10,D011,GBP,02-01-2018,12:58:08,DDP,10,1,1,TAN,6327625105,9976742891,9976742891,9976742891,9976742891,DDP,3000214728,3000214728,3000214728,3000214728
1984813,10,257,32,99,ZMUN,10,10,10,D011,EUR,02-01-2018,13:01:59,DAP,10,1,MUST,ZMUK,1386085906,8000226800,8659298878,8000226800,8000226800,DAP,3000329937,3000329937,3000329937,3000221569
1984813,10,257,32,99,ZMUN,10,10,10,D011,EUR,02-01-2018,13:01:59,DAP,11,1,MUST,ZMUP,7923918906,8000226800,8659298878,8000226800,8000226800,DAP,3000329937,3000329937,3000329937,3000221569
1984813,10,257,32,99,ZMUN,10,10,10,D011,EUR,02-01-2018,13:01:59,DAP,12,1,MUST,ZMUP,5894449533,8000226800,8659298878,8000226800,8000226800,DAP,3000329937,3000329937,3000329937,3000221569
1984813,10,257,32,99,ZMUN,10,10,10,D011,EUR,02-01-2018,13:01:59,DAP,13,1,MUST,ZMUP,2231879563,8000226800,8659298878,8000226800,8000226800,DAP,3000329937,3000329937,3000329937,3000221569
1984813,10,257,32,99,ZMUN,10,10,10,D011,EUR,02-01-2018,13:01:59,DAP,14,1,MUST,ZMUP,6052052580,8000226800,8659298878,8000226800,8000226800,DAP,3000329937,3000329937,3000329937,3000221569
1984813,10,257,32,99,ZMUN,10,10,10,D011,EUR,02-01-2018,13:01:59,DAP,15,1,MUST,ZMUP,1598676124,8000226800,8659298878,8000226800,8000226800,DAP,3000329937,3000329937,3000329937,3000221569
1984813,10,257,32,99,ZMUN,10,10,10,D011,EUR,02-01-2018,13:01:59,DAP,16,1,MUST,ZMUP,5268678379,8000226800,8659298878,8000226800,8000226800,DAP,3000329937,3000329937,3000329937,3000221569
1984813,10,257,32,99,ZMUN,10,10,10,D011,EUR,02-01-2018,13:01:59,DAP,17,1,MUST,ZMUP,422017490,8000226800,8659298878,8000226800,8000226800,DAP,3000329937,3000329937,3000329937,3000221569
1984813,10,257,32,99,ZMUN,10,10,10,D011,EUR,02-01-2018,13:01:59,DAP,20,1,MUST,ZMUK,4504808727,8000226800,8659298878,8000226800,8000226800,DAP,3000329937,3000329937,3000329937,3000221569
1984813,10,257,32,99,ZMUN,10,10,10,D011,EUR,02-01-2018,13:01:59,DAP,21,1,MUST,ZMUP,7923918906,8000226800,8659298878,8000226800,8000226800,DAP,3000329937,3000329937,3000329937,3000221569
1984813,10,257,32,99,ZMUN,10,10,10,D011,EUR,02-01-2018,13:01:59,DAP,22,1,MUST,ZMUP,9261247963,8000226800,8659298878,8000226800,8000226800,DAP,3000329937,3000329937,3000329937,3000221569
1984813,10,257,32,99,ZMUN,10,10,10,D011,EUR,02-01-2018,13:01:59,DAP,23,1,MUST,ZMUP,5894449533,8000226800,8659298878,8000226800,8000226800,DAP,3000329937,3000329937,3000329937,3000221569
1984813,10,257,32,99,ZMUN,10,10,10,D011,EUR,02-01-2018,13:01:59,DAP,24,1,MUST,ZMUP,2231879563,8000226800,8659298878,8000226800,8000226800,DAP,3000329937,3000329937,3000329937,3000221569
1984813,10,257,32,99,ZMUN,10,10,10,D011,EUR,02-01-2018,13:01:59,DAP,25,1,MUST,ZMUP,6052052580,8000226800,8659298878,8000226800,8000226800,DAP,3000329937,3000329937,3000329937,3000221569
1984813,10,257,32,99,ZMUN,10,10,10,D011,EUR,02-01-2018,13:01:59,DAP,26,1,MUST,ZMUP,1598676124,8000226800,8659298878,8000226800,8000226800,DAP,3000329937,3000329937,3000329937,3000221569
1984813,10,257,32,99,ZMUN,10,10,10,D011,EUR,02-01-2018,13:01:59,DAP,27,1,MUST,ZMUP,5268678379,8000226800,8659298878,8000226800,8000226800,DAP,3000329937,3000329937,3000329937,3000221569
1984813,10,257,32,99,ZMUN,10,10,10,D011,EUR,02-01-2018,13:01:59,DAP,28,1,MUST,ZMUP,422017490,8000226800,8659298878,8000226800,8000226800,DAP,3000329937,3000329937,3000329937,3000221569
1984814,10,796,27,1,TA,700,10,10,PL10,PLN,02-01-2018,13:00:59,DDP,10,700,700,TAN,4199796725,4288494763,4288494763,4288494763,4288494763,DDP,3000629130,3000629130,3000629130,3000629130
1984814,10,796,27,1,TA,700,10,10,PL10,PLN,02-01-2018,13:00:59,DDP,20,700,700,TAN,9224306263,4288494763,4288494763,4288494763,4288494763,DDP,3000629130,3000629130,3000629130,3000629130
1984815,10,209,112,1,TA,10,10,10,D011,EUR,02-01-2018,13:05:26,DDP,10,1,1,TAN,9096845246,3948918414,3948918414,3948918414,3948918414,DDP,3000206765,3000206765,3000206765,3000206765
1984817,10,341,32,13,TA,4200,10,10,DK20,EUR,02-01-2018,13:05:04,DDP,10,4200,4200,TAN,997776643,4578244322,3111843354,4578244322,4578244322,DDP,3000538252,3000538252,3000538252,3000627415
1984817,10,341,32,13,TA,4200,10,10,DK20,EUR,02-01-2018,13:05:04,DDP,20,4200,4200,TAN,3521191974,4578244322,3111843354,4578244322,4578244322,DDP,3000538252,3000538252,3000538252,3000627415
1984817,10,341,32,13,TA,4200,10,10,DK20,EUR,02-01-2018,13:05:04,DDP,30,4200,4200,TAN,627899722,4578244322,3111843354,4578244322,4578244322,DDP,3000538252,3000538252,3000538252,3000627415
1984817,10,341,32,13,TA,4200,10,10,DK20,EUR,02-01-2018,13:05:04,DDP,40,4200,4200,TAN,5355666770,4578244322,3111843354,4578244322,4578244322,DDP,3000538252,3000538252,3000538252,3000627415
1984817,10,341,32,13,TA,4200,10,10,DK20,EUR,02-01-2018,13:05:04,DDP,50,4200,4200,TAN,4135962727,4578244322,3111843354,4578244322,4578244322,DDP,3000538252,3000538252,3000538252,3000627415
1984817,10,341,32,13,TA,4200,10,10,DK20,EUR,02-01-2018,13:05:04,DDP,60,4200,4200,TAN,3958370075,4578244322,3111843354,4578244322,4578244322,DDP,3000538252,3000538252,3000538252,3000627415
1984818,10,209,3,5,TA,300,10,10,NL30,EUR,02-01-2018,13:12:12,FCA,10,310,301,TAN,1818147265,7994097160,9749737000,7994097160,7994097160,FCA,3000206861,3000206861,3000206861,3000210596
1984818,10,209,3,5,TA,300,10,10,NL30,EUR,02-01-2018,13:12:12,FCA,20,310,301,TAN,9728317924,7994097160,9749737000,7994097160,7994097160,FCA,3000206861,3000206861,3000206861,3000210596
1984819,10,250,33,1,TA,10,10,10,D011,EUR,02-01-2018,13:14:25,DDP,10,1,1,TAN,5571445068,1678542847,1678542847,9198940849,9198940849,DDP,3000207254,3000458026,3000458026,3000207254
1984819,10,250,33,1,TA,10,10,10,D011,EUR,02-01-2018,13:14:25,DDP,20,1,1,ZTCH,5571445068,1678542847,1678542847,9198940849,9198940849,DDP,3000207254,3000458026,3000458026,3000207254
1984819,10,250,33,1,TA,10,10,10,D011,EUR,02-01-2018,13:14:25,DDP,30,1,1,TAN,4887320796,1678542847,1678542847,9198940849,9198940849,DDP,3000207254,3000458026,3000458026,3000207254
1984819,10,250,33,1,TA,10,10,10,D011,EUR,02-01-2018,13:14:25,DDP,40,1,1,ZTCH,4887320796,1678542847,1678542847,9198940849,9198940849,DDP,3000207254,3000458026,3000458026,3000207254
1984819,10,250,33,1,TA,10,10,10,D011,EUR,02-01-2018,13:14:25,DDP,50,1,1,TAN,9953442474,1678542847,1678542847,9198940849,9198940849,DDP,3000207254,3000458026,3000458026,3000207254
1984819,10,250,33,1,TA,10,10,10,D011,EUR,02-01-2018,13:14:25,DDP,60,1,1,ZTCH,9953442474,1678542847,1678542847,9198940849,9198940849,DDP,3000207254,3000458026,3000458026,3000207254
1984820,10,290,EV22,27,TA,1300,10,10,D015,EUR,02-01-2018,13:14:18,CIF,10,1300,1300,TAN,420380606,3356957577,3356957577,3356957577,3356957577,CIF,3000221710,3000221710,3000221710,3000221710
1984820,10,290,EV22,27,TA,1300,10,10,D015,EUR,02-01-2018,13:14:18,CIF,20,1300,1300,ZTCH,420380606,3356957577,3356957577,3356957577,3356957577,CIF,3000221710,3000221710,3000221710,3000221710
1984821,10,266,32,5,TA,300,60,10,NL30,EUR,02-01-2018,13:16:29,FCA,10,310,300,TAN,7669388773,9339024510,3631163807,9339024510,9339024510,FCA,3000215418,3000215418,3000215418,3000644635
1984822,10,266,32,5,TA,300,10,10,NL30,EUR,02-01-2018,13:18:18,FCA,10,310,300,TAN,7777811243,9339024510,3631163807,9339024510,9339024510,FCA,3000215418,3000215418,3000215418,3000644635
1984823,10,192,32,96,ZMUN,300,10,10,NL30,EUR,02-01-2018,13:19:26,DDP,10,310,302,ZMUK,8471236765,5300596642,5300596642,5300596642,5300596642,DDP,3000205785,3000205785,3000205785,3000205785
1984824,10,540,10-May,1,TA,10,10,10,D011,EUR,02-01-2018,12:10:43,CIP,10,1,1,TAN,9771750905,3286367465,981531336,3286367465,3286367465,CIP,3000209212,3000209212,3000209212,3000464483
1984824,10,540,10-May,1,TA,10,10,10,D011,EUR,02-01-2018,12:10:43,CIP,20,1,1,TAN,3245825176,3286367465,981531336,3286367465,3286367465,CIP,3000209212,3000209212,3000209212,3000464483
1984824,10,540,10-May,1,TA,10,10,10,D011,EUR,02-01-2018,12:10:43,CIP,30,1,1,TAN,3027229261,3286367465,981531336,3286367465,3286367465,CIP,3000209212,3000209212,3000209212,3000464483
1984824,10,540,10-May,1,TA,10,10,10,D011,EUR,02-01-2018,12:10:43,CIP,40,1,1,TAN,1842688008,3286367465,981531336,3286367465,3286367465,CIP,3000209212,3000209212,3000209212,3000464483
1984824,10,540,10-May,1,TA,10,10,10,D011,EUR,02-01-2018,12:10:43,CIP,50,1,1,TAN,4075601252,3286367465,981531336,3286367465,3286367465,CIP,3000209212,3000209212,3000209212,3000464483
1984824,10,540,10-May,1,TA,10,10,10,D011,EUR,02-01-2018,12:10:43,CIP,60,1,1,TAN,1490427761,3286367465,981531336,3286367465,3286367465,CIP,3000209212,3000209212,3000209212,3000464483
1984824,10,540,10-May,1,TA,10,10,10,D011,EUR,02-01-2018,12:10:43,CIP,70,1,1,TAN,4380313400,3286367465,981531336,3286367465,3286367465,CIP,3000209212,3000209212,3000209212,3000464483
1984825,10,361,3,33,TA,2200,10,10,D300,EUR,02-01-2018,13:19:55,DDP,10,2200,2200,TAN,3298593366,8447574286,8447574286,8447574286,8447574286,DDP,3000932825,3000932825,3000932825,3000932825
1984826,10,361,3,98,ZMUN,10,10,10,D011,EUR,02-01-2018,13:14:38,DDP,10,1,MUST,ZMUK,3932375848,3175827744,3175827744,3175827744,3175827744,DDP,3000512796,3000512796,3000512796,3000512796
1984826,10,361,3,98,ZMUN,10,10,10,D011,EUR,02-01-2018,13:14:38,DDP,20,1,MUST,ZMUK,2912023914,3175827744,3175827744,3175827744,3175827744,DDP,3000512796,3000512796,3000512796,3000512796
1984826,10,361,3,98,ZMUN,10,10,10,D011,EUR,02-01-2018,13:14:38,DDP,30,1,MUST,ZMUK,4947526490,3175827744,3175827744,3175827744,3175827744,DDP,3000512796,3000512796,3000512796,3000512796
1984826,10,361,3,98,ZMUN,10,10,10,D011,EUR,02-01-2018,13:14:38,DDP,40,1,MUST,ZMUK,762929785,3175827744,3175827744,3175827744,3175827744,DDP,3000512796,3000512796,3000512796,3000512796
1984827,10,266,32,5,TA,300,10,10,NL30,EUR,02-01-2018,13:21:08,FCA,10,310,300,TAN,584588563,9339024510,2913511912,9339024510,9339024510,FCA,3000215418,3000215418,3000215418,3000523336
1984827,10,266,32,5,TA,300,10,10,NL30,EUR,02-01-2018,13:21:08,FCA,20,310,300,TAN,8517011835,9339024510,2913511912,9339024510,9339024510,FCA,3000215418,3000215418,3000215418,3000523336
1984828,10,250,33,99,ZMUN,10,10,10,D011,EUR,02-01-2018,13:17:19,DDP,10,1,MUST,ZMUK,2057647036,1678542847,1678542847,9198940849,9198940849,DDP,3000207254,3000458026,3000458026,3000207254
1984829,10,938,32,1,TA,10,10,10,D011,EUR,02-01-2018,13:22:14,DDP,10,1,1,TAN,2694032422,5004943138,7899026069,8729244759,8729244759,DDP,3000219460,3000492801,3000492801,3000538436
1984830,1500,,EV21,27,TA,1300,60,10,D015,EUR,02-01-2018,13:21:16,CIF,10,1300,1300,TAN,420380606,3356957577,3356957577,3356957577,3356957577,CIF,3000221710,3000221710,3000221710,3000221710
1984830,1500,,EV21,27,TA,1300,60,10,D015,EUR,02-01-2018,13:21:16,CIF,20,1300,1300,ZTCH,420380606,3356957577,3356957577,3356957577,3356957577,CIF,3000221710,3000221710,3000221710,3000221710
1984831,300,,32,33,TA,300,90,10,NL30,EUR,02-01-2018,13:24:11,DDP,10,310,300,TAN,1775774807,5004943138,7899026069,8729244759,8729244759,DDP,3000219460,3000492801,3000492801,3000538436
1984832,10,436,3,1,TA,10,10,10,D011,EUR,02-01-2018,13:23:19,DDP,40,1,1,TAN,6081485943,7238327632,474592587,474592587,474592587,DDP,3000426755,3000209273,3000209273,3000209273
1984832,10,436,3,1,TA,10,10,10,D011,EUR,02-01-2018,13:23:19,DDP,50,1,1,ZTCH,6081485943,7238327632,474592587,474592587,474592587,DDP,3000426755,3000209273,3000209273,3000209273
1984833,10,938,32,33,TA,300,10,10,NL30,EUR,02-01-2018,13:25:32,DDP,10,310,300,TAN,37168548,5004943138,7899026069,8729244759,8729244759,DDP,3000219460,3000492801,3000492801,3000538436
1984834,10,436,3,1,TA,10,10,10,D011,EUR,02-01-2018,13:26:01,DDP,140,1,1,TAN,8049804620,7238327632,474592587,474592587,474592587,DDP,3000426755,3000209273,3000209273,3000209273
1984834,10,436,3,1,TA,10,10,10,D011,EUR,02-01-2018,13:26:01,DDP,150,1,1,ZTCH,8049804620,7238327632,474592587,474592587,474592587,DDP,3000426755,3000209273,3000209273,3000209273
1984835,10,645,0,98,ZMUN,1300,10,10,D015,EUR,02-01-2018,13:25:02,DDP,10,1300,1301,ZMUK,6602400248,3861309655,3861309655,3861309655,3861309655,DDP,3000356581,3000356581,3000356581,3000356581
1984835,10,645,0,98,ZMUN,1300,10,10,D015,EUR,02-01-2018,13:25:02,DDP,20,1300,1301,ZMUK,6602400248,3861309655,3861309655,3861309655,3861309655,DDP,3000356581,3000356581,3000356581,3000356581
1984836,10,323,32,98,ZMUN,10,10,10,D011,USD,02-01-2018,13:23:24,DDP,10,1,MUST,ZMUK,7677647477,5962952993,5183073869,744697549,744697549,DDP,3000209299,3000425615,3000425615,3000502433
1984837,10,436,3,1,TA,10,10,10,D011,EUR,02-01-2018,13:28:00,DDP,60,1,1,TAN,4912428468,7238327632,474592587,474592587,474592587,DDP,3000426755,3000209273,3000209273,3000209273
1984837,10,436,3,1,TA,10,10,10,D011,EUR,02-01-2018,13:28:00,DDP,70,1,1,ZTCH,4912428468,7238327632,474592587,474592587,474592587,DDP,3000426755,3000209273,3000209273,3000209273
1984838,10,301,0,1,TA,300,90,10,NL30,EUR,02-01-2018,13:26:55,DDP,20,310,300,TAN,6569108817,9044453791,9044453791,9044453791,9044453791,DDP,3000206692,3000206692,3000206692,3000206692
1984838,10,301,0,1,TA,300,90,10,NL30,EUR,02-01-2018,13:26:55,DDP,30,310,300,TAN,8624003725,9044453791,9044453791,9044453791,9044453791,DDP,3000206692,3000206692,3000206692,3000206692
1984838,10,301,0,1,TA,300,90,10,NL30,EUR,02-01-2018,13:26:55,DDP,50,310,300,TAN,8834821375,9044453791,9044453791,9044453791,9044453791,DDP,3000206692,3000206692,3000206692,3000206692
1984839,10,436,3,1,TA,10,10,10,D011,EUR,02-01-2018,13:29:39,DDP,120,1,1,TAN,7881966295,7238327632,474592587,474592587,474592587,DDP,3000426755,3000209273,3000209273,3000209273
1984839,10,436,3,1,TA,10,10,10,D011,EUR,02-01-2018,13:29:39,DDP,130,1,1,ZTCH,7881966295,7238327632,474592587,474592587,474592587,DDP,3000426755,3000209273,3000209273,3000209273
1984840,10,978,54,98,ZMUN,1200,10,10,TR10,TRY,02-01-2018,13:29:48,DAP,10,1200,1202,ZMUK,8558770051,7192730285,7192730285,7192730285,7192730285,DAP,3000614389,3000614389,3000614389,3000614389
1984841,10,301,0,1,TA,300,90,10,NL30,EUR,02-01-2018,13:29:33,DDP,10,310,300,TAN,6422285180,9044453791,9044453791,9044453791,9044453791,DDP,3000206692,3000206692,3000206692,3000206692
1984841,10,301,0,1,TA,300,90,10,NL30,EUR,02-01-2018,13:29:33,DDP,60,310,300,TAN,7757053606,9044453791,9044453791,9044453791,9044453791,DDP,3000206692,3000206692,3000206692,3000206692
1984841,10,301,0,1,TA,300,90,10,NL30,EUR,02-01-2018,13:29:33,DDP,70,310,300,TAN,4305080380,9044453791,9044453791,9044453791,9044453791,DDP,3000206692,3000206692,3000206692,3000206692
1984841,10,301,0,1,TA,300,90,10,NL30,EUR,02-01-2018,13:29:33,DDP,80,310,300,TAN,6446382012,9044453791,9044453791,9044453791,9044453791,DDP,3000206692,3000206692,3000206692,3000206692
1984842,10,735,,98,ZMUN,10,10,10,D011,EUR,02-01-2018,13:30:41,DDP,10,1,MUST,ZMUK,5773736454,1424081217,7898182048,1424081217,1424081217,DDP,3000546466,3000546466,3000546466,3000537306
1984843,10,436,3,1,TA,10,10,10,D011,EUR,02-01-2018,13:31:34,DDP,80,1,1,TAN,1242225793,7238327632,474592587,474592587,474592587,DDP,3000426755,3000209273,3000209273,3000209273
1984843,10,436,3,1,TA,10,10,10,D011,EUR,02-01-2018,13:31:34,DDP,90,1,1,ZTCH,1242225793,7238327632,474592587,474592587,474592587,DDP,3000426755,3000209273,3000209273,3000209273
1984844,10,706,32,1,TA,10,10,10,D011,EUR,02-01-2018,13:21:11,DDP,10,1,1,TAN,5815940689,4593916234,4593916234,4593916234,4593916234,DDP,3000457466,3000457466,3000457466,3000457466
1984844,10,706,32,1,TA,10,10,10,D011,EUR,02-01-2018,13:21:11,DDP,20,1,1,TAN,281454479,4593916234,4593916234,4593916234,4593916234,DDP,3000457466,3000457466,3000457466,3000457466
1984844,10,706,32,1,TA,10,10,10,D011,EUR,02-01-2018,13:21:11,DDP,30,1,1,TAN,8170449707,4593916234,4593916234,4593916234,4593916234,DDP,3000457466,3000457466,3000457466,3000457466
1984845,10,341,3,13,TA,4200,10,10,DK20,SEK,02-01-2018,13:26:51,DDP,10,4200,4200,TAN,5612721609,7163494514,9176439114,7163494514,7163494514,DDP,3000538209,3000538209,3000538209,3000609028
1984845,10,341,3,13,TA,4200,10,10,DK20,SEK,02-01-2018,13:26:51,DDP,20,4200,4200,TAN,2507241023,7163494514,9176439114,7163494514,7163494514,DDP,3000538209,3000538209,3000538209,3000609028
1984845,10,341,3,13,TA,4200,10,10,DK20,SEK,02-01-2018,13:26:51,DDP,30,4200,4200,TAN,5903426849,7163494514,9176439114,7163494514,7163494514,DDP,3000538209,3000538209,3000538209,3000609028
1984845,10,341,3,13,TA,4200,10,10,DK20,SEK,02-01-2018,13:26:51,DDP,40,4200,4200,TAN,1104328182,7163494514,9176439114,7163494514,7163494514,DDP,3000538209,3000538209,3000538209,3000609028
1984845,10,341,3,13,TA,4200,10,10,DK20,SEK,02-01-2018,13:26:51,DDP,50,4200,4200,TAN,3573705150,7163494514,9176439114,7163494514,7163494514,DDP,3000538209,3000538209,3000538209,3000609028
1984845,10,341,3,13,TA,4200,10,10,DK20,SEK,02-01-2018,13:26:51,DDP,60,4200,4200,TAN,2209269315,7163494514,9176439114,7163494514,7163494514,DDP,3000538209,3000538209,3000538209,3000609028
1984845,10,341,3,13,TA,4200,10,10,DK20,SEK,02-01-2018,13:26:51,DDP,70,4200,4200,TAN,9821464023,7163494514,9176439114,7163494514,7163494514,DDP,3000538209,3000538209,3000538209,3000609028
1984845,10,341,3,13,TA,4200,10,10,DK20,SEK,02-01-2018,13:26:51,DDP,80,4200,4200,TAN,4877309102,7163494514,9176439114,7163494514,7163494514,DDP,3000538209,3000538209,3000538209,3000609028
1984846,10,521,EV20,98,ZMUN,10,10,10,D011,EUR,02-01-2018,13:38:11,DDP,10,1,MUST,ZMUK,8662360597,2887882685,2887882685,2887882685,2887882685,DDP,3000521066,3000521066,3000521066,3000521066
1984846,10,521,EV20,98,ZMUN,10,10,10,D011,EUR,02-01-2018,13:38:11,DDP,20,1,MUST,ZMUK,665533807,2887882685,2887882685,2887882685,2887882685,DDP,3000521066,3000521066,3000521066,3000521066
1984846,10,521,EV20,98,ZMUN,10,10,10,D011,EUR,02-01-2018,13:38:11,DDP,30,1,MUST,ZMUK,6272641978,2887882685,2887882685,2887882685,2887882685,DDP,3000521066,3000521066,3000521066,3000521066
1984846,10,521,EV20,98,ZMUN,10,10,10,D011,EUR,02-01-2018,13:38:11,DDP,40,1,MUST,ZMUK,5811573079,2887882685,2887882685,2887882685,2887882685,DDP,3000521066,3000521066,3000521066,3000521066
1984846,10,521,EV20,98,ZMUN,10,10,10,D011,EUR,02-01-2018,13:38:11,DDP,50,1,MUST,ZMUK,2704250839,2887882685,2887882685,2887882685,2887882685,DDP,3000521066,3000521066,3000521066,3000521066
1984846,10,521,EV20,98,ZMUN,10,10,10,D011,EUR,02-01-2018,13:38:11,DDP,60,1,MUST,ZMUK,1946442393,2887882685,2887882685,2887882685,2887882685,DDP,3000521066,3000521066,3000521066,3000521066
1984846,10,521,EV20,98,ZMUN,10,10,10,D011,EUR,02-01-2018,13:38:11,DDP,70,1,MUST,ZMUK,8322630163,2887882685,2887882685,2887882685,2887882685,DDP,3000521066,3000521066,3000521066,3000521066
1984847,10,269,3,98,ZMUN,10,10,10,D011,EUR,02-01-2018,13:37:18,DDP,10,1,MUST,ZMUK,6129348791,9557316874,9557316874,9557316874,9557316874,DDP,3000495131,3000495131,3000495131,3000495131
1984847,10,269,3,98,ZMUN,10,10,10,D011,EUR,02-01-2018,13:37:18,DDP,20,1,MUST,ZMUK,5356610280,9557316874,9557316874,9557316874,9557316874,DDP,3000495131,3000495131,3000495131,3000495131
1984847,10,269,3,98,ZMUN,10,10,10,D011,EUR,02-01-2018,13:37:18,DDP,30,1,MUST,ZMUK,9980935301,9557316874,9557316874,9557316874,9557316874,DDP,3000495131,3000495131,3000495131,3000495131
1984847,10,269,3,98,ZMUN,10,10,10,D011,EUR,02-01-2018,13:37:18,DDP,40,1,MUST,ZMUK,311351084,9557316874,9557316874,9557316874,9557316874,DDP,3000495131,3000495131,3000495131,3000495131
1984847,10,269,3,98,ZMUN,10,10,10,D011,EUR,02-01-2018,13:37:18,DDP,50,1,MUST,ZMUK,4825561365,9557316874,9557316874,9557316874,9557316874,DDP,3000495131,3000495131,3000495131,3000495131
1984848,10,407,32,98,ZMUN,300,10,10,NL30,EUR,02-01-2018,13:39:24,DDP,10,310,302,ZMUK,8471236765,3973882731,3973882731,3973882731,3973882731,DDP,3001114384,3001114384,3001114384,3001114384
1984849,10,266,A2,1,TA,10,10,10,D011,EUR,02-01-2018,13:43:49,CIP,10,1,1,TAN,9055046165,5116450174,2979322191,1390805220,5116450174,CIP,3000208533,3000488186,3000208533,3000211039
1984849,10,266,A2,1,TA,10,10,10,D011,EUR,02-01-2018,13:43:49,CIP,20,1,1,ZTCH,9055046165,5116450174,2979322191,1390805220,5116450174,CIP,3000208533,3000488186,3000208533,3000211039
1984849,10,266,A2,1,TA,10,10,10,D011,EUR,02-01-2018,13:43:49,CIP,30,1,1,TAN,9055046165,5116450174,2979322191,1390805220,5116450174,CIP,3000208533,3000488186,3000208533,3000211039
1984849,10,266,A2,1,TA,10,10,10,D011,EUR,02-01-2018,13:43:49,CIP,40,1,1,ZTCH,9055046165,5116450174,2979322191,1390805220,5116450174,CIP,3000208533,3000488186,3000208533,3000211039
1984850,10,341,32,99,ZMUN,4200,10,10,DK20,EUR,02-01-2018,13:43:13,DDP,10,4200,4202,ZMUK,345658328,1417658093,4300899396,1417658093,1417658093,DDP,3000222178,3000222178,3000222178,3000647047
1984850,10,341,32,99,ZMUN,4200,10,10,DK20,EUR,02-01-2018,13:43:13,DDP,20,4200,4202,ZMUK,9451266529,1417658093,4300899396,1417658093,1417658093,DDP,3000222178,3000222178,3000222178,3000647047
1984851,10,269,3,98,ZMUN,10,10,10,D011,EUR,02-01-2018,13:42:33,DDP,10,1,MUST,ZMUK,7317310998,9557316874,9557316874,9557316874,9557316874,DDP,3000495131,3000495131,3000495131,3000495131
1984851,10,269,3,98,ZMUN,10,10,10,D011,EUR,02-01-2018,13:42:33,DDP,20,1,MUST,ZMUK,9612851880,9557316874,9557316874,9557316874,9557316874,DDP,3000495131,3000495131,3000495131,3000495131
1984851,10,269,3,98,ZMUN,10,10,10,D011,EUR,02-01-2018,13:42:33,DDP,30,1,MUST,ZMUK,9565848632,9557316874,9557316874,9557316874,9557316874,DDP,3000495131,3000495131,3000495131,3000495131
1984851,10,269,3,98,ZMUN,10,10,10,D011,EUR,02-01-2018,13:42:33,DDP,40,1,MUST,ZMUK,3574364600,9557316874,9557316874,9557316874,9557316874,DDP,3000495131,3000495131,3000495131,3000495131
1984851,10,269,3,98,ZMUN,10,10,10,D011,EUR,02-01-2018,13:42:33,DDP,50,1,MUST,ZMUK,5738292689,9557316874,9557316874,9557316874,9557316874,DDP,3000495131,3000495131,3000495131,3000495131
1984852,10,266,A2,1,TA,300,10,10,NL30,EUR,02-01-2018,13:46:57,CIP,10,310,300,TAN,6026794143,5116450174,2979322191,1390805220,5116450174,CIP,3000208533,3000488186,3000208533,3000211039
1984852,10,266,A2,1,TA,300,10,10,NL30,EUR,02-01-2018,13:46:57,CIP,20,310,300,ZTCH,6026794143,5116450174,2979322191,1390805220,5116450174,CIP,3000208533,3000488186,3000208533,3000211039
1984853,10,403,54,95,ZMUN,10,10,10,D011,EUR,02-01-2018,12:49:29,FCA,10,1,MUST,ZMUK,6669227132,8523929897,3973882731,8523929897,8523929897,FCA,3001119584,3001119584,3001119584,3001114384
1984853,10,403,54,95,ZMUN,10,10,10,D011,EUR,02-01-2018,12:49:29,FCA,11,1,MUST,ZMUP,5717882205,8523929897,3973882731,8523929897,8523929897,FCA,3001119584,3001119584,3001119584,3001114384
1984853,10,403,54,95,ZMUN,10,10,10,D011,EUR,02-01-2018,12:49:29,FCA,12,1,MUST,ZMUP,2746761565,8523929897,3973882731,8523929897,8523929897,FCA,3001119584,3001119584,3001119584,3001114384
1984853,10,403,54,95,ZMUN,10,10,10,D011,EUR,02-01-2018,12:49:29,FCA,13,1,MUST,ZMUP,422017490,8523929897,3973882731,8523929897,8523929897,FCA,3001119584,3001119584,3001119584,3001114384
1984853,10,403,54,95,ZMUN,10,10,10,D011,EUR,02-01-2018,12:49:29,FCA,20,1,MUST,ZMUK,9279689776,8523929897,3973882731,8523929897,8523929897,FCA,3001119584,3001119584,3001119584,3001114384
1984853,10,403,54,95,ZMUN,10,10,10,D011,EUR,02-01-2018,12:49:29,FCA,21,1,MUST,ZMUP,1424417268,8523929897,3973882731,8523929897,8523929897,FCA,3001119584,3001119584,3001119584,3001114384
1984853,10,403,54,95,ZMUN,10,10,10,D011,EUR,02-01-2018,12:49:29,FCA,22,1,MUST,ZMUP,422017490,8523929897,3973882731,8523929897,8523929897,FCA,3001119584,3001119584,3001119584,3001114384
1984853,10,403,54,95,ZMUN,10,10,10,D011,EUR,02-01-2018,12:49:29,FCA,30,1,MUST,ZMUK,5162927042,8523929897,3973882731,8523929897,8523929897,FCA,3001119584,3001119584,3001119584,3001114384
1984853,10,403,54,95,ZMUN,10,10,10,D011,EUR,02-01-2018,12:49:29,FCA,31,1,MUST,ZMUP,700715480,8523929897,3973882731,8523929897,8523929897,FCA,3001119584,3001119584,3001119584,3001114384
1984853,10,403,54,95,ZMUN,10,10,10,D011,EUR,02-01-2018,12:49:29,FCA,32,1,MUST,ZMUP,422017490,8523929897,3973882731,8523929897,8523929897,FCA,3001119584,3001119584,3001119584,3001114384
1984853,10,403,54,95,ZMUN,10,10,10,D011,EUR,02-01-2018,12:49:29,FCA,40,1,MUST,ZMUK,8982318718,8523929897,3973882731,8523929897,8523929897,FCA,3001119584,3001119584,3001119584,3001114384
1984853,10,403,54,95,ZMUN,10,10,10,D011,EUR,02-01-2018,12:49:29,FCA,41,1,MUST,ZMUP,889430582,8523929897,3973882731,8523929897,8523929897,FCA,3001119584,3001119584,3001119584,3001114384
1984853,10,403,54,95,ZMUN,10,10,10,D011,EUR,02-01-2018,12:49:29,FCA,42,1,MUST,ZMUP,422017490,8523929897,3973882731,8523929897,8523929897,FCA,3001119584,3001119584,3001119584,3001114384
1984854,10,215,250,1,TA,10,10,10,D011,EUR,02-01-2018,13:46:35,DDP,10,1,1,TAN,9230185009,9840912298,5998034999,9840912298,9840912298,DDP,3000206624,3000206624,3000206624,3000209900
1984855,10,RIC,95,1,TA,10,10,10,D011,EUR,02-01-2018,13:31:15,DDP,10,1,1,TAN,1316581735,5544628950,3612195196,266575563,5544628950,DDP,3000208250,3000214803,3000208250,3000211452
1984856,10,670,3,1,TA,10,10,10,D011,EUR,02-01-2018,13:48:18,DDP,10,1,1,TAN,1858190328,4968801150,8750720503,4968801150,4968801150,DDP,3000219479,3000219479,3000219479,3000471847
1984856,10,670,3,1,TA,10,10,10,D011,EUR,02-01-2018,13:48:18,DDP,20,1,1,TAN,1459651674,4968801150,8750720503,4968801150,4968801150,DDP,3000219479,3000219479,3000219479,3000471847
1984856,10,670,3,1,TA,10,10,10,D011,EUR,02-01-2018,13:48:18,DDP,30,1,1,TAN,4994432969,4968801150,8750720503,4968801150,4968801150,DDP,3000219479,3000219479,3000219479,3000471847
1984857,10,269,3,98,ZMUN,10,10,10,D011,EUR,02-01-2018,13:49:24,DDP,10,1,MUST,ZMUK,5745621035,9557316874,9557316874,9557316874,9557316874,DDP,3000495131,3000495131,3000495131,3000495131
1984857,10,269,3,98,ZMUN,10,10,10,D011,EUR,02-01-2018,13:49:24,DDP,20,1,MUST,ZMUK,1576109193,9557316874,9557316874,9557316874,9557316874,DDP,3000495131,3000495131,3000495131,3000495131
1984857,10,269,3,98,ZMUN,10,10,10,D011,EUR,02-01-2018,13:49:24,DDP,30,1,MUST,ZMUK,7973419012,9557316874,9557316874,9557316874,9557316874,DDP,3000495131,3000495131,3000495131,3000495131
1984857,10,269,3,98,ZMUN,10,10,10,D011,EUR,02-01-2018,13:49:24,DDP,40,1,MUST,ZMUK,9211184995,9557316874,9557316874,9557316874,9557316874,DDP,3000495131,3000495131,3000495131,3000495131
1984857,10,269,3,98,ZMUN,10,10,10,D011,EUR,02-01-2018,13:49:24,DDP,50,1,MUST,ZMUK,799455823,9557316874,9557316874,9557316874,9557316874,DDP,3000495131,3000495131,3000495131,3000495131
1984858,10,290,EV20,98,ZMUN,10,10,10,D011,USD,02-01-2018,13:47:39,DDP,10,1,MUST,ZMUK,3333366097,5026603693,5026603693,5026603693,5026603693,DDP,3000222412,3000222412,3000222412,3000222412
1984858,10,290,EV20,98,ZMUN,10,10,10,D011,USD,02-01-2018,13:47:39,DDP,20,1,MUST,ZMUK,8709712147,5026603693,5026603693,5026603693,5026603693,DDP,3000222412,3000222412,3000222412,3000222412
1984858,10,290,EV20,98,ZMUN,10,10,10,D011,USD,02-01-2018,13:47:39,DDP,30,1,MUST,ZMUK,2614783334,5026603693,5026603693,5026603693,5026603693,DDP,3000222412,3000222412,3000222412,3000222412
1984858,10,290,EV20,98,ZMUN,10,10,10,D011,USD,02-01-2018,13:47:39,DDP,40,1,MUST,ZMUK,8195685808,5026603693,5026603693,5026603693,5026603693,DDP,3000222412,3000222412,3000222412,3000222412
1984858,10,290,EV20,98,ZMUN,10,10,10,D011,USD,02-01-2018,13:47:39,DDP,50,1,MUST,ZMUK,72032555,5026603693,5026603693,5026603693,5026603693,DDP,3000222412,3000222412,3000222412,3000222412
1984858,10,290,EV20,98,ZMUN,10,10,10,D011,USD,02-01-2018,13:47:39,DDP,60,1,MUST,ZMUK,3603334240,5026603693,5026603693,5026603693,5026603693,DDP,3000222412,3000222412,3000222412,3000222412
1984858,10,290,EV20,98,ZMUN,10,10,10,D011,USD,02-01-2018,13:47:39,DDP,70,1,MUST,ZMUK,5375845636,5026603693,5026603693,5026603693,5026603693,DDP,3000222412,3000222412,3000222412,3000222412
1984859,10,670,3,1,TA,10,10,10,D011,EUR,02-01-2018,13:54:08,DDP,10,1,1,TAN,1858190328,4968801150,8750720503,4968801150,4968801150,DDP,3000219479,3000219479,3000219479,3000471847
1984859,10,670,3,1,TA,10,10,10,D011,EUR,02-01-2018,13:54:08,DDP,20,1,1,TAN,1459651674,4968801150,8750720503,4968801150,4968801150,DDP,3000219479,3000219479,3000219479,3000471847
1984859,10,670,3,1,TA,10,10,10,D011,EUR,02-01-2018,13:54:08,DDP,30,1,1,TAN,1858190328,4968801150,8750720503,4968801150,4968801150,DDP,3000219479,3000219479,3000219479,3000471847
1984859,10,670,3,1,TA,10,10,10,D011,EUR,02-01-2018,13:54:08,DDP,40,1,1,TAN,1459651674,4968801150,8750720503,4968801150,4968801150,DDP,3000219479,3000219479,3000219479,3000471847
1984859,10,670,3,1,TA,10,10,10,D011,EUR,02-01-2018,13:54:08,DDP,50,1,1,TAN,4994432969,4968801150,8750720503,4968801150,4968801150,DDP,3000219479,3000219479,3000219479,3000471847
1984860,10,269,3,98,ZMUN,10,10,10,D011,EUR,02-01-2018,13:54:57,DDP,10,1,MUST,ZMUK,711846014,9557316874,9557316874,9557316874,9557316874,DDP,3000495131,3000495131,3000495131,3000495131
1984860,10,269,3,98,ZMUN,10,10,10,D011,EUR,02-01-2018,13:54:57,DDP,20,1,MUST,ZMUK,9776560947,9557316874,9557316874,9557316874,9557316874,DDP,3000495131,3000495131,3000495131,3000495131
1984860,10,269,3,98,ZMUN,10,10,10,D011,EUR,02-01-2018,13:54:57,DDP,30,1,MUST,ZMUK,4749844530,9557316874,9557316874,9557316874,9557316874,DDP,3000495131,3000495131,3000495131,3000495131
1984860,10,269,3,98,ZMUN,10,10,10,D011,EUR,02-01-2018,13:54:57,DDP,40,1,MUST,ZMUK,7444237566,9557316874,9557316874,9557316874,9557316874,DDP,3000495131,3000495131,3000495131,3000495131
1984860,10,269,3,98,ZMUN,10,10,10,D011,EUR,02-01-2018,13:54:57,DDP,50,1,MUST,ZMUK,8501528411,9557316874,9557316874,9557316874,9557316874,DDP,3000495131,3000495131,3000495131,3000495131
1984861,10,290,EV20,98,ZMUN,10,10,10,D011,USD,02-01-2018,13:57:25,DDP,10,1,MUST,ZMUK,3603334240,5026603693,5026603693,5026603693,5026603693,DDP,3000222412,3000222412,3000222412,3000222412
1984861,10,290,EV20,98,ZMUN,10,10,10,D011,USD,02-01-2018,13:57:25,DDP,20,1,MUST,ZMUK,5375845636,5026603693,5026603693,5026603693,5026603693,DDP,3000222412,3000222412,3000222412,3000222412
1984861,10,290,EV20,98,ZMUN,10,10,10,D011,USD,02-01-2018,13:57:25,DDP,30,1,MUST,ZMUK,8492076738,5026603693,5026603693,5026603693,5026603693,DDP,3000222412,3000222412,3000222412,3000222412
1984861,10,290,EV20,98,ZMUN,10,10,10,D011,USD,02-01-2018,13:57:25,DDP,40,1,MUST,ZMUK,616429287,5026603693,5026603693,5026603693,5026603693,DDP,3000222412,3000222412,3000222412,3000222412
1984861,10,290,EV20,98,ZMUN,10,10,10,D011,USD,02-01-2018,13:57:25,DDP,50,1,MUST,ZMUK,552939260,5026603693,5026603693,5026603693,5026603693,DDP,3000222412,3000222412,3000222412,3000222412
1984861,10,290,EV20,98,ZMUN,10,10,10,D011,USD,02-01-2018,13:57:25,DDP,60,1,MUST,ZMUK,7484287710,5026603693,5026603693,5026603693,5026603693,DDP,3000222412,3000222412,3000222412,3000222412
1984862,10,282,32,1,TA,700,10,10,PL10,EUR,02-01-2018,13:56:09,DAP,10,700,700,TAN,6867968220,3775792943,2071576259,3775792943,3775792943,DAP,3000517013,3000517013,3000517013,3000473775
1984863,10,323,32,5,TA,10,10,10,D011,USD,02-01-2018,14:03:36,FCA,10,1,1,TAN,5941476766,5962952993,9504212145,744697549,744697549,FCA,3000209299,3000425615,3000425615,3000213138
1984863,10,323,32,5,TA,10,10,10,D011,USD,02-01-2018,14:03:36,FCA,20,1,1,ZTCH,5941476766,5962952993,9504212145,744697549,744697549,FCA,3000209299,3000425615,3000425615,3000213138
1984864,10,588,112,1,ZIA,10,10,10,D011,EUR,02-01-2018,14:08:40,DDP,10,1,1,TAN,4999154080,9031497867,9031497867,9031497867,9031497867,DDP,3000207067,3000207067,3000207067,3000207067
1984864,10,588,112,1,ZIA,10,10,10,D011,EUR,02-01-2018,14:08:40,DDP,20,1,1,TAN,7596267889,9031497867,9031497867,9031497867,9031497867,DDP,3000207067,3000207067,3000207067,3000207067
1984865,10,258,3,98,ZMUN,10,10,10,D011,EUR,02-01-2018,14:07:23,DDP,10,1,MUST,ZMUK,4813028276,6950139215,6950139215,6950139215,6950139215,DDP,3000448180,3000448180,3000448180,3000448180
1984865,10,258,3,98,ZMUN,10,10,10,D011,EUR,02-01-2018,14:07:23,DDP,20,1,MUST,ZMUK,7831997092,6950139215,6950139215,6950139215,6950139215,DDP,3000448180,3000448180,3000448180,3000448180
1984865,10,258,3,98,ZMUN,10,10,10,D011,EUR,02-01-2018,14:07:23,DDP,30,1,MUST,ZMUK,5269222310,6950139215,6950139215,6950139215,6950139215,DDP,3000448180,3000448180,3000448180,3000448180
1984865,10,258,3,98,ZMUN,10,10,10,D011,EUR,02-01-2018,14:07:23,DDP,40,1,MUST,ZMUK,7402253568,6950139215,6950139215,6950139215,6950139215,DDP,3000448180,3000448180,3000448180,3000448180
1984865,10,258,3,98,ZMUN,10,10,10,D011,EUR,02-01-2018,14:07:23,DDP,50,1,MUST,ZMUK,6355144457,6950139215,6950139215,6950139215,6950139215,DDP,3000448180,3000448180,3000448180,3000448180
1984865,10,258,3,98,ZMUN,10,10,10,D011,EUR,02-01-2018,14:07:23,DDP,60,1,MUST,ZMUK,249968575,6950139215,6950139215,6950139215,6950139215,DDP,3000448180,3000448180,3000448180,3000448180
1984865,10,258,3,98,ZMUN,10,10,10,D011,EUR,02-01-2018,14:07:23,DDP,70,1,MUST,ZMUK,569440917,6950139215,6950139215,6950139215,6950139215,DDP,3000448180,3000448180,3000448180,3000448180
1984866,10,,EV22,96,ZMUN,300,10,10,NL30,EUR,02-01-2018,14:10:34,DDP,10,310,302,ZMUK,3973170254,5395238808,5395238808,5395238808,5395238808,DDP,3000497776,3000497776,3000497776,3000497776
1984867,10,215,54,1,ZVOR,10,10,10,D011,EUR,02-01-2018,14:06:46,DDP,10,1,1,ZVN,5997161404,2090584789,2090584789,2090584789,2090584789,DDP,3000514881,3000514881,3000514881,3000514881
1984867,10,215,54,1,ZVOR,10,10,10,D011,EUR,02-01-2018,14:06:46,DDP,20,1,1,ZVN,6619643608,2090584789,2090584789,2090584789,2090584789,DDP,3000514881,3000514881,3000514881,3000514881
1984867,10,215,54,1,ZVOR,10,10,10,D011,EUR,02-01-2018,14:06:46,DDP,30,1,1,ZVN,6927194437,2090584789,2090584789,2090584789,2090584789,DDP,3000514881,3000514881,3000514881,3000514881
1984868,10,JA,3,1,TA,10,10,10,D011,GBP,02-01-2018,14:08:13,DDP,10,1,1,TAN,4947480775,1542850241,1542850241,4469956262,1542850241,DDP,3000925721,3000215632,3000925721,3000925721
1984869,10,377,3,95,ZMUN,10,10,10,D011,EUR,02-01-2018,13:33:27,EXW,10,1,MUST,ZMUK,6229435150,3257154222,5300596642,3257154222,3257154222,EXW,3000568497,3000568497,3000568497,3000205785
1984869,10,377,3,95,ZMUN,10,10,10,D011,EUR,02-01-2018,13:33:27,EXW,20,1,MUST,ZMUK,6229435150,3257154222,5300596642,3257154222,3257154222,EXW,3000568497,3000568497,3000568497,3000205785
1984869,10,377,3,95,ZMUN,10,10,10,D011,EUR,02-01-2018,13:33:27,EXW,30,1,MUST,ZMUK,8426785822,3257154222,5300596642,3257154222,3257154222,EXW,3000568497,3000568497,3000568497,3000205785
1984869,10,377,3,95,ZMUN,10,10,10,D011,EUR,02-01-2018,13:33:27,EXW,40,1,MUST,ZMUK,8426785822,3257154222,5300596642,3257154222,3257154222,EXW,3000568497,3000568497,3000568497,3000205785
1984869,10,377,3,95,ZMUN,10,10,10,D011,EUR,02-01-2018,13:33:27,EXW,50,1,MUST,ZMUK,6739578541,3257154222,5300596642,3257154222,3257154222,EXW,3000568497,3000568497,3000568497,3000205785
1984869,10,377,3,95,ZMUN,10,10,10,D011,EUR,02-01-2018,13:33:27,EXW,60,1,MUST,ZMUK,6739578541,3257154222,5300596642,3257154222,3257154222,EXW,3000568497,3000568497,3000568497,3000205785
1984869,10,377,3,95,ZMUN,10,10,10,D011,EUR,02-01-2018,13:33:27,EXW,80,1,MUST,ZMUK,649055606,3257154222,5300596642,3257154222,3257154222,EXW,3000568497,3000568497,3000568497,3000205785
1984869,10,377,3,95,ZMUN,10,10,10,D011,EUR,02-01-2018,13:33:27,EXW,90,1,MUST,ZMUK,5570721263,3257154222,5300596642,3257154222,3257154222,EXW,3000568497,3000568497,3000568497,3000205785
1984869,10,377,3,95,ZMUN,10,10,10,D011,EUR,02-01-2018,13:33:27,EXW,100,1,MUST,ZMUK,5570721263,3257154222,5300596642,3257154222,3257154222,EXW,3000568497,3000568497,3000568497,3000205785
1984870,10,258,3,98,ZMUN,10,10,10,D011,EUR,02-01-2018,14:19:40,DDP,10,1,MUST,ZMUK,7046815274,6950139215,6950139215,6950139215,6950139215,DDP,3000448180,3000448180,3000448180,3000448180
1984870,10,258,3,98,ZMUN,10,10,10,D011,EUR,02-01-2018,14:19:40,DDP,20,1,MUST,ZMUK,8809658592,6950139215,6950139215,6950139215,6950139215,DDP,3000448180,3000448180,3000448180,3000448180
1984870,10,258,3,98,ZMUN,10,10,10,D011,EUR,02-01-2018,14:19:40,DDP,30,1,MUST,ZMUK,6757954921,6950139215,6950139215,6950139215,6950139215,DDP,3000448180,3000448180,3000448180,3000448180
1984870,10,258,3,98,ZMUN,10,10,10,D011,EUR,02-01-2018,14:19:40,DDP,40,1,MUST,ZMUK,718326881,6950139215,6950139215,6950139215,6950139215,DDP,3000448180,3000448180,3000448180,3000448180
1984870,10,258,3,98,ZMUN,10,10,10,D011,EUR,02-01-2018,14:19:40,DDP,50,1,MUST,ZMUK,2614081348,6950139215,6950139215,6950139215,6950139215,DDP,3000448180,3000448180,3000448180,3000448180
1984870,10,258,3,98,ZMUN,10,10,10,D011,EUR,02-01-2018,14:19:40,DDP,60,1,MUST,ZMUK,7672203498,6950139215,6950139215,6950139215,6950139215,DDP,3000448180,3000448180,3000448180,3000448180
1984870,10,258,3,98,ZMUN,10,10,10,D011,EUR,02-01-2018,14:19:40,DDP,70,1,MUST,ZMUK,6460557462,6950139215,6950139215,6950139215,6950139215,DDP,3000448180,3000448180,3000448180,3000448180
1984871,10,645,0,98,ZMUN,1300,10,10,D015,EUR,02-01-2018,13:56:48,DDP,10,1300,1301,ZMUK,7979545245,3861309655,3861309655,3861309655,3861309655,DDP,3000356581,3000356581,3000356581,3000356581
1984871,10,645,0,98,ZMUN,1300,10,10,D015,EUR,02-01-2018,13:56:48,DDP,20,1300,1301,ZMUK,7979545245,3861309655,3861309655,3861309655,3861309655,DDP,3000356581,3000356581,3000356581,3000356581
1984872,10,519,27,99,ZMUN,5900,10,10,D060,EUR,02-01-2018,14:22:31,DAP,10,5900,5902,ZMUK,8679995756,1788126284,1788126284,1788126284,1788126284,DAP,3000414724,3000414724,3000414724,3000414724
1984872,10,519,27,99,ZMUN,5900,10,10,D060,EUR,02-01-2018,14:22:31,DAP,20,5900,5902,ZMUK,1395777487,1788126284,1788126284,1788126284,1788126284,DAP,3000414724,3000414724,3000414724,3000414724
1984872,10,519,27,99,ZMUN,5900,10,10,D060,EUR,02-01-2018,14:22:31,DAP,30,5900,5902,ZMUK,4001148297,1788126284,1788126284,1788126284,1788126284,DAP,3000414724,3000414724,3000414724,3000414724
1984873,10,403,C1,94,ZMUN,10,10,10,D011,EUR,02-01-2018,13:52:00,FCA,10,1,MUST,ZMUK,228612903,3976030097,3973882731,1532284609,1532284609,FCA,3000614049,3000206300,3000206300,3001114384
1984873,10,403,C1,94,ZMUN,10,10,10,D011,EUR,02-01-2018,13:52:00,FCA,11,1,MUST,ZMUP,3854415486,3976030097,3973882731,1532284609,1532284609,FCA,3000614049,3000206300,3000206300,3001114384
1984873,10,403,C1,94,ZMUN,10,10,10,D011,EUR,02-01-2018,13:52:00,FCA,12,1,MUST,ZMUP,7896368058,3976030097,3973882731,1532284609,1532284609,FCA,3000614049,3000206300,3000206300,3001114384
1984873,10,403,C1,94,ZMUN,10,10,10,D011,EUR,02-01-2018,13:52:00,FCA,13,1,MUST,ZMUP,6307792136,3976030097,3973882731,1532284609,1532284609,FCA,3000614049,3000206300,3000206300,3001114384
1984873,10,403,C1,94,ZMUN,10,10,10,D011,EUR,02-01-2018,13:52:00,FCA,14,1,MUST,ZMUP,5268678379,3976030097,3973882731,1532284609,1532284609,FCA,3000614049,3000206300,3000206300,3001114384
1984873,10,403,C1,94,ZMUN,10,10,10,D011,EUR,02-01-2018,13:52:00,FCA,15,1,MUST,ZMUP,1598676124,3976030097,3973882731,1532284609,1532284609,FCA,3000614049,3000206300,3000206300,3001114384
1984873,10,403,C1,94,ZMUN,10,10,10,D011,EUR,02-01-2018,13:52:00,FCA,16,1,MUST,ZMUP,422017490,3976030097,3973882731,1532284609,1532284609,FCA,3000614049,3000206300,3000206300,3001114384
1984873,10,403,C1,94,ZMUN,10,10,10,D011,EUR,02-01-2018,13:52:00,FCA,20,1,MUST,ZMUK,2875698837,3976030097,3973882731,1532284609,1532284609,FCA,3000614049,3000206300,3000206300,3001114384
1984873,10,403,C1,94,ZMUN,10,10,10,D011,EUR,02-01-2018,13:52:00,FCA,21,1,MUST,ZMUP,3854415486,3976030097,3973882731,1532284609,1532284609,FCA,3000614049,3000206300,3000206300,3001114384
1984873,10,403,C1,94,ZMUN,10,10,10,D011,EUR,02-01-2018,13:52:00,FCA,22,1,MUST,ZMUP,1056824859,3976030097,3973882731,1532284609,1532284609,FCA,3000614049,3000206300,3000206300,3001114384
1984873,10,403,C1,94,ZMUN,10,10,10,D011,EUR,02-01-2018,13:52:00,FCA,23,1,MUST,ZMUP,1535218867,3976030097,3973882731,1532284609,1532284609,FCA,3000614049,3000206300,3000206300,3001114384
1984873,10,403,C1,94,ZMUN,10,10,10,D011,EUR,02-01-2018,13:52:00,FCA,24,1,MUST,ZMUP,6176834274,3976030097,3973882731,1532284609,1532284609,FCA,3000614049,3000206300,3000206300,3001114384
1984873,10,403,C1,94,ZMUN,10,10,10,D011,EUR,02-01-2018,13:52:00,FCA,25,1,MUST,ZMUP,5007508333,3976030097,3973882731,1532284609,1532284609,FCA,3000614049,3000206300,3000206300,3001114384
1984873,10,403,C1,94,ZMUN,10,10,10,D011,EUR,02-01-2018,13:52:00,FCA,26,1,MUST,ZMUP,5268678379,3976030097,3973882731,1532284609,1532284609,FCA,3000614049,3000206300,3000206300,3001114384
1984873,10,403,C1,94,ZMUN,10,10,10,D011,EUR,02-01-2018,13:52:00,FCA,27,1,MUST,ZMUP,1598676124,3976030097,3973882731,1532284609,1532284609,FCA,3000614049,3000206300,3000206300,3001114384
1984873,10,403,C1,94,ZMUN,10,10,10,D011,EUR,02-01-2018,13:52:00,FCA,28,1,MUST,ZMUP,422017490,3976030097,3973882731,1532284609,1532284609,FCA,3000614049,3000206300,3000206300,3001114384
1984873,10,403,C1,94,ZMUN,10,10,10,D011,EUR,02-01-2018,13:52:00,FCA,30,1,MUST,ZMUK,8183093452,3976030097,3973882731,1532284609,1532284609,FCA,3000614049,3000206300,3000206300,3001114384
1984873,10,403,C1,94,ZMUN,10,10,10,D011,EUR,02-01-2018,13:52:00,FCA,31,1,MUST,ZMUP,3854415486,3976030097,3973882731,1532284609,1532284609,FCA,3000614049,3000206300,3000206300,3001114384
1984873,10,403,C1,94,ZMUN,10,10,10,D011,EUR,02-01-2018,13:52:00,FCA,32,1,MUST,ZMUP,1535218867,3976030097,3973882731,1532284609,1532284609,FCA,3000614049,3000206300,3000206300,3001114384
1984873,10,403,C1,94,ZMUN,10,10,10,D011,EUR,02-01-2018,13:52:00,FCA,33,1,MUST,ZMUP,9919326202,3976030097,3973882731,1532284609,1532284609,FCA,3000614049,3000206300,3000206300,3001114384
1984873,10,403,C1,94,ZMUN,10,10,10,D011,EUR,02-01-2018,13:52:00,FCA,34,1,MUST,ZMUP,8867625827,3976030097,3973882731,1532284609,1532284609,FCA,3000614049,3000206300,3000206300,3001114384
1984873,10,403,C1,94,ZMUN,10,10,10,D011,EUR,02-01-2018,13:52:00,FCA,35,1,MUST,ZMUP,5426233502,3976030097,3973882731,1532284609,1532284609,FCA,3000614049,3000206300,3000206300,3001114384
1984873,10,403,C1,94,ZMUN,10,10,10,D011,EUR,02-01-2018,13:52:00,FCA,36,1,MUST,ZMUP,5268678379,3976030097,3973882731,1532284609,1532284609,FCA,3000614049,3000206300,3000206300,3001114384
1984873,10,403,C1,94,ZMUN,10,10,10,D011,EUR,02-01-2018,13:52:00,FCA,37,1,MUST,ZMUP,1598676124,3976030097,3973882731,1532284609,1532284609,FCA,3000614049,3000206300,3000206300,3001114384
1984873,10,403,C1,94,ZMUN,10,10,10,D011,EUR,02-01-2018,13:52:00,FCA,38,1,MUST,ZMUP,422017490,3976030097,3973882731,1532284609,1532284609,FCA,3000614049,3000206300,3000206300,3001114384
1984873,10,403,C1,94,ZMUN,10,10,10,D011,EUR,02-01-2018,13:52:00,FCA,40,1,MUST,ZMUK,8907153524,3976030097,3973882731,1532284609,1532284609,FCA,3000614049,3000206300,3000206300,3001114384
1984873,10,403,C1,94,ZMUN,10,10,10,D011,EUR,02-01-2018,13:52:00,FCA,41,1,MUST,ZMUP,3854415486,3976030097,3973882731,1532284609,1532284609,FCA,3000614049,3000206300,3000206300,3001114384
1984873,10,403,C1,94,ZMUN,10,10,10,D011,EUR,02-01-2018,13:52:00,FCA,42,1,MUST,ZMUP,1535218867,3976030097,3973882731,1532284609,1532284609,FCA,3000614049,3000206300,3000206300,3001114384
1984873,10,403,C1,94,ZMUN,10,10,10,D011,EUR,02-01-2018,13:52:00,FCA,43,1,MUST,ZMUP,1460409548,3976030097,3973882731,1532284609,1532284609,FCA,3000614049,3000206300,3000206300,3001114384
1984873,10,403,C1,94,ZMUN,10,10,10,D011,EUR,02-01-2018,13:52:00,FCA,44,1,MUST,ZMUP,5274781979,3976030097,3973882731,1532284609,1532284609,FCA,3000614049,3000206300,3000206300,3001114384
1984873,10,403,C1,94,ZMUN,10,10,10,D011,EUR,02-01-2018,13:52:00,FCA,45,1,MUST,ZMUP,6417968433,3976030097,3973882731,1532284609,1532284609,FCA,3000614049,3000206300,3000206300,3001114384
1984873,10,403,C1,94,ZMUN,10,10,10,D011,EUR,02-01-2018,13:52:00,FCA,46,1,MUST,ZMUP,1598676124,3976030097,3973882731,1532284609,1532284609,FCA,3000614049,3000206300,3000206300,3001114384
1984873,10,403,C1,94,ZMUN,10,10,10,D011,EUR,02-01-2018,13:52:00,FCA,47,1,MUST,ZMUP,5268678379,3976030097,3973882731,1532284609,1532284609,FCA,3000614049,3000206300,3000206300,3001114384
1984873,10,403,C1,94,ZMUN,10,10,10,D011,EUR,02-01-2018,13:52:00,FCA,48,1,MUST,ZMUP,422017490,3976030097,3973882731,1532284609,1532284609,FCA,3000614049,3000206300,3000206300,3001114384
1984874,10,302,A21,13,ZIA,300,90,10,NL30,EUR,02-01-2018,14:25:13,DDP,10,310,300,TAN,1573198385,5271544207,5271544207,5479900160,5479900160,DDP,3000266380,3000327742,3000327742,3000266380
1984875,10,789,32,5,TA,1300,10,10,D015,EUR,02-01-2018,14:05:55,FCA,10,1300,1300,TAN,9261815563,851548071,6297747236,851548071,851548071,FCA,3000208064,3000208064,3000208064,3000628577
1984875,10,789,32,5,TA,1300,10,10,D015,EUR,02-01-2018,14:05:55,FCA,20,1300,1300,ZTCH,9261815563,851548071,6297747236,851548071,851548071,FCA,3000208064,3000208064,3000208064,3000628577
1984875,10,789,32,5,TA,1300,10,10,D015,EUR,02-01-2018,14:05:55,FCA,30,1300,1300,TAN,1625690713,851548071,6297747236,851548071,851548071,FCA,3000208064,3000208064,3000208064,3000628577
1984875,10,789,32,5,TA,1300,10,10,D015,EUR,02-01-2018,14:05:55,FCA,40,1300,1300,ZTCH,1625690713,851548071,6297747236,851548071,851548071,FCA,3000208064,3000208064,3000208064,3000628577
1984875,10,789,32,5,TA,1300,10,10,D015,EUR,02-01-2018,14:05:55,FCA,50,1300,1300,TAN,5273284354,851548071,6297747236,851548071,851548071,FCA,3000208064,3000208064,3000208064,3000628577
1984875,10,789,32,5,TA,1300,10,10,D015,EUR,02-01-2018,14:05:55,FCA,60,1300,1300,ZTCH,5273284354,851548071,6297747236,851548071,851548071,FCA,3000208064,3000208064,3000208064,3000628577
1984876,10,220,202,1,TA,10,10,10,D011,EUR,02-01-2018,14:25:23,DDP,10,1,1,TAN,6277521984,6212811596,6212811596,6212811596,6212811596,DDP,3000208011,3000208011,3000208011,3000208011
1984876,10,220,202,1,TA,10,10,10,D011,EUR,02-01-2018,14:25:23,DDP,20,1,1,TAN,3859017307,6212811596,6212811596,6212811596,6212811596,DDP,3000208011,3000208011,3000208011,3000208011
1984877,10,210,228,1,TA,10,10,10,D011,EUR,02-01-2018,14:25:17,DDP,10,1,1,TAN,5644874268,9909549831,9909549831,9909549831,9909549831,DDP,3000207557,3000207557,3000207557,3000207557
1984877,10,210,228,1,TA,10,10,10,D011,EUR,02-01-2018,14:25:17,DDP,20,1,1,TAN,4559003329,9909549831,9909549831,9909549831,9909549831,DDP,3000207557,3000207557,3000207557,3000207557
1984877,10,210,228,1,TA,10,10,10,D011,EUR,02-01-2018,14:25:17,DDP,30,1,1,TAN,7639865533,9909549831,9909549831,9909549831,9909549831,DDP,3000207557,3000207557,3000207557,3000207557
1984877,10,210,228,1,TA,10,10,10,D011,EUR,02-01-2018,14:25:17,DDP,40,1,1,TAN,6417382180,9909549831,9909549831,9909549831,9909549831,DDP,3000207557,3000207557,3000207557,3000207557
1984877,10,210,228,1,TA,10,10,10,D011,EUR,02-01-2018,14:25:17,DDP,50,1,1,TAN,8841995763,9909549831,9909549831,9909549831,9909549831,DDP,3000207557,3000207557,3000207557,3000207557
1984877,10,210,228,1,TA,10,10,10,D011,EUR,02-01-2018,14:25:17,DDP,60,1,1,TAN,1123417301,9909549831,9909549831,9909549831,9909549831,DDP,3000207557,3000207557,3000207557,3000207557
1984878,10,220,202,1,TA,1300,10,10,D015,EUR,02-01-2018,14:27:20,DDP,10,1300,1300,TAN,3775812267,6212811596,6212811596,6212811596,6212811596,DDP,3000208011,3000208011,3000208011,3000208011
1984879,10,388,102,1,ZIA,1300,10,10,D015,EUR,02-01-2018,14:29:23,DDP,10,1300,1300,TAN,8205134545,5557222136,5557222136,5557222136,5557222136,DDP,3000208112,3000208112,3000208112,3000208112
1984880,10,238,C1,1,TA,10,10,10,D011,EUR,02-01-2018,14:29:49,CIP,10,1,1,TAN,9651109705,1532284609,58516564,1532284609,1532284609,CIP,3000206300,3000206300,3000206300,3000392641
1984881,10,794,33,5,TA,2000,10,10,PL20,EUR,02-01-2018,14:31:08,FCA,10,2000,2000,TAN,2833187051,6573160797,6573160797,6573160797,6573160797,FCA,3000550125,3000550125,3000550125,3000550125
1984881,10,794,33,5,TA,2000,10,10,PL20,EUR,02-01-2018,14:31:08,FCA,20,2000,2000,TAN,8021524305,6573160797,6573160797,6573160797,6573160797,FCA,3000550125,3000550125,3000550125,3000550125
1984882,10,282,32,1,TA,700,10,10,PL10,EUR,02-01-2018,14:30:37,DAP,10,700,700,TAN,3535708110,3775792943,2071576259,3775792943,3775792943,DAP,3000517013,3000517013,3000517013,3000473775
1984882,10,282,32,1,TA,700,10,10,PL10,EUR,02-01-2018,14:30:37,DAP,20,700,700,TAN,4970548514,3775792943,2071576259,3775792943,3775792943,DAP,3000517013,3000517013,3000517013,3000473775
1984883,10,361,3,99,ZMUN,10,10,10,D011,EUR,02-01-2018,14:36:30,DDP,10,1,MUST,ZMUK,5609074603,3175827744,3175827744,3175827744,3175827744,DDP,3000512796,3000512796,3000512796,3000512796
1984884,10,388,26,1,TA,10,10,10,D011,EUR,02-01-2018,14:33:28,DDP,10,1,1,TAN,2216948546,7028778033,7028778033,7028778033,7028778033,DDP,3000206882,3000206882,3000206882,3000206882
1984885,10,419,42,1,TA,10,10,10,D011,EUR,02-01-2018,14:40:46,DDP,10,1,1,TAN,1655403204,4525234065,2376739802,7886872561,4525234065,DDP,3000431390,3000431396,3000431390,3000432888
1984885,10,419,42,1,TA,10,10,10,D011,EUR,02-01-2018,14:40:46,DDP,20,1,1,ZTCH,1655403204,4525234065,2376739802,7886872561,4525234065,DDP,3000431390,3000431396,3000431390,3000432888
1984886,10,403,C1,98,ZMUN,1600,10,10,NL80,EUR,02-01-2018,14:40:43,DDP,10,1600,1602,ZMUK,3854415486,3976030097,3973882731,1532284609,1532284609,DDP,3000614049,3000206300,3000206300,3001114384
1984887,10,,,99,ZMUN,10,10,10,D011,EUR,02-01-2018,14:05:25,,10,1,MUST,ZMUK,3937880614,4127490320,4127490320,4127490320,4127490320,,3000225379,3000225379,3000225379,3000225379
1984888,10,250,EV13,1,TA,10,10,10,D011,EUR,02-01-2018,14:41:17,DDP,10,1,1,TAN,8141034594,2298745536,2298745536,2298745536,2298745536,DDP,3000330075,3000330075,3000330075,3000330075
1984888,10,250,EV13,1,TA,10,10,10,D011,EUR,02-01-2018,14:41:17,DDP,20,1,1,ZTCH,8141034594,2298745536,2298745536,2298745536,2298745536,DDP,3000330075,3000330075,3000330075,3000330075
1984888,10,250,EV13,1,TA,10,10,10,D011,EUR,02-01-2018,14:41:17,DDP,30,1,1,TAN,9021948223,2298745536,2298745536,2298745536,2298745536,DDP,3000330075,3000330075,3000330075,3000330075
1984888,10,250,EV13,1,TA,10,10,10,D011,EUR,02-01-2018,14:41:17,DDP,40,1,1,ZTCH,9021948223,2298745536,2298745536,2298745536,2298745536,DDP,3000330075,3000330075,3000330075,3000330075
1984889,10,991,82,1,TA,10,10,10,D011,EUR,02-01-2018,14:44:12,DDP,10,1,1,TAN,9434112584,23793540,23793540,23793540,23793540,DDP,3000208262,3000208262,3000208262,3000208262
1984890,10,419,42,1,TA,10,10,10,D011,EUR,02-01-2018,14:42:13,DDP,10,1,1,TAN,8356512913,4525234065,2376739802,7886872561,4525234065,DDP,3000431390,3000431396,3000431390,3000432888
1984890,10,419,42,1,TA,10,10,10,D011,EUR,02-01-2018,14:42:13,DDP,20,1,1,ZTCH,8356512913,4525234065,2376739802,7886872561,4525234065,DDP,3000431390,3000431396,3000431390,3000432888
1984891,10,419,42,1,TA,10,10,10,D011,EUR,02-01-2018,14:48:04,DDP,10,1,1,TAN,2225122622,4525234065,2376739802,7886872561,4525234065,DDP,3000431390,3000431396,3000431390,3000432888
1984891,10,419,42,1,TA,10,10,10,D011,EUR,02-01-2018,14:48:04,DDP,20,1,1,ZTCH,2225122622,4525234065,2376739802,7886872561,4525234065,DDP,3000431390,3000431396,3000431390,3000432888
1984892,10,414,10,1,TA,10,10,10,D011,EUR,02-01-2018,14:44:56,DDP,10,1,1,TAN,5501365633,8704627725,7075908748,1333668153,7075908748,DDP,3000207022,3000486070,3000207481,3000207481
1984892,10,414,10,1,TA,10,10,10,D011,EUR,02-01-2018,14:44:56,DDP,20,1,1,TAN,520692582,8704627725,7075908748,1333668153,7075908748,DDP,3000207022,3000486070,3000207481,3000207481
1984892,10,414,10,1,TA,10,10,10,D011,EUR,02-01-2018,14:44:56,DDP,30,1,1,TAN,7066406004,8704627725,7075908748,1333668153,7075908748,DDP,3000207022,3000486070,3000207481,3000207481
1984892,10,414,10,1,TA,10,10,10,D011,EUR,02-01-2018,14:44:56,DDP,40,1,1,TAN,6126700434,8704627725,7075908748,1333668153,7075908748,DDP,3000207022,3000486070,3000207481,3000207481
1984893,10,419,42,1,TA,10,10,10,D011,EUR,02-01-2018,14:49:35,DDP,10,1,1,TAN,6718182912,4525234065,2376739802,7886872561,4525234065,DDP,3000431390,3000431396,3000431390,3000432888
1984893,10,419,42,1,TA,10,10,10,D011,EUR,02-01-2018,14:49:35,DDP,20,1,1,ZTCH,6718182912,4525234065,2376739802,7886872561,4525234065,DDP,3000431390,3000431396,3000431390,3000432888
1984894,10,502,3,13,TA,700,10,10,PL10,PLN,02-01-2018,14:45:26,DAP,10,700,700,TAN,4652008488,7205726717,4912901640,7205726717,7205726717,DAP,3000267346,3000267346,3000267346,3000475318
1984895,10,419,42,1,TA,10,10,10,D011,EUR,02-01-2018,14:50:42,DDP,10,1,1,TAN,6323014248,4525234065,2376739802,7886872561,4525234065,DDP,3000431390,3000431396,3000431390,3000432888
1984895,10,419,42,1,TA,10,10,10,D011,EUR,02-01-2018,14:50:42,DDP,20,1,1,ZTCH,6323014248,4525234065,2376739802,7886872561,4525234065,DDP,3000431390,3000431396,3000431390,3000432888
1984896,10,419,42,1,TA,10,10,10,D011,EUR,02-01-2018,14:51:38,DDP,10,1,1,TAN,3346485259,4525234065,2376739802,7886872561,4525234065,DDP,3000431390,3000431396,3000431390,3000432888
1984896,10,419,42,1,TA,10,10,10,D011,EUR,02-01-2018,14:51:38,DDP,20,1,1,ZTCH,3346485259,4525234065,2376739802,7886872561,4525234065,DDP,3000431390,3000431396,3000431390,3000432888
1984897,10,419,42,1,TA,10,10,10,D011,EUR,02-01-2018,14:52:18,DDP,10,1,1,TAN,9042758465,4525234065,2376739802,7886872561,4525234065,DDP,3000431390,3000431396,3000431390,3000432888
1984897,10,419,42,1,TA,10,10,10,D011,EUR,02-01-2018,14:52:18,DDP,20,1,1,ZTCH,9042758465,4525234065,2376739802,7886872561,4525234065,DDP,3000431390,3000431396,3000431390,3000432888
1984898,10,419,42,1,TA,10,10,10,D011,EUR,02-01-2018,14:55:10,DDP,10,1,1,TAN,3905623412,4525234065,2376739802,7886872561,4525234065,DDP,3000431390,3000431396,3000431390,3000432888
1984898,10,419,42,1,TA,10,10,10,D011,EUR,02-01-2018,14:55:10,DDP,20,1,1,ZTCH,3905623412,4525234065,2376739802,7886872561,4525234065,DDP,3000431390,3000431396,3000431390,3000432888
1984899,10,419,42,1,TA,10,10,10,D011,EUR,02-01-2018,14:56:01,DDP,10,1,1,TAN,6544958200,4525234065,2376739802,7886872561,4525234065,DDP,3000431390,3000431396,3000431390,3000432888
1984899,10,419,42,1,TA,10,10,10,D011,EUR,02-01-2018,14:56:01,DDP,20,1,1,ZTCH,6544958200,4525234065,2376739802,7886872561,4525234065,DDP,3000431390,3000431396,3000431390,3000432888
1984900,10,237,3,97,ZMUN,10,10,10,D011,EUR,02-01-2018,14:49:20,DDP,10,1,MUST,ZMUK,1125822247,6710885519,6710885519,6710885519,6710885519,DDP,3000206366,3000206366,3000206366,3000206366
1984900,10,237,3,97,ZMUN,10,10,10,D011,EUR,02-01-2018,14:49:20,DDP,20,1,MUST,ZMUK,1125822247,6710885519,6710885519,6710885519,6710885519,DDP,3000206366,3000206366,3000206366,3000206366
1984900,10,237,3,97,ZMUN,10,10,10,D011,EUR,02-01-2018,14:49:20,DDP,30,1,MUST,ZMUK,1125822247,6710885519,6710885519,6710885519,6710885519,DDP,3000206366,3000206366,3000206366,3000206366
1984901,10,519,27,1,TA,5900,10,10,D060,EUR,02-01-2018,14:53:49,DAP,10,5900,5910,TAN,2110619970,6201164337,1414319439,6201164337,6201164337,DAP,3000584920,3000584920,3000584920,3001069457
1984902,10,403,C1,94,ZMUN,10,10,10,D011,EUR,02-01-2018,14:52:44,FCA,10,1,MUST,ZMUK,4083516338,3976030097,3973882731,1532284609,1532284609,FCA,3000614049,3000206300,3000206300,3001114384
1984902,10,403,C1,94,ZMUN,10,10,10,D011,EUR,02-01-2018,14:52:44,FCA,11,1,MUST,ZMUP,3854415486,3976030097,3973882731,1532284609,1532284609,FCA,3000614049,3000206300,3000206300,3001114384
1984902,10,403,C1,94,ZMUN,10,10,10,D011,EUR,02-01-2018,14:52:44,FCA,12,1,MUST,ZMUP,9373345723,3976030097,3973882731,1532284609,1532284609,FCA,3000614049,3000206300,3000206300,3001114384
1984902,10,403,C1,94,ZMUN,10,10,10,D011,EUR,02-01-2018,14:52:44,FCA,13,1,MUST,ZMUP,2374223116,3976030097,3973882731,1532284609,1532284609,FCA,3000614049,3000206300,3000206300,3001114384
1984902,10,403,C1,94,ZMUN,10,10,10,D011,EUR,02-01-2018,14:52:44,FCA,14,1,MUST,ZMUP,2814193702,3976030097,3973882731,1532284609,1532284609,FCA,3000614049,3000206300,3000206300,3001114384
1984902,10,403,C1,94,ZMUN,10,10,10,D011,EUR,02-01-2018,14:52:44,FCA,15,1,MUST,ZMUP,422017490,3976030097,3973882731,1532284609,1532284609,FCA,3000614049,3000206300,3000206300,3001114384
1984902,10,403,C1,94,ZMUN,10,10,10,D011,EUR,02-01-2018,14:52:44,FCA,20,1,MUST,ZMUK,6423205987,3976030097,3973882731,1532284609,1532284609,FCA,3000614049,3000206300,3000206300,3001114384
1984902,10,403,C1,94,ZMUN,10,10,10,D011,EUR,02-01-2018,14:52:44,FCA,21,1,MUST,ZMUP,3854415486,3976030097,3973882731,1532284609,1532284609,FCA,3000614049,3000206300,3000206300,3001114384
1984902,10,403,C1,94,ZMUN,10,10,10,D011,EUR,02-01-2018,14:52:44,FCA,22,1,MUST,ZMUP,3659408297,3976030097,3973882731,1532284609,1532284609,FCA,3000614049,3000206300,3000206300,3001114384
1984902,10,403,C1,94,ZMUN,10,10,10,D011,EUR,02-01-2018,14:52:44,FCA,23,1,MUST,ZMUP,9373345723,3976030097,3973882731,1532284609,1532284609,FCA,3000614049,3000206300,3000206300,3001114384
1984902,10,403,C1,94,ZMUN,10,10,10,D011,EUR,02-01-2018,14:52:44,FCA,24,1,MUST,ZMUP,2374223116,3976030097,3973882731,1532284609,1532284609,FCA,3000614049,3000206300,3000206300,3001114384
1984902,10,403,C1,94,ZMUN,10,10,10,D011,EUR,02-01-2018,14:52:44,FCA,25,1,MUST,ZMUP,2814193702,3976030097,3973882731,1532284609,1532284609,FCA,3000614049,3000206300,3000206300,3001114384
1984902,10,403,C1,94,ZMUN,10,10,10,D011,EUR,02-01-2018,14:52:44,FCA,26,1,MUST,ZMUP,4202171294,3976030097,3973882731,1532284609,1532284609,FCA,3000614049,3000206300,3000206300,3001114384
1984902,10,403,C1,94,ZMUN,10,10,10,D011,EUR,02-01-2018,14:52:44,FCA,30,1,MUST,ZMUK,1362547536,3976030097,3973882731,1532284609,1532284609,FCA,3000614049,3000206300,3000206300,3001114384
1984902,10,403,C1,94,ZMUN,10,10,10,D011,EUR,02-01-2018,14:52:44,FCA,31,1,MUST,ZMUP,3854415486,3976030097,3973882731,1532284609,1532284609,FCA,3000614049,3000206300,3000206300,3001114384
1984902,10,403,C1,94,ZMUN,10,10,10,D011,EUR,02-01-2018,14:52:44,FCA,32,1,MUST,ZMUP,5563923280,3976030097,3973882731,1532284609,1532284609,FCA,3000614049,3000206300,3000206300,3001114384
1984902,10,403,C1,94,ZMUN,10,10,10,D011,EUR,02-01-2018,14:52:44,FCA,33,1,MUST,ZMUP,9373345723,3976030097,3973882731,1532284609,1532284609,FCA,3000614049,3000206300,3000206300,3001114384
1984902,10,403,C1,94,ZMUN,10,10,10,D011,EUR,02-01-2018,14:52:44,FCA,34,1,MUST,ZMUP,2374223116,3976030097,3973882731,1532284609,1532284609,FCA,3000614049,3000206300,3000206300,3001114384
1984902,10,403,C1,94,ZMUN,10,10,10,D011,EUR,02-01-2018,14:52:44,FCA,35,1,MUST,ZMUP,5658146787,3976030097,3973882731,1532284609,1532284609,FCA,3000614049,3000206300,3000206300,3001114384
1984902,10,403,C1,94,ZMUN,10,10,10,D011,EUR,02-01-2018,14:52:44,FCA,36,1,MUST,ZMUP,2814193702,3976030097,3973882731,1532284609,1532284609,FCA,3000614049,3000206300,3000206300,3001114384
1984902,10,403,C1,94,ZMUN,10,10,10,D011,EUR,02-01-2018,14:52:44,FCA,37,1,MUST,ZMUP,4202171294,3976030097,3973882731,1532284609,1532284609,FCA,3000614049,3000206300,3000206300,3001114384
1984902,10,403,C1,94,ZMUN,10,10,10,D011,EUR,02-01-2018,14:52:44,FCA,40,1,MUST,ZMUK,2098615586,3976030097,3973882731,1532284609,1532284609,FCA,3000614049,3000206300,3000206300,3001114384
1984902,10,403,C1,94,ZMUN,10,10,10,D011,EUR,02-01-2018,14:52:44,FCA,41,1,MUST,ZMUP,3854415486,3976030097,3973882731,1532284609,1532284609,FCA,3000614049,3000206300,3000206300,3001114384
1984902,10,403,C1,94,ZMUN,10,10,10,D011,EUR,02-01-2018,14:52:44,FCA,42,1,MUST,ZMUP,9373345723,3976030097,3973882731,1532284609,1532284609,FCA,3000614049,3000206300,3000206300,3001114384
1984902,10,403,C1,94,ZMUN,10,10,10,D011,EUR,02-01-2018,14:52:44,FCA,43,1,MUST,ZMUP,2374223116,3976030097,3973882731,1532284609,1532284609,FCA,3000614049,3000206300,3000206300,3001114384
1984902,10,403,C1,94,ZMUN,10,10,10,D011,EUR,02-01-2018,14:52:44,FCA,44,1,MUST,ZMUP,952983167,3976030097,3973882731,1532284609,1532284609,FCA,3000614049,3000206300,3000206300,3001114384
1984902,10,403,C1,94,ZMUN,10,10,10,D011,EUR,02-01-2018,14:52:44,FCA,45,1,MUST,ZMUP,4202171294,3976030097,3973882731,1532284609,1532284609,FCA,3000614049,3000206300,3000206300,3001114384
1984902,10,403,C1,94,ZMUN,10,10,10,D011,EUR,02-01-2018,14:52:44,FCA,50,1,MUST,ZMUK,9999359299,3976030097,3973882731,1532284609,1532284609,FCA,3000614049,3000206300,3000206300,3001114384
1984902,10,403,C1,94,ZMUN,10,10,10,D011,EUR,02-01-2018,14:52:44,FCA,51,1,MUST,ZMUP,3854415486,3976030097,3973882731,1532284609,1532284609,FCA,3000614049,3000206300,3000206300,3001114384
1984902,10,403,C1,94,ZMUN,10,10,10,D011,EUR,02-01-2018,14:52:44,FCA,52,1,MUST,ZMUP,5563923280,3976030097,3973882731,1532284609,1532284609,FCA,3000614049,3000206300,3000206300,3001114384
1984902,10,403,C1,94,ZMUN,10,10,10,D011,EUR,02-01-2018,14:52:44,FCA,53,1,MUST,ZMUP,9373345723,3976030097,3973882731,1532284609,1532284609,FCA,3000614049,3000206300,3000206300,3001114384
1984902,10,403,C1,94,ZMUN,10,10,10,D011,EUR,02-01-2018,14:52:44,FCA,54,1,MUST,ZMUP,2374223116,3976030097,3973882731,1532284609,1532284609,FCA,3000614049,3000206300,3000206300,3001114384
1984902,10,403,C1,94,ZMUN,10,10,10,D011,EUR,02-01-2018,14:52:44,FCA,55,1,MUST,ZMUP,5658146787,3976030097,3973882731,1532284609,1532284609,FCA,3000614049,3000206300,3000206300,3001114384
1984902,10,403,C1,94,ZMUN,10,10,10,D011,EUR,02-01-2018,14:52:44,FCA,56,1,MUST,ZMUP,952983167,3976030097,3973882731,1532284609,1532284609,FCA,3000614049,3000206300,3000206300,3001114384
1984902,10,403,C1,94,ZMUN,10,10,10,D011,EUR,02-01-2018,14:52:44,FCA,57,1,MUST,ZMUP,4202171294,3976030097,3973882731,1532284609,1532284609,FCA,3000614049,3000206300,3000206300,3001114384
1984902,10,403,C1,94,ZMUN,10,10,10,D011,EUR,02-01-2018,14:52:44,FCA,60,1,MUST,ZMUK,8129230954,3976030097,3973882731,1532284609,1532284609,FCA,3000614049,3000206300,3000206300,3001114384
1984902,10,403,C1,94,ZMUN,10,10,10,D011,EUR,02-01-2018,14:52:44,FCA,61,1,MUST,ZMUP,3854415486,3976030097,3973882731,1532284609,1532284609,FCA,3000614049,3000206300,3000206300,3001114384
1984902,10,403,C1,94,ZMUN,10,10,10,D011,EUR,02-01-2018,14:52:44,FCA,62,1,MUST,ZMUP,6176834274,3976030097,3973882731,1532284609,1532284609,FCA,3000614049,3000206300,3000206300,3001114384
1984902,10,403,C1,94,ZMUN,10,10,10,D011,EUR,02-01-2018,14:52:44,FCA,63,1,MUST,ZMUP,9373345723,3976030097,3973882731,1532284609,1532284609,FCA,3000614049,3000206300,3000206300,3001114384
1984902,10,403,C1,94,ZMUN,10,10,10,D011,EUR,02-01-2018,14:52:44,FCA,64,1,MUST,ZMUP,2374223116,3976030097,3973882731,1532284609,1532284609,FCA,3000614049,3000206300,3000206300,3001114384
1984902,10,403,C1,94,ZMUN,10,10,10,D011,EUR,02-01-2018,14:52:44,FCA,65,1,MUST,ZMUP,6307792136,3976030097,3973882731,1532284609,1532284609,FCA,3000614049,3000206300,3000206300,3001114384
1984902,10,403,C1,94,ZMUN,10,10,10,D011,EUR,02-01-2018,14:52:44,FCA,66,1,MUST,ZMUP,952983167,3976030097,3973882731,1532284609,1532284609,FCA,3000614049,3000206300,3000206300,3001114384
1984902,10,403,C1,94,ZMUN,10,10,10,D011,EUR,02-01-2018,14:52:44,FCA,67,1,MUST,ZMUP,4202171294,3976030097,3973882731,1532284609,1532284609,FCA,3000614049,3000206300,3000206300,3001114384
1984902,10,403,C1,94,ZMUN,10,10,10,D011,EUR,02-01-2018,14:52:44,FCA,70,1,MUST,ZMUK,5855791276,3976030097,3973882731,1532284609,1532284609,FCA,3000614049,3000206300,3000206300,3001114384
1984902,10,403,C1,94,ZMUN,10,10,10,D011,EUR,02-01-2018,14:52:44,FCA,71,1,MUST,ZMUP,3854415486,3976030097,3973882731,1532284609,1532284609,FCA,3000614049,3000206300,3000206300,3001114384
1984902,10,403,C1,94,ZMUN,10,10,10,D011,EUR,02-01-2018,14:52:44,FCA,72,1,MUST,ZMUP,5268678379,3976030097,3973882731,1532284609,1532284609,FCA,3000614049,3000206300,3000206300,3001114384
1984902,10,403,C1,94,ZMUN,10,10,10,D011,EUR,02-01-2018,14:52:44,FCA,73,1,MUST,ZMUP,9373345723,3976030097,3973882731,1532284609,1532284609,FCA,3000614049,3000206300,3000206300,3001114384
1984902,10,403,C1,94,ZMUN,10,10,10,D011,EUR,02-01-2018,14:52:44,FCA,74,1,MUST,ZMUP,2374223116,3976030097,3973882731,1532284609,1532284609,FCA,3000614049,3000206300,3000206300,3001114384
1984902,10,403,C1,94,ZMUN,10,10,10,D011,EUR,02-01-2018,14:52:44,FCA,75,1,MUST,ZMUP,7421071840,3976030097,3973882731,1532284609,1532284609,FCA,3000614049,3000206300,3000206300,3001114384
1984902,10,403,C1,94,ZMUN,10,10,10,D011,EUR,02-01-2018,14:52:44,FCA,76,1,MUST,ZMUP,4202171294,3976030097,3973882731,1532284609,1532284609,FCA,3000614049,3000206300,3000206300,3001114384
1984902,10,403,C1,94,ZMUN,10,10,10,D011,EUR,02-01-2018,14:52:44,FCA,80,1,MUST,ZMUK,3505746513,3976030097,3973882731,1532284609,1532284609,FCA,3000614049,3000206300,3000206300,3001114384
1984902,10,403,C1,94,ZMUN,10,10,10,D011,EUR,02-01-2018,14:52:44,FCA,81,1,MUST,ZMUP,3854415486,3976030097,3973882731,1532284609,1532284609,FCA,3000614049,3000206300,3000206300,3001114384
1984902,10,403,C1,94,ZMUN,10,10,10,D011,EUR,02-01-2018,14:52:44,FCA,82,1,MUST,ZMUP,5563923280,3976030097,3973882731,1532284609,1532284609,FCA,3000614049,3000206300,3000206300,3001114384
1984902,10,403,C1,94,ZMUN,10,10,10,D011,EUR,02-01-2018,14:52:44,FCA,83,1,MUST,ZMUP,5268678379,3976030097,3973882731,1532284609,1532284609,FCA,3000614049,3000206300,3000206300,3001114384
1984902,10,403,C1,94,ZMUN,10,10,10,D011,EUR,02-01-2018,14:52:44,FCA,84,1,MUST,ZMUP,5658146787,3976030097,3973882731,1532284609,1532284609,FCA,3000614049,3000206300,3000206300,3001114384
1984902,10,403,C1,94,ZMUN,10,10,10,D011,EUR,02-01-2018,14:52:44,FCA,85,1,MUST,ZMUP,9373345723,3976030097,3973882731,1532284609,1532284609,FCA,3000614049,3000206300,3000206300,3001114384
1984902,10,403,C1,94,ZMUN,10,10,10,D011,EUR,02-01-2018,14:52:44,FCA,86,1,MUST,ZMUP,2374223116,3976030097,3973882731,1532284609,1532284609,FCA,3000614049,3000206300,3000206300,3001114384
1984902,10,403,C1,94,ZMUN,10,10,10,D011,EUR,02-01-2018,14:52:44,FCA,87,1,MUST,ZMUP,7421071840,3976030097,3973882731,1532284609,1532284609,FCA,3000614049,3000206300,3000206300,3001114384
1984902,10,403,C1,94,ZMUN,10,10,10,D011,EUR,02-01-2018,14:52:44,FCA,88,1,MUST,ZMUP,4202171294,3976030097,3973882731,1532284609,1532284609,FCA,3000614049,3000206300,3000206300,3001114384
1984902,10,403,C1,94,ZMUN,10,10,10,D011,EUR,02-01-2018,14:52:44,FCA,90,1,MUST,ZMUK,929454646,3976030097,3973882731,1532284609,1532284609,FCA,3000614049,3000206300,3000206300,3001114384
1984902,10,403,C1,94,ZMUN,10,10,10,D011,EUR,02-01-2018,14:52:44,FCA,91,1,MUST,ZMUP,3854415486,3976030097,3973882731,1532284609,1532284609,FCA,3000614049,3000206300,3000206300,3001114384
1984902,10,403,C1,94,ZMUN,10,10,10,D011,EUR,02-01-2018,14:52:44,FCA,92,1,MUST,ZMUP,5268678379,3976030097,3973882731,1532284609,1532284609,FCA,3000614049,3000206300,3000206300,3001114384
1984902,10,403,C1,94,ZMUN,10,10,10,D011,EUR,02-01-2018,14:52:44,FCA,93,1,MUST,ZMUP,9373345723,3976030097,3973882731,1532284609,1532284609,FCA,3000614049,3000206300,3000206300,3001114384
1984902,10,403,C1,94,ZMUN,10,10,10,D011,EUR,02-01-2018,14:52:44,FCA,94,1,MUST,ZMUP,2374223116,3976030097,3973882731,1532284609,1532284609,FCA,3000614049,3000206300,3000206300,3001114384
1984902,10,403,C1,94,ZMUN,10,10,10,D011,EUR,02-01-2018,14:52:44,FCA,95,1,MUST,ZMUP,9897383865,3976030097,3973882731,1532284609,1532284609,FCA,3000614049,3000206300,3000206300,3001114384
1984902,10,403,C1,94,ZMUN,10,10,10,D011,EUR,02-01-2018,14:52:44,FCA,96,1,MUST,ZMUP,4202171294,3976030097,3973882731,1532284609,1532284609,FCA,3000614049,3000206300,3000206300,3001114384
1984902,10,403,C1,94,ZMUN,10,10,10,D011,EUR,02-01-2018,14:52:44,FCA,100,1,MUST,ZMUK,6766882218,3976030097,3973882731,1532284609,1532284609,FCA,3000614049,3000206300,3000206300,3001114384
1984902,10,403,C1,94,ZMUN,10,10,10,D011,EUR,02-01-2018,14:52:44,FCA,101,1,MUST,ZMUP,3854415486,3976030097,3973882731,1532284609,1532284609,FCA,3000614049,3000206300,3000206300,3001114384
1984902,10,403,C1,94,ZMUN,10,10,10,D011,EUR,02-01-2018,14:52:44,FCA,102,1,MUST,ZMUP,6176834274,3976030097,3973882731,1532284609,1532284609,FCA,3000614049,3000206300,3000206300,3001114384
1984902,10,403,C1,94,ZMUN,10,10,10,D011,EUR,02-01-2018,14:52:44,FCA,103,1,MUST,ZMUP,5268678379,3976030097,3973882731,1532284609,1532284609,FCA,3000614049,3000206300,3000206300,3001114384
1984902,10,403,C1,94,ZMUN,10,10,10,D011,EUR,02-01-2018,14:52:44,FCA,104,1,MUST,ZMUP,9373345723,3976030097,3973882731,1532284609,1532284609,FCA,3000614049,3000206300,3000206300,3001114384
1984902,10,403,C1,94,ZMUN,10,10,10,D011,EUR,02-01-2018,14:52:44,FCA,105,1,MUST,ZMUP,2374223116,3976030097,3973882731,1532284609,1532284609,FCA,3000614049,3000206300,3000206300,3001114384
1984902,10,403,C1,94,ZMUN,10,10,10,D011,EUR,02-01-2018,14:52:44,FCA,106,1,MUST,ZMUP,6307792136,3976030097,3973882731,1532284609,1532284609,FCA,3000614049,3000206300,3000206300,3001114384
1984902,10,403,C1,94,ZMUN,10,10,10,D011,EUR,02-01-2018,14:52:44,FCA,107,1,MUST,ZMUP,9897383865,3976030097,3973882731,1532284609,1532284609,FCA,3000614049,3000206300,3000206300,3001114384
1984902,10,403,C1,94,ZMUN,10,10,10,D011,EUR,02-01-2018,14:52:44,FCA,108,1,MUST,ZMUP,4202171294,3976030097,3973882731,1532284609,1532284609,FCA,3000614049,3000206300,3000206300,3001114384
1984903,10,419,42,1,TA,1300,10,10,D015,EUR,02-01-2018,14:57:00,DDP,10,1300,1300,TAN,8280880548,4525234065,2376739802,7886872561,4525234065,DDP,3000431390,3000431396,3000431390,3000432888
1984903,10,419,42,1,TA,1300,10,10,D015,EUR,02-01-2018,14:57:00,DDP,20,1300,1300,ZTCH,8280880548,4525234065,2376739802,7886872561,4525234065,DDP,3000431390,3000431396,3000431390,3000432888
1984904,10,551,3,18,TA,1600,10,10,NL80,EUR,02-01-2018,14:58:46,DAP,10,1600,1601,TAN,1992432764,5261191143,2957365389,5261191143,5261191143,DAP,3000585499,3000585499,3000585499,3000210055
1984904,10,551,3,18,TA,1600,10,10,NL80,EUR,02-01-2018,14:58:46,DAP,20,1600,1601,ZTCH,1992432764,5261191143,2957365389,5261191143,5261191143,DAP,3000585499,3000585499,3000585499,3000210055
1984905,10,705,32,5,TA,10,10,10,D011,EUR,02-01-2018,14:51:42,FCA,10,1,1,TAN,381890430,4742731422,4742731422,4742731422,4742731422,FCA,3000209037,3000209037,3000209037,3000209037
1984905,10,705,32,5,TA,10,10,10,D011,EUR,02-01-2018,14:51:42,FCA,20,1,1,TAN,4406712838,4742731422,4742731422,4742731422,4742731422,FCA,3000209037,3000209037,3000209037,3000209037
1984905,10,705,32,5,TA,10,10,10,D011,EUR,02-01-2018,14:51:42,FCA,30,1,1,TAN,6443723379,4742731422,4742731422,4742731422,4742731422,FCA,3000209037,3000209037,3000209037,3000209037
1984905,10,705,32,5,TA,10,10,10,D011,EUR,02-01-2018,14:51:42,FCA,40,1,1,TAN,7350932264,4742731422,4742731422,4742731422,4742731422,FCA,3000209037,3000209037,3000209037,3000209037
1984905,10,705,32,5,TA,10,10,10,D011,EUR,02-01-2018,14:51:42,FCA,50,1,1,TAN,7343441602,4742731422,4742731422,4742731422,4742731422,FCA,3000209037,3000209037,3000209037,3000209037
1984905,10,705,32,5,TA,10,10,10,D011,EUR,02-01-2018,14:51:42,FCA,60,1,1,TAN,3668223230,4742731422,4742731422,4742731422,4742731422,FCA,3000209037,3000209037,3000209037,3000209037
1984906,10,789,33,1,TA,10,10,10,D011,EUR,02-01-2018,14:53:32,DDP,10,1,1,TAN,2476981437,4150938890,5974139190,4150938890,4150938890,DDP,3000548032,3000548032,3000548032,3000601148
1984906,10,789,33,1,TA,10,10,10,D011,EUR,02-01-2018,14:53:32,DDP,20,1,1,ZTCH,2476981437,4150938890,5974139190,4150938890,4150938890,DDP,3000548032,3000548032,3000548032,3000601148
1984907,10,519,27,99,ZMUN,5900,10,10,D060,EUR,02-01-2018,14:58:44,DAP,10,5900,5902,ZMUK,8679995756,1788126284,1788126284,1788126284,1788126284,DAP,3000414724,3000414724,3000414724,3000414724
1984907,10,519,27,99,ZMUN,5900,10,10,D060,EUR,02-01-2018,14:58:44,DAP,20,5900,5902,ZMUK,1395777487,1788126284,1788126284,1788126284,1788126284,DAP,3000414724,3000414724,3000414724,3000414724
1984907,10,519,27,99,ZMUN,5900,10,10,D060,EUR,02-01-2018,14:58:44,DAP,30,5900,5902,ZMUK,4001148297,1788126284,1788126284,1788126284,1788126284,DAP,3000414724,3000414724,3000414724,3000414724
1984908,10,403,C1,94,ZMUN,10,10,10,D011,EUR,02-01-2018,14:59:11,FCA,10,1,MUST,ZMUK,4145533930,3976030097,3973882731,1532284609,1532284609,FCA,3000614049,3000206300,3000206300,3001114384
1984908,10,403,C1,94,ZMUN,10,10,10,D011,EUR,02-01-2018,14:59:11,FCA,20,1,MUST,ZMUK,5078403260,3976030097,3973882731,1532284609,1532284609,FCA,3000614049,3000206300,3000206300,3001114384
1984908,10,403,C1,94,ZMUN,10,10,10,D011,EUR,02-01-2018,14:59:11,FCA,30,1,MUST,ZMUK,8556264597,3976030097,3973882731,1532284609,1532284609,FCA,3000614049,3000206300,3000206300,3001114384
1984909,10,726,96,1,TA,10,10,10,D011,EUR,02-01-2018,14:49:55,DDP,10,1,1,TAN,8854995152,9458338227,512181801,4832963765,4832963765,DDP,3000215092,3000474728,3000474728,3000367744
1984910,10,414,54,1,ZVOR,10,10,10,D011,EUR,02-01-2018,14:55:17,DDP,10,1,1,ZVN,6323014248,5169951620,5169951620,5169951620,5169951620,DDP,3000469563,3000469563,3000469563,3000469563
1984911,10,361,3,99,ZMUN,300,10,10,NL30,EUR,02-01-2018,14:56:02,DDP,10,310,302,ZMUK,4425843129,7793503971,7793503971,7793503971,7793503971,DDP,3000536110,3000536110,3000536110,3000536110
1984911,10,361,3,99,ZMUN,300,10,10,NL30,EUR,02-01-2018,14:56:02,DDP,20,310,302,ZMUK,4237549962,7793503971,7793503971,7793503971,7793503971,DDP,3000536110,3000536110,3000536110,3000536110
1984913,10,221,27,5,TA,1600,10,10,NL80,EUR,02-01-2018,15:03:09,EXW,10,1600,1601,TAN,2869041012,2972983400,1891587928,1061484183,1061484183,EXW,3000369144,3000208118,3000208118,3000211708
1984914,10,426,32,99,ZMUN,10,10,10,D011,EUR,02-01-2018,15:03:40,DDP,10,1,MUST,ZMUK,250954908,8038550442,8038550442,8038550442,8038550442,DDP,3000398133,3000398133,3000398133,3000398133
1984914,10,426,32,99,ZMUN,10,10,10,D011,EUR,02-01-2018,15:03:40,DDP,11,1,MUST,ZMUP,9298806819,8038550442,8038550442,8038550442,8038550442,DDP,3000398133,3000398133,3000398133,3000398133
1984914,10,426,32,99,ZMUN,10,10,10,D011,EUR,02-01-2018,15:03:40,DDP,12,1,MUST,ZMUP,7726515500,8038550442,8038550442,8038550442,8038550442,DDP,3000398133,3000398133,3000398133,3000398133
1984914,10,426,32,99,ZMUN,10,10,10,D011,EUR,02-01-2018,15:03:40,DDP,13,1,MUST,ZMUP,6052052580,8038550442,8038550442,8038550442,8038550442,DDP,3000398133,3000398133,3000398133,3000398133
1984914,10,426,32,99,ZMUN,10,10,10,D011,EUR,02-01-2018,15:03:40,DDP,14,1,MUST,ZMUP,1598676124,8038550442,8038550442,8038550442,8038550442,DDP,3000398133,3000398133,3000398133,3000398133
1984914,10,426,32,99,ZMUN,10,10,10,D011,EUR,02-01-2018,15:03:40,DDP,15,1,MUST,ZMUP,5268678379,8038550442,8038550442,8038550442,8038550442,DDP,3000398133,3000398133,3000398133,3000398133
1984914,10,426,32,99,ZMUN,10,10,10,D011,EUR,02-01-2018,15:03:40,DDP,16,1,MUST,ZMUP,3755243785,8038550442,8038550442,8038550442,8038550442,DDP,3000398133,3000398133,3000398133,3000398133
1984914,10,426,32,99,ZMUN,10,10,10,D011,EUR,02-01-2018,15:03:40,DDP,17,1,MUST,ZMUP,422017490,8038550442,8038550442,8038550442,8038550442,DDP,3000398133,3000398133,3000398133,3000398133
1984915,10,419,42,1,TA,10,10,10,D011,EUR,02-01-2018,15:03:44,DDP,10,1,1,TAN,2188376934,1243929967,6710885519,1243929967,1243929967,DDP,3001129625,3001129625,3001129625,3000206366
1984915,10,419,42,1,TA,10,10,10,D011,EUR,02-01-2018,15:03:44,DDP,20,1,1,TAN,1961574414,1243929967,6710885519,1243929967,1243929967,DDP,3001129625,3001129625,3001129625,3000206366
1984915,10,419,42,1,TA,10,10,10,D011,EUR,02-01-2018,15:03:44,DDP,30,1,1,TAN,554697861,1243929967,6710885519,1243929967,1243929967,DDP,3001129625,3001129625,3001129625,3000206366
1984915,10,419,42,1,TA,10,10,10,D011,EUR,02-01-2018,15:03:44,DDP,40,1,1,TAN,5350360188,1243929967,6710885519,1243929967,1243929967,DDP,3001129625,3001129625,3001129625,3000206366
1984915,10,419,42,1,TA,10,10,10,D011,EUR,02-01-2018,15:03:44,DDP,50,1,1,TAN,2732111223,1243929967,6710885519,1243929967,1243929967,DDP,3001129625,3001129625,3001129625,3000206366
1984915,10,419,42,1,TA,10,10,10,D011,EUR,02-01-2018,15:03:44,DDP,60,1,1,TANN,2188376934,1243929967,6710885519,1243929967,1243929967,DDP,3001129625,3001129625,3001129625,3000206366
1984915,10,419,42,1,TA,10,10,10,D011,EUR,02-01-2018,15:03:44,DDP,70,1,1,TANN,1961574414,1243929967,6710885519,1243929967,1243929967,DDP,3001129625,3001129625,3001129625,3000206366
1984915,10,419,42,1,TA,10,10,10,D011,EUR,02-01-2018,15:03:44,DDP,80,1,1,TANN,554697861,1243929967,6710885519,1243929967,1243929967,DDP,3001129625,3001129625,3001129625,3000206366
1984915,10,419,42,1,TA,10,10,10,D011,EUR,02-01-2018,15:03:44,DDP,90,1,1,TANN,5350360188,1243929967,6710885519,1243929967,1243929967,DDP,3001129625,3001129625,3001129625,3000206366
1984915,10,419,42,1,TA,10,10,10,D011,EUR,02-01-2018,15:03:44,DDP,100,1,1,TANN,2732111223,1243929967,6710885519,1243929967,1243929967,DDP,3001129625,3001129625,3001129625,3000206366
1984915,10,419,42,1,TA,10,10,10,D011,EUR,02-01-2018,15:03:44,DDP,110,1,1,TANN,3166000468,1243929967,6710885519,1243929967,1243929967,DDP,3001129625,3001129625,3001129625,3000206366
1984915,10,419,42,1,TA,10,10,10,D011,EUR,02-01-2018,15:03:44,DDP,120,1,1,TANN,5169152049,1243929967,6710885519,1243929967,1243929967,DDP,3001129625,3001129625,3001129625,3000206366
1984915,10,419,42,1,TA,10,10,10,D011,EUR,02-01-2018,15:03:44,DDP,130,1,1,TANN,2241044931,1243929967,6710885519,1243929967,1243929967,DDP,3001129625,3001129625,3001129625,3000206366
1984915,10,419,42,1,TA,10,10,10,D011,EUR,02-01-2018,15:03:44,DDP,140,1,1,TANN,5377165965,1243929967,6710885519,1243929967,1243929967,DDP,3001129625,3001129625,3001129625,3000206366
1984915,10,419,42,1,TA,10,10,10,D011,EUR,02-01-2018,15:03:44,DDP,150,1,1,TANN,4668212164,1243929967,6710885519,1243929967,1243929967,DDP,3001129625,3001129625,3001129625,3000206366
1984915,10,419,42,1,TA,10,10,10,D011,EUR,02-01-2018,15:03:44,DDP,160,1,1,TANN,7794973916,1243929967,6710885519,1243929967,1243929967,DDP,3001129625,3001129625,3001129625,3000206366
1984915,10,419,42,1,TA,10,10,10,D011,EUR,02-01-2018,15:03:44,DDP,170,1,1,TANN,3756206960,1243929967,6710885519,1243929967,1243929967,DDP,3001129625,3001129625,3001129625,3000206366
1984916,10,419,D1,1,TA,10,10,10,D011,EUR,02-01-2018,15:08:21,DDP,10,1,1,TAN,7847900,3372081113,6640314471,3372081113,3372081113,DDP,3000208685,3000208685,3000208685,3000213065
1984916,10,419,D1,1,TA,10,10,10,D011,EUR,02-01-2018,15:08:21,DDP,20,1,1,ZTCH,7847900,3372081113,6640314471,3372081113,3372081113,DDP,3000208685,3000208685,3000208685,3000213065
1984917,10,282,32,13,TA,700,10,10,PL10,EUR,02-01-2018,15:07:52,DAP,10,700,700,TAN,9747789108,3775792943,2071576259,3775792943,3775792943,DAP,3000517013,3000517013,3000517013,3000473775
1984918,10,794,32,12,TA,2000,10,10,PL20,PLN,02-01-2018,11:46:56,DDP,10,2000,2000,TAN,1996405584,888119702,888119702,888119702,888119702,DDP,3000475257,3000475257,3000475257,3000475257
1984919,10,789,33,1,TA,10,10,10,D011,EUR,02-01-2018,15:08:28,DAP,10,1,1,TAN,5947134018,4150938890,5974139190,4150938890,4150938890,DAP,3000548032,3000548032,3000548032,3000601148
1984919,10,789,33,1,TA,10,10,10,D011,EUR,02-01-2018,15:08:28,DAP,20,1,1,ZTCH,5947134018,4150938890,5974139190,4150938890,4150938890,DAP,3000548032,3000548032,3000548032,3000601148
1984919,10,789,33,1,TA,10,10,10,D011,EUR,02-01-2018,15:08:28,DAP,30,1,1,TAN,9936425648,4150938890,5974139190,4150938890,4150938890,DAP,3000548032,3000548032,3000548032,3000601148
1984919,10,789,33,1,TA,10,10,10,D011,EUR,02-01-2018,15:08:28,DAP,40,1,1,ZTCH,9936425648,4150938890,5974139190,4150938890,4150938890,DAP,3000548032,3000548032,3000548032,3000601148
1984920,10,328,591,1,TA,10,10,10,D011,EUR,02-01-2018,15:11:09,DDP,10,1,1,TAN,4737279315,3834268042,3834268042,5229307829,3834268042,DDP,3000207715,3000434914,3000207715,3000207715
1984920,10,328,591,1,TA,10,10,10,D011,EUR,02-01-2018,15:11:09,DDP,20,1,1,TAN,5835031393,3834268042,3834268042,5229307829,3834268042,DDP,3000207715,3000434914,3000207715,3000207715
1984921,10,419,1,98,ZMUN,10,10,10,D011,EUR,02-01-2018,15:14:05,DDP,10,1,MUST,ZMUK,3223819703,4081585965,4081585965,4081585965,4081585965,DDP,3000208220,3000208220,3000208220,3000208220
1984921,10,419,1,98,ZMUN,10,10,10,D011,EUR,02-01-2018,15:14:05,DDP,11,1,MUST,ZMUP,3941444977,4081585965,4081585965,4081585965,4081585965,DDP,3000208220,3000208220,3000208220,3000208220
1984921,10,419,1,98,ZMUN,10,10,10,D011,EUR,02-01-2018,15:14:05,DDP,12,1,MUST,ZMUP,1171922219,4081585965,4081585965,4081585965,4081585965,DDP,3000208220,3000208220,3000208220,3000208220
1984921,10,419,1,98,ZMUN,10,10,10,D011,EUR,02-01-2018,15:14:05,DDP,13,1,MUST,ZMUP,4132305399,4081585965,4081585965,4081585965,4081585965,DDP,3000208220,3000208220,3000208220,3000208220
1984921,10,419,1,98,ZMUN,10,10,10,D011,EUR,02-01-2018,15:14:05,DDP,14,1,MUST,ZMUP,3755243785,4081585965,4081585965,4081585965,4081585965,DDP,3000208220,3000208220,3000208220,3000208220
1984921,10,419,1,98,ZMUN,10,10,10,D011,EUR,02-01-2018,15:14:05,DDP,15,1,MUST,ZMUP,6490267983,4081585965,4081585965,4081585965,4081585965,DDP,3000208220,3000208220,3000208220,3000208220
1984922,10,328,591,1,TA,10,10,10,D011,EUR,02-01-2018,15:14:54,DDP,10,1,1,TAN,9384551256,3834268042,3834268042,5229307829,3834268042,DDP,3000207715,3000434914,3000207715,3000207715
1984922,10,328,591,1,TA,10,10,10,D011,EUR,02-01-2018,15:14:54,DDP,20,1,1,TAN,9831975436,3834268042,3834268042,5229307829,3834268042,DDP,3000207715,3000434914,3000207715,3000207715
1984923,10,328,591,1,TA,10,10,10,D011,EUR,02-01-2018,15:17:08,DDP,10,1,1,TAN,9015903040,3834268042,3834268042,5229307829,3834268042,DDP,3000207715,3000434914,3000207715,3000207715
1984924,10,706,33,13,TA,4200,10,10,DK20,DKK,02-01-2018,15:17:37,DDP,10,4200,4200,TAN,3783049267,5613770852,5613770852,5613770852,5613770852,DDP,3000215013,3000215013,3000215013,3000215013
1984925,10,250,70,1,TA,10,10,10,D011,EUR,02-01-2018,15:12:57,DDP,10,1,1,TAN,7130424232,8349353204,8349353204,8349353204,8349353204,DDP,3000953562,3000953562,3000953562,3000953562
1984925,10,250,70,1,TA,10,10,10,D011,EUR,02-01-2018,15:12:57,DDP,20,1,1,ZTCH,7130424232,8349353204,8349353204,8349353204,8349353204,DDP,3000953562,3000953562,3000953562,3000953562
1984925,10,250,70,1,TA,10,10,10,D011,EUR,02-01-2018,15:12:57,DDP,30,1,1,TAN,6996429530,8349353204,8349353204,8349353204,8349353204,DDP,3000953562,3000953562,3000953562,3000953562
1984925,10,250,70,1,TA,10,10,10,D011,EUR,02-01-2018,15:12:57,DDP,40,1,1,ZTCH,6996429530,8349353204,8349353204,8349353204,8349353204,DDP,3000953562,3000953562,3000953562,3000953562
1984925,10,250,70,1,TA,10,10,10,D011,EUR,02-01-2018,15:12:57,DDP,50,1,1,TAN,9266649443,8349353204,8349353204,8349353204,8349353204,DDP,3000953562,3000953562,3000953562,3000953562
1984925,10,250,70,1,TA,10,10,10,D011,EUR,02-01-2018,15:12:57,DDP,60,1,1,ZTCH,9266649443,8349353204,8349353204,8349353204,8349353204,DDP,3000953562,3000953562,3000953562,3000953562
1984925,10,250,70,1,TA,10,10,10,D011,EUR,02-01-2018,15:12:57,DDP,70,1,1,TAN,9605769808,8349353204,8349353204,8349353204,8349353204,DDP,3000953562,3000953562,3000953562,3000953562
1984925,10,250,70,1,TA,10,10,10,D011,EUR,02-01-2018,15:12:57,DDP,80,1,1,ZTCH,9605769808,8349353204,8349353204,8349353204,8349353204,DDP,3000953562,3000953562,3000953562,3000953562
1984926,10,328,591,1,TA,10,10,10,D011,EUR,02-01-2018,15:18:32,DDP,10,1,1,TAN,4737279315,3834268042,3834268042,5229307829,3834268042,DDP,3000207715,3000434914,3000207715,3000207715
1984926,10,328,591,1,TA,10,10,10,D011,EUR,02-01-2018,15:18:32,DDP,20,1,1,TAN,5835031393,3834268042,3834268042,5229307829,3834268042,DDP,3000207715,3000434914,3000207715,3000207715
1984926,10,328,591,1,TA,10,10,10,D011,EUR,02-01-2018,15:18:32,DDP,30,1,1,TAN,3432924780,3834268042,3834268042,5229307829,3834268042,DDP,3000207715,3000434914,3000207715,3000207715
1984927,10,421,228,1,TA,10,10,10,D011,EUR,02-01-2018,15:20:39,DDP,10,1,1,TAN,175073146,3678953698,1440723569,3678953698,3678953698,DDP,3000454869,3000454869,3000454869,3000470580
1984928,10,328,591,1,TA,10,10,10,D011,EUR,02-01-2018,15:21:58,DDP,10,1,1,TAN,9015903040,3834268042,3834268042,5229307829,3834268042,DDP,3000207715,3000434914,3000207715,3000207715
1984929,10,796,32,99,ZMUN,10,10,10,D011,EUR,02-01-2018,15:09:40,DDP,10,1,MUST,ZMUK,9513662069,1250805129,851548071,1250805129,1250805129,DDP,3000518484,3000518484,3000518484,3000208064
1984930,10,341,3,13,TA,4200,10,10,DK20,SEK,02-01-2018,15:25:23,DDP,40,4200,4200,TAN,166521837,8686364201,7521123098,8686364201,8686364201,DDP,3000215296,3000215296,3000215296,3000609005
1984930,10,341,3,13,TA,4200,10,10,DK20,SEK,02-01-2018,15:25:23,DDP,90,4200,4200,TAN,4542573839,8686364201,7521123098,8686364201,8686364201,DDP,3000215296,3000215296,3000215296,3000609005
1984930,10,341,3,13,TA,4200,10,10,DK20,SEK,02-01-2018,15:25:23,DDP,120,4200,4200,TAN,838481089,8686364201,7521123098,8686364201,8686364201,DDP,3000215296,3000215296,3000215296,3000609005
1984930,10,341,3,13,TA,4200,10,10,DK20,SEK,02-01-2018,15:25:23,DDP,170,4200,4200,TAN,4750794382,8686364201,7521123098,8686364201,8686364201,DDP,3000215296,3000215296,3000215296,3000609005
1984930,10,341,3,13,TA,4200,10,10,DK20,SEK,02-01-2018,15:25:23,DDP,250,4200,4200,TAN,9366378517,8686364201,7521123098,8686364201,8686364201,DDP,3000215296,3000215296,3000215296,3000609005
1984930,10,341,3,13,TA,4200,10,10,DK20,SEK,02-01-2018,15:25:23,DDP,260,4200,4200,TAN,8056330672,8686364201,7521123098,8686364201,8686364201,DDP,3000215296,3000215296,3000215296,3000609005
1984930,10,341,3,13,TA,4200,10,10,DK20,SEK,02-01-2018,15:25:23,DDP,310,4200,4200,TAN,8782214129,8686364201,7521123098,8686364201,8686364201,DDP,3000215296,3000215296,3000215296,3000609005
1984930,10,341,3,13,TA,4200,10,10,DK20,SEK,02-01-2018,15:25:23,DDP,340,4200,4200,TAN,196211707,8686364201,7521123098,8686364201,8686364201,DDP,3000215296,3000215296,3000215296,3000609005
1984931,10,668,3,1,TA,4600,10,10,US30,USD,02-01-2018,14:57:45,DDP,10,4600,4600,TAN,5043160763,7054915132,1871381779,7054915132,7054915132,DDP,3000592205,3000592205,3000592205,3000595165
1984932,10,991,3,1,TA,10,10,10,D011,EUR,02-01-2018,15:22:47,DDP,10,1,1,TAN,6993413442,2411985937,2411985937,2411985937,2411985937,DDP,3000208174,3000208174,3000208174,3000208174
1984933,10,364,95,1,TA,300,10,10,NL30,EUR,02-01-2018,15:22:45,CIP,10,310,300,TAN,5499179045,1647117291,6583078684,1647117291,1647117291,CIP,3000384742,3000384742,3000384742,3000219597
1984933,10,364,95,1,TA,300,10,10,NL30,EUR,02-01-2018,15:22:45,CIP,20,310,300,ZTCH,5499179045,1647117291,6583078684,1647117291,1647117291,CIP,3000384742,3000384742,3000384742,3000219597
1984934,10,991,3,1,TA,1300,10,10,D015,EUR,02-01-2018,15:27:46,DDP,10,1300,1300,TAN,9054572159,2411985937,2411985937,2411985937,2411985937,DDP,3000208174,3000208174,3000208174,3000208174
1984937,10,266,42,96,ZMUN,2000,10,10,PL20,EUR,02-01-2018,15:28:11,DDP,10,2000,2002,ZMUK,8841608387,623522596,623522596,623522596,623522596,DDP,3000320364,3000320364,3000320364,3000320364
1984938,10,420,3,1,TA,1600,10,10,NL80,EUR,02-01-2018,15:30:05,DDP,10,1600,1600,TAN,9484232524,3045044161,3045044161,3045044161,3045044161,DDP,3000223460,3000223460,3000223460,3000223460
1984938,10,420,3,1,TA,1600,10,10,NL80,EUR,02-01-2018,15:30:05,DDP,20,1600,1600,ZTCH,9484232524,3045044161,3045044161,3045044161,3045044161,DDP,3000223460,3000223460,3000223460,3000223460
1984939,10,520,3,99,ZMUN,5900,10,10,D060,EUR,02-01-2018,15:31:22,DDP,10,5900,5902,ZMUK,2113484250,7647270179,9352794312,7647270179,7647270179,DDP,3000595011,3000595011,3000595011,3000208984
1984940,10,311,40,1,TA,10,10,10,D011,EUR,02-01-2018,15:18:05,DDP,10,1,1,TAN,1840729698,6349332874,6349332874,6349332874,6349332874,DDP,3000214989,3000214989,3000214989,3000214989
1984941,10,974,EV23,99,ZMUN,10,10,10,D011,EUR,02-01-2018,15:32:41,DDP,10,1,MUST,ZMUK,7677647477,2454602776,4307040617,2454602776,2454602776,DDP,3000213290,3000213290,3000213290,3000898307
1984943,10,974,EV23,98,ZMUN,10,10,10,D011,EUR,02-01-2018,15:35:11,DDP,10,1,MUST,ZMUK,7677647477,2454602776,2454602776,2454602776,2454602776,DDP,3000213290,3000213290,3000213290,3000213290
1984944,10,328,591,1,TA,10,10,10,D011,EUR,02-01-2018,15:36:05,DDP,10,1,1,TAN,5782135345,3834268042,3834268042,5229307829,3834268042,DDP,3000207715,3000434914,3000207715,3000207715
1984945,10,789,32,99,ZMUN,10,10,10,D011,EUR,02-01-2018,15:38:15,DDP,10,1,MUST,ZMUK,1197954838,6259385027,6259385027,6259385027,6259385027,DDP,3000647261,3000647261,3000647261,3000647261
1984945,10,789,32,99,ZMUN,10,10,10,D011,EUR,02-01-2018,15:38:15,DDP,20,1,MUST,ZMUK,4651591963,6259385027,6259385027,6259385027,6259385027,DDP,3000647261,3000647261,3000647261,3000647261
1984945,10,789,32,99,ZMUN,10,10,10,D011,EUR,02-01-2018,15:38:15,DDP,30,1,MUST,ZMUK,3150330578,6259385027,6259385027,6259385027,6259385027,DDP,3000647261,3000647261,3000647261,3000647261
1984945,10,789,32,99,ZMUN,10,10,10,D011,EUR,02-01-2018,15:38:15,DDP,40,1,MUST,ZMUK,792833665,6259385027,6259385027,6259385027,6259385027,DDP,3000647261,3000647261,3000647261,3000647261
1984945,10,789,32,99,ZMUN,10,10,10,D011,EUR,02-01-2018,15:38:15,DDP,50,1,MUST,ZMUK,6293129717,6259385027,6259385027,6259385027,6259385027,DDP,3000647261,3000647261,3000647261,3000647261
1984945,10,789,32,99,ZMUN,10,10,10,D011,EUR,02-01-2018,15:38:15,DDP,60,1,MUST,ZMUK,4437422080,6259385027,6259385027,6259385027,6259385027,DDP,3000647261,3000647261,3000647261,3000647261
1984945,10,789,32,99,ZMUN,10,10,10,D011,EUR,02-01-2018,15:38:15,DDP,70,1,MUST,ZMUK,97743634,6259385027,6259385027,6259385027,6259385027,DDP,3000647261,3000647261,3000647261,3000647261
1984946,10,548,33,1,TA,10,10,10,D011,EUR,02-01-2018,15:41:16,DDP,10,1,1,TAN,3528246238,7800747996,7800747996,9657134080,9657134080,DDP,3000207305,3000447143,3000447143,3000207305
1984946,10,548,33,1,TA,10,10,10,D011,EUR,02-01-2018,15:41:16,DDP,20,1,1,ZTCH,3528246238,7800747996,7800747996,9657134080,9657134080,DDP,3000207305,3000447143,3000447143,3000207305
1984947,10,205,203,1,TA,10,10,10,D011,EUR,02-01-2018,15:40:31,DDP,10,1,1,TAN,2405382206,7378287125,7378287125,7378287125,7378287125,DDP,3000206711,3000206711,3000206711,3000206711
1984948,10,789,32,99,ZMUN,10,10,10,D011,EUR,02-01-2018,15:40:59,DDP,10,1,MUST,ZMUK,3099027842,6259385027,6259385027,6259385027,6259385027,DDP,3000647261,3000647261,3000647261,3000647261
1984948,10,789,32,99,ZMUN,10,10,10,D011,EUR,02-01-2018,15:40:59,DDP,20,1,MUST,ZMUK,9991605832,6259385027,6259385027,6259385027,6259385027,DDP,3000647261,3000647261,3000647261,3000647261
1984949,10,548,33,1,TA,10,10,10,D011,EUR,02-01-2018,15:41:51,DDP,10,1,1,TAN,364292625,7800747996,7800747996,9657134080,9657134080,DDP,3000207305,3000447143,3000447143,3000207305
1984949,10,548,33,1,TA,10,10,10,D011,EUR,02-01-2018,15:41:51,DDP,20,1,1,ZTCH,364292625,7800747996,7800747996,9657134080,9657134080,DDP,3000207305,3000447143,3000447143,3000207305
1984950,10,520,95,96,ZMUN,10,10,10,D011,EUR,02-01-2018,15:38:54,DDP,10,1,MUST,ZMUK,4567155796,7647270179,9352794312,7647270179,7647270179,DDP,3000595011,3000595011,3000595011,3000208984
1984950,10,520,95,96,ZMUN,10,10,10,D011,EUR,02-01-2018,15:38:54,DDP,11,1,MUST,ZMUP,1183381524,7647270179,9352794312,7647270179,7647270179,DDP,3000595011,3000595011,3000595011,3000208984
1984950,10,520,95,96,ZMUN,10,10,10,D011,EUR,02-01-2018,15:38:54,DDP,12,1,MUST,ZMUP,7876477930,7647270179,9352794312,7647270179,7647270179,DDP,3000595011,3000595011,3000595011,3000208984
1984950,10,520,95,96,ZMUN,10,10,10,D011,EUR,02-01-2018,15:38:54,DDP,13,1,MUST,ZMUP,2391909785,7647270179,9352794312,7647270179,7647270179,DDP,3000595011,3000595011,3000595011,3000208984
1984950,10,520,95,96,ZMUN,10,10,10,D011,EUR,02-01-2018,15:38:54,DDP,14,1,MUST,ZMUP,4880097256,7647270179,9352794312,7647270179,7647270179,DDP,3000595011,3000595011,3000595011,3000208984
1984950,10,520,95,96,ZMUN,10,10,10,D011,EUR,02-01-2018,15:38:54,DDP,15,1,MUST,ZMUP,325860014,7647270179,9352794312,7647270179,7647270179,DDP,3000595011,3000595011,3000595011,3000208984
1984950,10,520,95,96,ZMUN,10,10,10,D011,EUR,02-01-2018,15:38:54,DDP,16,1,MUST,ZMUP,8491060455,7647270179,9352794312,7647270179,7647270179,DDP,3000595011,3000595011,3000595011,3000208984
1984950,10,520,95,96,ZMUN,10,10,10,D011,EUR,02-01-2018,15:38:54,DDP,20,1,MUST,ZMUK,1108104388,7647270179,9352794312,7647270179,7647270179,DDP,3000595011,3000595011,3000595011,3000208984
1984950,10,520,95,96,ZMUN,10,10,10,D011,EUR,02-01-2018,15:38:54,DDP,21,1,MUST,ZMUP,1183381524,7647270179,9352794312,7647270179,7647270179,DDP,3000595011,3000595011,3000595011,3000208984
1984950,10,520,95,96,ZMUN,10,10,10,D011,EUR,02-01-2018,15:38:54,DDP,22,1,MUST,ZMUP,4781863955,7647270179,9352794312,7647270179,7647270179,DDP,3000595011,3000595011,3000595011,3000208984
1984950,10,520,95,96,ZMUN,10,10,10,D011,EUR,02-01-2018,15:38:54,DDP,23,1,MUST,ZMUP,7424133415,7647270179,9352794312,7647270179,7647270179,DDP,3000595011,3000595011,3000595011,3000208984
1984950,10,520,95,96,ZMUN,10,10,10,D011,EUR,02-01-2018,15:38:54,DDP,24,1,MUST,ZMUP,513309244,7647270179,9352794312,7647270179,7647270179,DDP,3000595011,3000595011,3000595011,3000208984
1984950,10,520,95,96,ZMUN,10,10,10,D011,EUR,02-01-2018,15:38:54,DDP,25,1,MUST,ZMUP,1686134615,7647270179,9352794312,7647270179,7647270179,DDP,3000595011,3000595011,3000595011,3000208984
1984950,10,520,95,96,ZMUN,10,10,10,D011,EUR,02-01-2018,15:38:54,DDP,30,1,MUST,ZMUK,777234120,7647270179,9352794312,7647270179,7647270179,DDP,3000595011,3000595011,3000595011,3000208984
1984950,10,520,95,96,ZMUN,10,10,10,D011,EUR,02-01-2018,15:38:54,DDP,31,1,MUST,ZMUP,1951361101,7647270179,9352794312,7647270179,7647270179,DDP,3000595011,3000595011,3000595011,3000208984
1984950,10,520,95,96,ZMUN,10,10,10,D011,EUR,02-01-2018,15:38:54,DDP,32,1,MUST,ZMUP,1397989125,7647270179,9352794312,7647270179,7647270179,DDP,3000595011,3000595011,3000595011,3000208984
1984950,10,520,95,96,ZMUN,10,10,10,D011,EUR,02-01-2018,15:38:54,DDP,33,1,MUST,ZMUP,4026680959,7647270179,9352794312,7647270179,7647270179,DDP,3000595011,3000595011,3000595011,3000208984
1984950,10,520,95,96,ZMUN,10,10,10,D011,EUR,02-01-2018,15:38:54,DDP,34,1,MUST,ZMUP,5200544042,7647270179,9352794312,7647270179,7647270179,DDP,3000595011,3000595011,3000595011,3000208984
1984950,10,520,95,96,ZMUN,10,10,10,D011,EUR,02-01-2018,15:38:54,DDP,35,1,MUST,ZMUP,3730580997,7647270179,9352794312,7647270179,7647270179,DDP,3000595011,3000595011,3000595011,3000208984
1984951,10,464,95,5,TA,300,10,10,NL30,EUR,02-01-2018,15:40:11,FCA,10,310,301,TAN,6544099127,5770203911,5770203911,5770203911,5770203911,FCA,3000208550,3000208550,3000208550,3000208550
1984952,10,H10,32,98,ZMUN,10,10,10,D011,EUR,02-01-2018,15:37:31,DAP,10,1,MUST,ZMUK,9273335446,1992930852,8277524028,1992930852,1992930852,DAP,3000493760,3000493760,3000493760,3000207885
1984952,10,H10,32,98,ZMUN,10,10,10,D011,EUR,02-01-2018,15:37:31,DAP,11,1,MUST,ZMUP,614010011,1992930852,8277524028,1992930852,1992930852,DAP,3000493760,3000493760,3000493760,3000207885
1984952,10,H10,32,98,ZMUN,10,10,10,D011,EUR,02-01-2018,15:37:31,DAP,12,1,MUST,ZMUP,5612736493,1992930852,8277524028,1992930852,1992930852,DAP,3000493760,3000493760,3000493760,3000207885
1984952,10,H10,32,98,ZMUN,10,10,10,D011,EUR,02-01-2018,15:37:31,DAP,13,1,MUST,ZMUP,658281917,1992930852,8277524028,1992930852,1992930852,DAP,3000493760,3000493760,3000493760,3000207885
1984952,10,H10,32,98,ZMUN,10,10,10,D011,EUR,02-01-2018,15:37:31,DAP,14,1,MUST,ZMUP,4103333157,1992930852,8277524028,1992930852,1992930852,DAP,3000493760,3000493760,3000493760,3000207885
1984952,10,H10,32,98,ZMUN,10,10,10,D011,EUR,02-01-2018,15:37:31,DAP,15,1,MUST,ZMUP,2252579173,1992930852,8277524028,1992930852,1992930852,DAP,3000493760,3000493760,3000493760,3000207885
1984952,10,H10,32,98,ZMUN,10,10,10,D011,EUR,02-01-2018,15:37:31,DAP,16,1,MUST,ZMUP,7842134654,1992930852,8277524028,1992930852,1992930852,DAP,3000493760,3000493760,3000493760,3000207885
1984952,10,H10,32,98,ZMUN,10,10,10,D011,EUR,02-01-2018,15:37:31,DAP,17,1,MUST,ZMUP,6395943628,1992930852,8277524028,1992930852,1992930852,DAP,3000493760,3000493760,3000493760,3000207885
1984952,10,H10,32,98,ZMUN,10,10,10,D011,EUR,02-01-2018,15:37:31,DAP,18,1,MUST,ZMUP,3566057238,1992930852,8277524028,1992930852,1992930852,DAP,3000493760,3000493760,3000493760,3000207885
1984952,10,H10,32,98,ZMUN,10,10,10,D011,EUR,02-01-2018,15:37:31,DAP,19,1,MUST,ZMUP,3508747564,1992930852,8277524028,1992930852,1992930852,DAP,3000493760,3000493760,3000493760,3000207885
1984952,10,H10,32,98,ZMUN,10,10,10,D011,EUR,02-01-2018,15:37:31,DAP,20,1,MUST,ZMUP,2466241916,1992930852,8277524028,1992930852,1992930852,DAP,3000493760,3000493760,3000493760,3000207885
1984952,10,H10,32,98,ZMUN,10,10,10,D011,EUR,02-01-2018,15:37:31,DAP,21,1,MUST,ZMUP,1673859463,1992930852,8277524028,1992930852,1992930852,DAP,3000493760,3000493760,3000493760,3000207885
1984952,10,H10,32,98,ZMUN,10,10,10,D011,EUR,02-01-2018,15:37:31,DAP,22,1,MUST,ZMUP,3411089525,1992930852,8277524028,1992930852,1992930852,DAP,3000493760,3000493760,3000493760,3000207885
1984952,10,H10,32,98,ZMUN,10,10,10,D011,EUR,02-01-2018,15:37:31,DAP,23,1,MUST,ZMUP,5268678379,1992930852,8277524028,1992930852,1992930852,DAP,3000493760,3000493760,3000493760,3000207885
1984952,10,H10,32,98,ZMUN,10,10,10,D011,EUR,02-01-2018,15:37:31,DAP,24,1,MUST,ZMUP,2407604484,1992930852,8277524028,1992930852,1992930852,DAP,3000493760,3000493760,3000493760,3000207885
1984952,10,H10,32,98,ZMUN,10,10,10,D011,EUR,02-01-2018,15:37:31,DAP,25,1,MUST,ZMUP,9728959444,1992930852,8277524028,1992930852,1992930852,DAP,3000493760,3000493760,3000493760,3000207885
1984952,10,H10,32,98,ZMUN,10,10,10,D011,EUR,02-01-2018,15:37:31,DAP,26,1,MUST,ZMUP,3755243785,1992930852,8277524028,1992930852,1992930852,DAP,3000493760,3000493760,3000493760,3000207885
1984952,10,H10,32,98,ZMUN,10,10,10,D011,EUR,02-01-2018,15:37:31,DAP,27,1,MUST,ZMUP,422017490,1992930852,8277524028,1992930852,1992930852,DAP,3000493760,3000493760,3000493760,3000207885
1984952,10,H10,32,98,ZMUN,10,10,10,D011,EUR,02-01-2018,15:37:31,DAP,30,1,MUST,ZMUK,9499139704,1992930852,8277524028,1992930852,1992930852,DAP,3000493760,3000493760,3000493760,3000207885
1984952,10,H10,32,98,ZMUN,10,10,10,D011,EUR,02-01-2018,15:37:31,DAP,31,1,MUST,ZMUP,3977499144,1992930852,8277524028,1992930852,1992930852,DAP,3000493760,3000493760,3000493760,3000207885
1984952,10,H10,32,98,ZMUN,10,10,10,D011,EUR,02-01-2018,15:37:31,DAP,32,1,MUST,ZMUP,6417968433,1992930852,8277524028,1992930852,1992930852,DAP,3000493760,3000493760,3000493760,3000207885
1984952,10,H10,32,98,ZMUN,10,10,10,D011,EUR,02-01-2018,15:37:31,DAP,33,1,MUST,ZMUP,3927588842,1992930852,8277524028,1992930852,1992930852,DAP,3000493760,3000493760,3000493760,3000207885
1984952,10,H10,32,98,ZMUN,10,10,10,D011,EUR,02-01-2018,15:37:31,DAP,34,1,MUST,ZMUP,2252579173,1992930852,8277524028,1992930852,1992930852,DAP,3000493760,3000493760,3000493760,3000207885
1984952,10,H10,32,98,ZMUN,10,10,10,D011,EUR,02-01-2018,15:37:31,DAP,35,1,MUST,ZMUP,7842134654,1992930852,8277524028,1992930852,1992930852,DAP,3000493760,3000493760,3000493760,3000207885
1984952,10,H10,32,98,ZMUN,10,10,10,D011,EUR,02-01-2018,15:37:31,DAP,36,1,MUST,ZMUP,6395943628,1992930852,8277524028,1992930852,1992930852,DAP,3000493760,3000493760,3000493760,3000207885
1984952,10,H10,32,98,ZMUN,10,10,10,D011,EUR,02-01-2018,15:37:31,DAP,37,1,MUST,ZMUP,3566057238,1992930852,8277524028,1992930852,1992930852,DAP,3000493760,3000493760,3000493760,3000207885
1984952,10,H10,32,98,ZMUN,10,10,10,D011,EUR,02-01-2018,15:37:31,DAP,38,1,MUST,ZMUP,3508747564,1992930852,8277524028,1992930852,1992930852,DAP,3000493760,3000493760,3000493760,3000207885
1984952,10,H10,32,98,ZMUN,10,10,10,D011,EUR,02-01-2018,15:37:31,DAP,39,1,MUST,ZMUP,2466241916,1992930852,8277524028,1992930852,1992930852,DAP,3000493760,3000493760,3000493760,3000207885
1984952,10,H10,32,98,ZMUN,10,10,10,D011,EUR,02-01-2018,15:37:31,DAP,40,1,MUST,ZMUP,1673859463,1992930852,8277524028,1992930852,1992930852,DAP,3000493760,3000493760,3000493760,3000207885
1984952,10,H10,32,98,ZMUN,10,10,10,D011,EUR,02-01-2018,15:37:31,DAP,41,1,MUST,ZMUP,3411089525,1992930852,8277524028,1992930852,1992930852,DAP,3000493760,3000493760,3000493760,3000207885
1984952,10,H10,32,98,ZMUN,10,10,10,D011,EUR,02-01-2018,15:37:31,DAP,42,1,MUST,ZMUP,5268678379,1992930852,8277524028,1992930852,1992930852,DAP,3000493760,3000493760,3000493760,3000207885
1984952,10,H10,32,98,ZMUN,10,10,10,D011,EUR,02-01-2018,15:37:31,DAP,43,1,MUST,ZMUP,2407604484,1992930852,8277524028,1992930852,1992930852,DAP,3000493760,3000493760,3000493760,3000207885
1984952,10,H10,32,98,ZMUN,10,10,10,D011,EUR,02-01-2018,15:37:31,DAP,44,1,MUST,ZMUP,9728959444,1992930852,8277524028,1992930852,1992930852,DAP,3000493760,3000493760,3000493760,3000207885
1984952,10,H10,32,98,ZMUN,10,10,10,D011,EUR,02-01-2018,15:37:31,DAP,45,1,MUST,ZMUP,3755243785,1992930852,8277524028,1992930852,1992930852,DAP,3000493760,3000493760,3000493760,3000207885
1984952,10,H10,32,98,ZMUN,10,10,10,D011,EUR,02-01-2018,15:37:31,DAP,46,1,MUST,ZMUP,422017490,1992930852,8277524028,1992930852,1992930852,DAP,3000493760,3000493760,3000493760,3000207885
1984952,10,H10,32,98,ZMUN,10,10,10,D011,EUR,02-01-2018,15:37:31,DAP,50,1,MUST,ZMUK,3023795159,1992930852,8277524028,1992930852,1992930852,DAP,3000493760,3000493760,3000493760,3000207885
1984952,10,H10,32,98,ZMUN,10,10,10,D011,EUR,02-01-2018,15:37:31,DAP,51,1,MUST,ZMUP,3977499144,1992930852,8277524028,1992930852,1992930852,DAP,3000493760,3000493760,3000493760,3000207885
1984952,10,H10,32,98,ZMUN,10,10,10,D011,EUR,02-01-2018,15:37:31,DAP,52,1,MUST,ZMUP,9890155193,1992930852,8277524028,1992930852,1992930852,DAP,3000493760,3000493760,3000493760,3000207885
1984952,10,H10,32,98,ZMUN,10,10,10,D011,EUR,02-01-2018,15:37:31,DAP,53,1,MUST,ZMUP,1335108907,1992930852,8277524028,1992930852,1992930852,DAP,3000493760,3000493760,3000493760,3000207885
1984952,10,H10,32,98,ZMUN,10,10,10,D011,EUR,02-01-2018,15:37:31,DAP,54,1,MUST,ZMUP,3927588842,1992930852,8277524028,1992930852,1992930852,DAP,3000493760,3000493760,3000493760,3000207885
1984952,10,H10,32,98,ZMUN,10,10,10,D011,EUR,02-01-2018,15:37:31,DAP,55,1,MUST,ZMUP,5148192011,1992930852,8277524028,1992930852,1992930852,DAP,3000493760,3000493760,3000493760,3000207885
1984952,10,H10,32,98,ZMUN,10,10,10,D011,EUR,02-01-2018,15:37:31,DAP,56,1,MUST,ZMUP,6395943628,1992930852,8277524028,1992930852,1992930852,DAP,3000493760,3000493760,3000493760,3000207885
1984952,10,H10,32,98,ZMUN,10,10,10,D011,EUR,02-01-2018,15:37:31,DAP,57,1,MUST,ZMUP,3566057238,1992930852,8277524028,1992930852,1992930852,DAP,3000493760,3000493760,3000493760,3000207885
1984952,10,H10,32,98,ZMUN,10,10,10,D011,EUR,02-01-2018,15:37:31,DAP,58,1,MUST,ZMUP,3508747564,1992930852,8277524028,1992930852,1992930852,DAP,3000493760,3000493760,3000493760,3000207885
1984952,10,H10,32,98,ZMUN,10,10,10,D011,EUR,02-01-2018,15:37:31,DAP,59,1,MUST,ZMUP,2466241916,1992930852,8277524028,1992930852,1992930852,DAP,3000493760,3000493760,3000493760,3000207885
1984952,10,H10,32,98,ZMUN,10,10,10,D011,EUR,02-01-2018,15:37:31,DAP,60,1,MUST,ZMUP,2407604484,1992930852,8277524028,1992930852,1992930852,DAP,3000493760,3000493760,3000493760,3000207885
1984952,10,H10,32,98,ZMUN,10,10,10,D011,EUR,02-01-2018,15:37:31,DAP,61,1,MUST,ZMUP,5268678379,1992930852,8277524028,1992930852,1992930852,DAP,3000493760,3000493760,3000493760,3000207885
1984952,10,H10,32,98,ZMUN,10,10,10,D011,EUR,02-01-2018,15:37:31,DAP,62,1,MUST,ZMUP,9728959444,1992930852,8277524028,1992930852,1992930852,DAP,3000493760,3000493760,3000493760,3000207885
1984952,10,H10,32,98,ZMUN,10,10,10,D011,EUR,02-01-2018,15:37:31,DAP,63,1,MUST,ZMUP,3755243785,1992930852,8277524028,1992930852,1992930852,DAP,3000493760,3000493760,3000493760,3000207885
1984952,10,H10,32,98,ZMUN,10,10,10,D011,EUR,02-01-2018,15:37:31,DAP,64,1,MUST,ZMUP,422017490,1992930852,8277524028,1992930852,1992930852,DAP,3000493760,3000493760,3000493760,3000207885
1984952,10,H10,32,98,ZMUN,10,10,10,D011,EUR,02-01-2018,15:37:31,DAP,70,1,MUST,ZMUK,3497717078,1992930852,8277524028,1992930852,1992930852,DAP,3000493760,3000493760,3000493760,3000207885
1984952,10,H10,32,98,ZMUN,10,10,10,D011,EUR,02-01-2018,15:37:31,DAP,71,1,MUST,ZMUP,157179248,1992930852,8277524028,1992930852,1992930852,DAP,3000493760,3000493760,3000493760,3000207885
1984952,10,H10,32,98,ZMUN,10,10,10,D011,EUR,02-01-2018,15:37:31,DAP,72,1,MUST,ZMUP,9760389001,1992930852,8277524028,1992930852,1992930852,DAP,3000493760,3000493760,3000493760,3000207885
1984952,10,H10,32,98,ZMUN,10,10,10,D011,EUR,02-01-2018,15:37:31,DAP,73,1,MUST,ZMUP,5148192011,1992930852,8277524028,1992930852,1992930852,DAP,3000493760,3000493760,3000493760,3000207885
1984952,10,H10,32,98,ZMUN,10,10,10,D011,EUR,02-01-2018,15:37:31,DAP,74,1,MUST,ZMUP,6395943628,1992930852,8277524028,1992930852,1992930852,DAP,3000493760,3000493760,3000493760,3000207885
1984952,10,H10,32,98,ZMUN,10,10,10,D011,EUR,02-01-2018,15:37:31,DAP,75,1,MUST,ZMUP,3566057238,1992930852,8277524028,1992930852,1992930852,DAP,3000493760,3000493760,3000493760,3000207885
1984952,10,H10,32,98,ZMUN,10,10,10,D011,EUR,02-01-2018,15:37:31,DAP,76,1,MUST,ZMUP,3508747564,1992930852,8277524028,1992930852,1992930852,DAP,3000493760,3000493760,3000493760,3000207885
1984952,10,H10,32,98,ZMUN,10,10,10,D011,EUR,02-01-2018,15:37:31,DAP,77,1,MUST,ZMUP,2466241916,1992930852,8277524028,1992930852,1992930852,DAP,3000493760,3000493760,3000493760,3000207885
1984952,10,H10,32,98,ZMUN,10,10,10,D011,EUR,02-01-2018,15:37:31,DAP,78,1,MUST,ZMUP,2407604484,1992930852,8277524028,1992930852,1992930852,DAP,3000493760,3000493760,3000493760,3000207885
1984952,10,H10,32,98,ZMUN,10,10,10,D011,EUR,02-01-2018,15:37:31,DAP,79,1,MUST,ZMUP,5268678379,1992930852,8277524028,1992930852,1992930852,DAP,3000493760,3000493760,3000493760,3000207885
1984952,10,H10,32,98,ZMUN,10,10,10,D011,EUR,02-01-2018,15:37:31,DAP,80,1,MUST,ZMUP,9728959444,1992930852,8277524028,1992930852,1992930852,DAP,3000493760,3000493760,3000493760,3000207885
1984952,10,H10,32,98,ZMUN,10,10,10,D011,EUR,02-01-2018,15:37:31,DAP,81,1,MUST,ZMUP,3755243785,1992930852,8277524028,1992930852,1992930852,DAP,3000493760,3000493760,3000493760,3000207885
1984952,10,H10,32,98,ZMUN,10,10,10,D011,EUR,02-01-2018,15:37:31,DAP,82,1,MUST,ZMUP,422017490,1992930852,8277524028,1992930852,1992930852,DAP,3000493760,3000493760,3000493760,3000207885
1984952,10,H10,32,98,ZMUN,10,10,10,D011,EUR,02-01-2018,15:37:31,DAP,90,1,MUST,ZMUK,7989314912,1992930852,8277524028,1992930852,1992930852,DAP,3000493760,3000493760,3000493760,3000207885
1984952,10,H10,32,98,ZMUN,10,10,10,D011,EUR,02-01-2018,15:37:31,DAP,91,1,MUST,ZMUP,735106549,1992930852,8277524028,1992930852,1992930852,DAP,3000493760,3000493760,3000493760,3000207885
1984952,10,H10,32,98,ZMUN,10,10,10,D011,EUR,02-01-2018,15:37:31,DAP,92,1,MUST,ZMUP,1841058721,1992930852,8277524028,1992930852,1992930852,DAP,3000493760,3000493760,3000493760,3000207885
1984952,10,H10,32,98,ZMUN,10,10,10,D011,EUR,02-01-2018,15:37:31,DAP,93,1,MUST,ZMUP,241908413,1992930852,8277524028,1992930852,1992930852,DAP,3000493760,3000493760,3000493760,3000207885
1984952,10,H10,32,98,ZMUN,10,10,10,D011,EUR,02-01-2018,15:37:31,DAP,94,1,MUST,ZMUP,1561401702,1992930852,8277524028,1992930852,1992930852,DAP,3000493760,3000493760,3000493760,3000207885
1984952,10,H10,32,98,ZMUN,10,10,10,D011,EUR,02-01-2018,15:37:31,DAP,95,1,MUST,ZMUP,7148632137,1992930852,8277524028,1992930852,1992930852,DAP,3000493760,3000493760,3000493760,3000207885
1984952,10,H10,32,98,ZMUN,10,10,10,D011,EUR,02-01-2018,15:37:31,DAP,96,1,MUST,ZMUP,1335108907,1992930852,8277524028,1992930852,1992930852,DAP,3000493760,3000493760,3000493760,3000207885
1984952,10,H10,32,98,ZMUN,10,10,10,D011,EUR,02-01-2018,15:37:31,DAP,97,1,MUST,ZMUP,2407604484,1992930852,8277524028,1992930852,1992930852,DAP,3000493760,3000493760,3000493760,3000207885
1984952,10,H10,32,98,ZMUN,10,10,10,D011,EUR,02-01-2018,15:37:31,DAP,98,1,MUST,ZMUP,5268678379,1992930852,8277524028,1992930852,1992930852,DAP,3000493760,3000493760,3000493760,3000207885
1984952,10,H10,32,98,ZMUN,10,10,10,D011,EUR,02-01-2018,15:37:31,DAP,99,1,MUST,ZMUP,9728959444,1992930852,8277524028,1992930852,1992930852,DAP,3000493760,3000493760,3000493760,3000207885
1984952,10,H10,32,98,ZMUN,10,10,10,D011,EUR,02-01-2018,15:37:31,DAP,100,1,MUST,ZMUP,3755243785,1992930852,8277524028,1992930852,1992930852,DAP,3000493760,3000493760,3000493760,3000207885
1984952,10,H10,32,98,ZMUN,10,10,10,D011,EUR,02-01-2018,15:37:31,DAP,101,1,MUST,ZMUP,422017490,1992930852,8277524028,1992930852,1992930852,DAP,3000493760,3000493760,3000493760,3000207885
1984952,10,H10,32,98,ZMUN,10,10,10,D011,EUR,02-01-2018,15:37:31,DAP,110,1,MUST,ZMUK,7825830560,1992930852,8277524028,1992930852,1992930852,DAP,3000493760,3000493760,3000493760,3000207885
1984952,10,H10,32,98,ZMUN,10,10,10,D011,EUR,02-01-2018,15:37:31,DAP,111,1,MUST,ZMUP,735106549,1992930852,8277524028,1992930852,1992930852,DAP,3000493760,3000493760,3000493760,3000207885
1984952,10,H10,32,98,ZMUN,10,10,10,D011,EUR,02-01-2018,15:37:31,DAP,112,1,MUST,ZMUP,1841058721,1992930852,8277524028,1992930852,1992930852,DAP,3000493760,3000493760,3000493760,3000207885
1984952,10,H10,32,98,ZMUN,10,10,10,D011,EUR,02-01-2018,15:37:31,DAP,113,1,MUST,ZMUP,241908413,1992930852,8277524028,1992930852,1992930852,DAP,3000493760,3000493760,3000493760,3000207885
1984952,10,H10,32,98,ZMUN,10,10,10,D011,EUR,02-01-2018,15:37:31,DAP,114,1,MUST,ZMUP,9221914853,1992930852,8277524028,1992930852,1992930852,DAP,3000493760,3000493760,3000493760,3000207885
1984952,10,H10,32,98,ZMUN,10,10,10,D011,EUR,02-01-2018,15:37:31,DAP,115,1,MUST,ZMUP,9760389001,1992930852,8277524028,1992930852,1992930852,DAP,3000493760,3000493760,3000493760,3000207885
1984952,10,H10,32,98,ZMUN,10,10,10,D011,EUR,02-01-2018,15:37:31,DAP,116,1,MUST,ZMUP,2407604484,1992930852,8277524028,1992930852,1992930852,DAP,3000493760,3000493760,3000493760,3000207885
1984952,10,H10,32,98,ZMUN,10,10,10,D011,EUR,02-01-2018,15:37:31,DAP,117,1,MUST,ZMUP,5268678379,1992930852,8277524028,1992930852,1992930852,DAP,3000493760,3000493760,3000493760,3000207885
1984952,10,H10,32,98,ZMUN,10,10,10,D011,EUR,02-01-2018,15:37:31,DAP,118,1,MUST,ZMUP,9728959444,1992930852,8277524028,1992930852,1992930852,DAP,3000493760,3000493760,3000493760,3000207885
1984952,10,H10,32,98,ZMUN,10,10,10,D011,EUR,02-01-2018,15:37:31,DAP,119,1,MUST,ZMUP,3755243785,1992930852,8277524028,1992930852,1992930852,DAP,3000493760,3000493760,3000493760,3000207885
1984952,10,H10,32,98,ZMUN,10,10,10,D011,EUR,02-01-2018,15:37:31,DAP,120,1,MUST,ZMUP,422017490,1992930852,8277524028,1992930852,1992930852,DAP,3000493760,3000493760,3000493760,3000207885
1984952,10,H10,32,98,ZMUN,10,10,10,D011,EUR,02-01-2018,15:37:31,DAP,130,1,MUST,ZMUK,4461170009,1992930852,8277524028,1992930852,1992930852,DAP,3000493760,3000493760,3000493760,3000207885
1984952,10,H10,32,98,ZMUN,10,10,10,D011,EUR,02-01-2018,15:37:31,DAP,131,1,MUST,ZMUP,7421236977,1992930852,8277524028,1992930852,1992930852,DAP,3000493760,3000493760,3000493760,3000207885
1984952,10,H10,32,98,ZMUN,10,10,10,D011,EUR,02-01-2018,15:37:31,DAP,132,1,MUST,ZMUP,5735793516,1992930852,8277524028,1992930852,1992930852,DAP,3000493760,3000493760,3000493760,3000207885
1984952,10,H10,32,98,ZMUN,10,10,10,D011,EUR,02-01-2018,15:37:31,DAP,133,1,MUST,ZMUP,7842134654,1992930852,8277524028,1992930852,1992930852,DAP,3000493760,3000493760,3000493760,3000207885
1984952,10,H10,32,98,ZMUN,10,10,10,D011,EUR,02-01-2018,15:37:31,DAP,134,1,MUST,ZMUP,1335108907,1992930852,8277524028,1992930852,1992930852,DAP,3000493760,3000493760,3000493760,3000207885
1984952,10,H10,32,98,ZMUN,10,10,10,D011,EUR,02-01-2018,15:37:31,DAP,135,1,MUST,ZMUP,2407604484,1992930852,8277524028,1992930852,1992930852,DAP,3000493760,3000493760,3000493760,3000207885
1984952,10,H10,32,98,ZMUN,10,10,10,D011,EUR,02-01-2018,15:37:31,DAP,136,1,MUST,ZMUP,5268678379,1992930852,8277524028,1992930852,1992930852,DAP,3000493760,3000493760,3000493760,3000207885
1984952,10,H10,32,98,ZMUN,10,10,10,D011,EUR,02-01-2018,15:37:31,DAP,137,1,MUST,ZMUP,9728959444,1992930852,8277524028,1992930852,1992930852,DAP,3000493760,3000493760,3000493760,3000207885
1984952,10,H10,32,98,ZMUN,10,10,10,D011,EUR,02-01-2018,15:37:31,DAP,138,1,MUST,ZMUP,3755243785,1992930852,8277524028,1992930852,1992930852,DAP,3000493760,3000493760,3000493760,3000207885
1984952,10,H10,32,98,ZMUN,10,10,10,D011,EUR,02-01-2018,15:37:31,DAP,139,1,MUST,ZMUP,422017490,1992930852,8277524028,1992930852,1992930852,DAP,3000493760,3000493760,3000493760,3000207885
1984952,10,H10,32,98,ZMUN,10,10,10,D011,EUR,02-01-2018,15:37:31,DAP,140,1,MUST,ZMUK,468997858,1992930852,8277524028,1992930852,1992930852,DAP,3000493760,3000493760,3000493760,3000207885
1984952,10,H10,32,98,ZMUN,10,10,10,D011,EUR,02-01-2018,15:37:31,DAP,141,1,MUST,ZMUP,5513783760,1992930852,8277524028,1992930852,1992930852,DAP,3000493760,3000493760,3000493760,3000207885
1984952,10,H10,32,98,ZMUN,10,10,10,D011,EUR,02-01-2018,15:37:31,DAP,142,1,MUST,ZMUP,2694043818,1992930852,8277524028,1992930852,1992930852,DAP,3000493760,3000493760,3000493760,3000207885
1984952,10,H10,32,98,ZMUN,10,10,10,D011,EUR,02-01-2018,15:37:31,DAP,143,1,MUST,ZMUP,1760868389,1992930852,8277524028,1992930852,1992930852,DAP,3000493760,3000493760,3000493760,3000207885
1984952,10,H10,32,98,ZMUN,10,10,10,D011,EUR,02-01-2018,15:37:31,DAP,144,1,MUST,ZMUP,7923918906,1992930852,8277524028,1992930852,1992930852,DAP,3000493760,3000493760,3000493760,3000207885
1984952,10,H10,32,98,ZMUN,10,10,10,D011,EUR,02-01-2018,15:37:31,DAP,145,1,MUST,ZMUP,2252579173,1992930852,8277524028,1992930852,1992930852,DAP,3000493760,3000493760,3000493760,3000207885
1984952,10,H10,32,98,ZMUN,10,10,10,D011,EUR,02-01-2018,15:37:31,DAP,146,1,MUST,ZMUP,7842134654,1992930852,8277524028,1992930852,1992930852,DAP,3000493760,3000493760,3000493760,3000207885
1984952,10,H10,32,98,ZMUN,10,10,10,D011,EUR,02-01-2018,15:37:31,DAP,147,1,MUST,ZMUP,6395943628,1992930852,8277524028,1992930852,1992930852,DAP,3000493760,3000493760,3000493760,3000207885
1984952,10,H10,32,98,ZMUN,10,10,10,D011,EUR,02-01-2018,15:37:31,DAP,148,1,MUST,ZMUP,3566057238,1992930852,8277524028,1992930852,1992930852,DAP,3000493760,3000493760,3000493760,3000207885
1984952,10,H10,32,98,ZMUN,10,10,10,D011,EUR,02-01-2018,15:37:31,DAP,149,1,MUST,ZMUP,3508747564,1992930852,8277524028,1992930852,1992930852,DAP,3000493760,3000493760,3000493760,3000207885
1984952,10,H10,32,98,ZMUN,10,10,10,D011,EUR,02-01-2018,15:37:31,DAP,150,1,MUST,ZMUP,2466241916,1992930852,8277524028,1992930852,1992930852,DAP,3000493760,3000493760,3000493760,3000207885
1984952,10,H10,32,98,ZMUN,10,10,10,D011,EUR,02-01-2018,15:37:31,DAP,151,1,MUST,ZMUP,5735793516,1992930852,8277524028,1992930852,1992930852,DAP,3000493760,3000493760,3000493760,3000207885
1984952,10,H10,32,98,ZMUN,10,10,10,D011,EUR,02-01-2018,15:37:31,DAP,152,1,MUST,ZMUP,1335108907,1992930852,8277524028,1992930852,1992930852,DAP,3000493760,3000493760,3000493760,3000207885
1984952,10,H10,32,98,ZMUN,10,10,10,D011,EUR,02-01-2018,15:37:31,DAP,153,1,MUST,ZMUP,2407604484,1992930852,8277524028,1992930852,1992930852,DAP,3000493760,3000493760,3000493760,3000207885
1984952,10,H10,32,98,ZMUN,10,10,10,D011,EUR,02-01-2018,15:37:31,DAP,154,1,MUST,ZMUP,5268678379,1992930852,8277524028,1992930852,1992930852,DAP,3000493760,3000493760,3000493760,3000207885
1984952,10,H10,32,98,ZMUN,10,10,10,D011,EUR,02-01-2018,15:37:31,DAP,155,1,MUST,ZMUP,9728959444,1992930852,8277524028,1992930852,1992930852,DAP,3000493760,3000493760,3000493760,3000207885
1984952,10,H10,32,98,ZMUN,10,10,10,D011,EUR,02-01-2018,15:37:31,DAP,156,1,MUST,ZMUP,3755243785,1992930852,8277524028,1992930852,1992930852,DAP,3000493760,3000493760,3000493760,3000207885
1984952,10,H10,32,98,ZMUN,10,10,10,D011,EUR,02-01-2018,15:37:31,DAP,157,1,MUST,ZMUP,422017490,1992930852,8277524028,1992930852,1992930852,DAP,3000493760,3000493760,3000493760,3000207885
1984952,10,H10,32,98,ZMUN,10,10,10,D011,EUR,02-01-2018,15:37:31,DAP,160,1,MUST,ZMUK,4007770086,1992930852,8277524028,1992930852,1992930852,DAP,3000493760,3000493760,3000493760,3000207885
1984952,10,H10,32,98,ZMUN,10,10,10,D011,EUR,02-01-2018,15:37:31,DAP,161,1,MUST,ZMUP,5513783760,1992930852,8277524028,1992930852,1992930852,DAP,3000493760,3000493760,3000493760,3000207885
1984952,10,H10,32,98,ZMUN,10,10,10,D011,EUR,02-01-2018,15:37:31,DAP,162,1,MUST,ZMUP,2694043818,1992930852,8277524028,1992930852,1992930852,DAP,3000493760,3000493760,3000493760,3000207885
1984952,10,H10,32,98,ZMUN,10,10,10,D011,EUR,02-01-2018,15:37:31,DAP,163,1,MUST,ZMUP,1760868389,1992930852,8277524028,1992930852,1992930852,DAP,3000493760,3000493760,3000493760,3000207885
1984952,10,H10,32,98,ZMUN,10,10,10,D011,EUR,02-01-2018,15:37:31,DAP,164,1,MUST,ZMUP,7923918906,1992930852,8277524028,1992930852,1992930852,DAP,3000493760,3000493760,3000493760,3000207885
1984952,10,H10,32,98,ZMUN,10,10,10,D011,EUR,02-01-2018,15:37:31,DAP,165,1,MUST,ZMUP,2252579173,1992930852,8277524028,1992930852,1992930852,DAP,3000493760,3000493760,3000493760,3000207885
1984952,10,H10,32,98,ZMUN,10,10,10,D011,EUR,02-01-2018,15:37:31,DAP,166,1,MUST,ZMUP,7842134654,1992930852,8277524028,1992930852,1992930852,DAP,3000493760,3000493760,3000493760,3000207885
1984952,10,H10,32,98,ZMUN,10,10,10,D011,EUR,02-01-2018,15:37:31,DAP,167,1,MUST,ZMUP,6395943628,1992930852,8277524028,1992930852,1992930852,DAP,3000493760,3000493760,3000493760,3000207885
1984952,10,H10,32,98,ZMUN,10,10,10,D011,EUR,02-01-2018,15:37:31,DAP,168,1,MUST,ZMUP,3566057238,1992930852,8277524028,1992930852,1992930852,DAP,3000493760,3000493760,3000493760,3000207885
1984952,10,H10,32,98,ZMUN,10,10,10,D011,EUR,02-01-2018,15:37:31,DAP,169,1,MUST,ZMUP,3508747564,1992930852,8277524028,1992930852,1992930852,DAP,3000493760,3000493760,3000493760,3000207885
1984952,10,H10,32,98,ZMUN,10,10,10,D011,EUR,02-01-2018,15:37:31,DAP,170,1,MUST,ZMUP,2466241916,1992930852,8277524028,1992930852,1992930852,DAP,3000493760,3000493760,3000493760,3000207885
1984952,10,H10,32,98,ZMUN,10,10,10,D011,EUR,02-01-2018,15:37:31,DAP,171,1,MUST,ZMUP,5735793516,1992930852,8277524028,1992930852,1992930852,DAP,3000493760,3000493760,3000493760,3000207885
1984952,10,H10,32,98,ZMUN,10,10,10,D011,EUR,02-01-2018,15:37:31,DAP,172,1,MUST,ZMUP,1335108907,1992930852,8277524028,1992930852,1992930852,DAP,3000493760,3000493760,3000493760,3000207885
1984952,10,H10,32,98,ZMUN,10,10,10,D011,EUR,02-01-2018,15:37:31,DAP,173,1,MUST,ZMUP,2407604484,1992930852,8277524028,1992930852,1992930852,DAP,3000493760,3000493760,3000493760,3000207885
1984952,10,H10,32,98,ZMUN,10,10,10,D011,EUR,02-01-2018,15:37:31,DAP,174,1,MUST,ZMUP,5268678379,1992930852,8277524028,1992930852,1992930852,DAP,3000493760,3000493760,3000493760,3000207885
1984952,10,H10,32,98,ZMUN,10,10,10,D011,EUR,02-01-2018,15:37:31,DAP,175,1,MUST,ZMUP,9728959444,1992930852,8277524028,1992930852,1992930852,DAP,3000493760,3000493760,3000493760,3000207885
1984952,10,H10,32,98,ZMUN,10,10,10,D011,EUR,02-01-2018,15:37:31,DAP,176,1,MUST,ZMUP,3755243785,1992930852,8277524028,1992930852,1992930852,DAP,3000493760,3000493760,3000493760,3000207885
1984952,10,H10,32,98,ZMUN,10,10,10,D011,EUR,02-01-2018,15:37:31,DAP,177,1,MUST,ZMUP,422017490,1992930852,8277524028,1992930852,1992930852,DAP,3000493760,3000493760,3000493760,3000207885
1984952,10,H10,32,98,ZMUN,10,10,10,D011,EUR,02-01-2018,15:37:31,DAP,180,1,MUST,ZMUK,6407019262,1992930852,8277524028,1992930852,1992930852,DAP,3000493760,3000493760,3000493760,3000207885
1984952,10,H10,32,98,ZMUN,10,10,10,D011,EUR,02-01-2018,15:37:31,DAP,181,1,MUST,ZMUP,6095692887,1992930852,8277524028,1992930852,1992930852,DAP,3000493760,3000493760,3000493760,3000207885
1984952,10,H10,32,98,ZMUN,10,10,10,D011,EUR,02-01-2018,15:37:31,DAP,182,1,MUST,ZMUP,184467508,1992930852,8277524028,1992930852,1992930852,DAP,3000493760,3000493760,3000493760,3000207885
1984952,10,H10,32,98,ZMUN,10,10,10,D011,EUR,02-01-2018,15:37:31,DAP,183,1,MUST,ZMUP,40227980,1992930852,8277524028,1992930852,1992930852,DAP,3000493760,3000493760,3000493760,3000207885
1984952,10,H10,32,98,ZMUN,10,10,10,D011,EUR,02-01-2018,15:37:31,DAP,184,1,MUST,ZMUP,2252579173,1992930852,8277524028,1992930852,1992930852,DAP,3000493760,3000493760,3000493760,3000207885
1984952,10,H10,32,98,ZMUN,10,10,10,D011,EUR,02-01-2018,15:37:31,DAP,185,1,MUST,ZMUP,7842134654,1992930852,8277524028,1992930852,1992930852,DAP,3000493760,3000493760,3000493760,3000207885
1984952,10,H10,32,98,ZMUN,10,10,10,D011,EUR,02-01-2018,15:37:31,DAP,186,1,MUST,ZMUP,1335108907,1992930852,8277524028,1992930852,1992930852,DAP,3000493760,3000493760,3000493760,3000207885
1984952,10,H10,32,98,ZMUN,10,10,10,D011,EUR,02-01-2018,15:37:31,DAP,187,1,MUST,ZMUP,2407604484,1992930852,8277524028,1992930852,1992930852,DAP,3000493760,3000493760,3000493760,3000207885
1984952,10,H10,32,98,ZMUN,10,10,10,D011,EUR,02-01-2018,15:37:31,DAP,188,1,MUST,ZMUP,5268678379,1992930852,8277524028,1992930852,1992930852,DAP,3000493760,3000493760,3000493760,3000207885
1984952,10,H10,32,98,ZMUN,10,10,10,D011,EUR,02-01-2018,15:37:31,DAP,189,1,MUST,ZMUP,9728959444,1992930852,8277524028,1992930852,1992930852,DAP,3000493760,3000493760,3000493760,3000207885
1984952,10,H10,32,98,ZMUN,10,10,10,D011,EUR,02-01-2018,15:37:31,DAP,190,1,MUST,ZMUP,3755243785,1992930852,8277524028,1992930852,1992930852,DAP,3000493760,3000493760,3000493760,3000207885
1984952,10,H10,32,98,ZMUN,10,10,10,D011,EUR,02-01-2018,15:37:31,DAP,191,1,MUST,ZMUP,422017490,1992930852,8277524028,1992930852,1992930852,DAP,3000493760,3000493760,3000493760,3000207885
1984953,10,266,32,1,TA,1300,10,10,D015,EUR,02-01-2018,15:41:30,DDP,10,1300,1302,TAN,7769622537,9339024510,9580787220,9339024510,9339024510,DDP,3000215418,3000215418,3000215418,3000210757
1984953,10,266,32,1,TA,1300,10,10,D015,EUR,02-01-2018,15:41:30,DDP,20,1300,1302,ZTCH,7769622537,9339024510,9580787220,9339024510,9339024510,DDP,3000215418,3000215418,3000215418,3000210757
1984954,10,196,202,1,TA,10,10,10,D011,EUR,02-01-2018,15:45:41,DDP,10,1,1,TAN,5429573034,9380824737,9380824737,9380824737,9380824737,DDP,3000208809,3000208809,3000208809,3000208809
1984955,10,419,128,1,TA,10,10,10,D011,EUR,02-01-2018,15:47:14,DDP,10,1,1,TAN,1273360513,3197732197,3197732197,2630271418,3197732197,DDP,3000207212,3000449378,3000207212,3000207212
1984955,10,419,128,1,TA,10,10,10,D011,EUR,02-01-2018,15:47:14,DDP,20,1,1,TAN,7096827252,3197732197,3197732197,2630271418,3197732197,DDP,3000207212,3000449378,3000207212,3000207212
1984956,10,520,95,96,ZMUN,10,10,10,D011,EUR,02-01-2018,15:45:45,DDP,10,1,MUST,ZMUK,9482398110,7647270179,9352794312,7647270179,7647270179,DDP,3000595011,3000595011,3000595011,3000208984
1984956,10,520,95,96,ZMUN,10,10,10,D011,EUR,02-01-2018,15:45:45,DDP,11,1,MUST,ZMUP,1183381524,7647270179,9352794312,7647270179,7647270179,DDP,3000595011,3000595011,3000595011,3000208984
1984956,10,520,95,96,ZMUN,10,10,10,D011,EUR,02-01-2018,15:45:45,DDP,12,1,MUST,ZMUP,1546872367,7647270179,9352794312,7647270179,7647270179,DDP,3000595011,3000595011,3000595011,3000208984
1984956,10,520,95,96,ZMUN,10,10,10,D011,EUR,02-01-2018,15:45:45,DDP,13,1,MUST,ZMUP,2463756790,7647270179,9352794312,7647270179,7647270179,DDP,3000595011,3000595011,3000595011,3000208984
1984956,10,520,95,96,ZMUN,10,10,10,D011,EUR,02-01-2018,15:45:45,DDP,20,1,MUST,ZMUK,6679062893,7647270179,9352794312,7647270179,7647270179,DDP,3000595011,3000595011,3000595011,3000208984
1984956,10,520,95,96,ZMUN,10,10,10,D011,EUR,02-01-2018,15:45:45,DDP,21,1,MUST,ZMUP,1183381524,7647270179,9352794312,7647270179,7647270179,DDP,3000595011,3000595011,3000595011,3000208984
1984956,10,520,95,96,ZMUN,10,10,10,D011,EUR,02-01-2018,15:45:45,DDP,22,1,MUST,ZMUP,4774350618,7647270179,9352794312,7647270179,7647270179,DDP,3000595011,3000595011,3000595011,3000208984
1984956,10,520,95,96,ZMUN,10,10,10,D011,EUR,02-01-2018,15:45:45,DDP,23,1,MUST,ZMUP,1093656690,7647270179,9352794312,7647270179,7647270179,DDP,3000595011,3000595011,3000595011,3000208984
1984957,10,515,1,5,TA,5900,10,10,D060,EUR,02-01-2018,15:47:22,EXW,10,5900,5900,TAN,3133032865,1483697499,978532557,1483697499,1483697499,EXW,3000585473,3000585473,3000585473,3000623962
1984957,10,515,1,5,TA,5900,10,10,D060,EUR,02-01-2018,15:47:22,EXW,20,5900,5900,ZTCH,3133032865,1483697499,978532557,1483697499,1483697499,EXW,3000585473,3000585473,3000585473,3000623962
1984957,10,515,1,5,TA,5900,10,10,D060,EUR,02-01-2018,15:47:22,EXW,30,5900,5900,TAN,2923469977,1483697499,978532557,1483697499,1483697499,EXW,3000585473,3000585473,3000585473,3000623962
1984957,10,515,1,5,TA,5900,10,10,D060,EUR,02-01-2018,15:47:22,EXW,40,5900,5900,ZTCH,2923469977,1483697499,978532557,1483697499,1483697499,EXW,3000585473,3000585473,3000585473,3000623962
1984957,10,515,1,5,TA,5900,10,10,D060,EUR,02-01-2018,15:47:22,EXW,50,5900,5900,TAN,2923469977,1483697499,978532557,1483697499,1483697499,EXW,3000585473,3000585473,3000585473,3000623962
1984957,10,515,1,5,TA,5900,10,10,D060,EUR,02-01-2018,15:47:22,EXW,60,5900,5900,ZTCH,2923469977,1483697499,978532557,1483697499,1483697499,EXW,3000585473,3000585473,3000585473,3000623962
1984958,10,266,32,5,TA,1300,10,10,D015,EUR,02-01-2018,15:45:46,FCA,10,1300,1300,TAN,8029498623,9339024510,998580997,9339024510,9339024510,FCA,3000215418,3000215418,3000215418,3000292674
1984959,10,414,B9,1,TA,10,10,10,D011,EUR,02-01-2018,15:43:09,DDP,10,1,1,TAN,9749544156,2232016445,2232016445,2982543313,2982543313,DDP,3000207612,3000206619,3000206619,3000207612
1984960,10,214,3,1,TA,10,10,10,D011,EUR,02-01-2018,15:50:04,DDP,10,1,1,TAN,3925064601,7465367359,7465367359,7465367359,7465367359,DDP,3000208843,3000208843,3000208843,3000208843
1984961,10,344,32,1,TA,700,10,10,PL10,PLN,02-01-2018,15:44:34,DAP,10,700,700,TAN,3753958704,4312315972,5913474856,4312315972,4312315972,DAP,3000218520,3000218520,3000218520,3000501560
1984962,10,351,1,5,TA,5900,10,10,D060,EUR,02-01-2018,15:52:42,FCA,10,5900,5900,TAN,3445135615,2966414643,2966414643,2966414643,2966414643,FCA,3000585709,3000585709,3000585709,3000585709
1984963,10,322,224,1,TA,10,10,10,D011,EUR,02-01-2018,15:52:12,DDP,10,1,1,TAN,2199096949,6576198872,6576198872,6576198872,6576198872,DDP,3000219109,3000219109,3000219109,3000219109
1984964,10,520,95,96,ZMUN,10,10,10,D011,EUR,02-01-2018,15:50:45,DDP,10,1,MUST,ZMUK,2804556259,7647270179,9352794312,7647270179,7647270179,DDP,3000595011,3000595011,3000595011,3000208984
1984964,10,520,95,96,ZMUN,10,10,10,D011,EUR,02-01-2018,15:50:45,DDP,11,1,MUST,ZMUP,1183381524,7647270179,9352794312,7647270179,7647270179,DDP,3000595011,3000595011,3000595011,3000208984
1984964,10,520,95,96,ZMUN,10,10,10,D011,EUR,02-01-2018,15:50:45,DDP,12,1,MUST,ZMUP,3264072213,7647270179,9352794312,7647270179,7647270179,DDP,3000595011,3000595011,3000595011,3000208984
1984964,10,520,95,96,ZMUN,10,10,10,D011,EUR,02-01-2018,15:50:45,DDP,13,1,MUST,ZMUP,1398172222,7647270179,9352794312,7647270179,7647270179,DDP,3000595011,3000595011,3000595011,3000208984
1984964,10,520,95,96,ZMUN,10,10,10,D011,EUR,02-01-2018,15:50:45,DDP,14,1,MUST,ZMUP,1183381524,7647270179,9352794312,7647270179,7647270179,DDP,3000595011,3000595011,3000595011,3000208984
1984964,10,520,95,96,ZMUN,10,10,10,D011,EUR,02-01-2018,15:50:45,DDP,15,1,MUST,ZMUP,7704951167,7647270179,9352794312,7647270179,7647270179,DDP,3000595011,3000595011,3000595011,3000208984
1984964,10,520,95,96,ZMUN,10,10,10,D011,EUR,02-01-2018,15:50:45,DDP,20,1,MUST,ZMUK,4277423531,7647270179,9352794312,7647270179,7647270179,DDP,3000595011,3000595011,3000595011,3000208984
1984964,10,520,95,96,ZMUN,10,10,10,D011,EUR,02-01-2018,15:50:45,DDP,21,1,MUST,ZMUP,1183381524,7647270179,9352794312,7647270179,7647270179,DDP,3000595011,3000595011,3000595011,3000208984
1984964,10,520,95,96,ZMUN,10,10,10,D011,EUR,02-01-2018,15:50:45,DDP,22,1,MUST,ZMUP,6722639830,7647270179,9352794312,7647270179,7647270179,DDP,3000595011,3000595011,3000595011,3000208984
1984964,10,520,95,96,ZMUN,10,10,10,D011,EUR,02-01-2018,15:50:45,DDP,23,1,MUST,ZMUP,1183381524,7647270179,9352794312,7647270179,7647270179,DDP,3000595011,3000595011,3000595011,3000208984
1984964,10,520,95,96,ZMUN,10,10,10,D011,EUR,02-01-2018,15:50:45,DDP,24,1,MUST,ZMUP,9024269167,7647270179,9352794312,7647270179,7647270179,DDP,3000595011,3000595011,3000595011,3000208984
1984964,10,520,95,96,ZMUN,10,10,10,D011,EUR,02-01-2018,15:50:45,DDP,30,1,MUST,ZMUK,4073116499,7647270179,9352794312,7647270179,7647270179,DDP,3000595011,3000595011,3000595011,3000208984
1984964,10,520,95,96,ZMUN,10,10,10,D011,EUR,02-01-2018,15:50:45,DDP,31,1,MUST,ZMUP,1951361101,7647270179,9352794312,7647270179,7647270179,DDP,3000595011,3000595011,3000595011,3000208984
1984964,10,520,95,96,ZMUN,10,10,10,D011,EUR,02-01-2018,15:50:45,DDP,32,1,MUST,ZMUP,3806478514,7647270179,9352794312,7647270179,7647270179,DDP,3000595011,3000595011,3000595011,3000208984
1984964,10,520,95,96,ZMUN,10,10,10,D011,EUR,02-01-2018,15:50:45,DDP,33,1,MUST,ZMUP,1612970023,7647270179,9352794312,7647270179,7647270179,DDP,3000595011,3000595011,3000595011,3000208984
1984964,10,520,95,96,ZMUN,10,10,10,D011,EUR,02-01-2018,15:50:45,DDP,34,1,MUST,ZMUP,4880097256,7647270179,9352794312,7647270179,7647270179,DDP,3000595011,3000595011,3000595011,3000208984
1984965,10,282,32,1,TA,700,10,10,PL10,EUR,02-01-2018,15:34:59,DAP,10,700,700,TAN,583113847,3775792943,2071576259,3775792943,3775792943,DAP,3000517013,3000517013,3000517013,3000473775
1984965,10,282,32,1,TA,700,10,10,PL10,EUR,02-01-2018,15:34:59,DAP,20,700,700,TAN,2862871854,3775792943,2071576259,3775792943,3775792943,DAP,3000517013,3000517013,3000517013,3000473775
1984965,10,282,32,1,TA,700,10,10,PL10,EUR,02-01-2018,15:34:59,DAP,30,700,700,TAN,8290235040,3775792943,2071576259,3775792943,3775792943,DAP,3000517013,3000517013,3000517013,3000473775
1984965,10,282,32,1,TA,700,10,10,PL10,EUR,02-01-2018,15:34:59,DAP,40,700,700,TAN,8281701286,3775792943,2071576259,3775792943,3775792943,DAP,3000517013,3000517013,3000517013,3000473775
1984966,10,344,32,1,TA,700,10,10,PL10,PLN,02-01-2018,15:53:19,DAP,10,700,700,TAN,8817346616,4312315972,5913474856,4312315972,4312315972,DAP,3000218520,3000218520,3000218520,3000501560
1984967,10,209,232,5,TA,300,10,10,NL30,EUR,02-01-2018,15:51:56,EXW,80,310,301,TAN,1727456757,8154968605,3131184188,8154968605,8154968605,EXW,3000207477,3000207477,3000207477,3000210700
1984968,10,322,224,1,TA,10,10,10,D011,EUR,02-01-2018,15:56:41,DDP,10,1,1,TAN,6436513216,6576198872,6576198872,6576198872,6576198872,DDP,3000219109,3000219109,3000219109,3000219109
1984969,10,219,33,96,ZMUN,300,10,10,NL30,EUR,02-01-2018,15:54:53,DDP,10,310,302,ZMUK,464164174,1355582171,5523175313,1355582171,1355582171,DDP,3000568114,3000568114,3000568114,3000439453
1984970,10,789,32,5,TA,10,10,10,D011,EUR,02-01-2018,15:58:32,FCA,10,1,1,TAN,9670140474,851548071,2071576259,851548071,851548071,FCA,3000208064,3000208064,3000208064,3000473775
1984971,10,202,0,99,ZMUN,10,10,10,D011,EUR,02-01-2018,15:58:29,DDP,10,1,MUST,ZMUK,7174834802,6307900185,6307900185,6307900185,6307900185,DDP,3000417961,3000417961,3000417961,3000417961
1984971,10,202,0,99,ZMUN,10,10,10,D011,EUR,02-01-2018,15:58:29,DDP,11,1,MUST,ZMUP,1722277707,6307900185,6307900185,6307900185,6307900185,DDP,3000417961,3000417961,3000417961,3000417961
1984971,10,202,0,99,ZMUN,10,10,10,D011,EUR,02-01-2018,15:58:29,DDP,12,1,MUST,ZMUP,2976328107,6307900185,6307900185,6307900185,6307900185,DDP,3000417961,3000417961,3000417961,3000417961
1984971,10,202,0,99,ZMUN,10,10,10,D011,EUR,02-01-2018,15:58:29,DDP,13,1,MUST,ZMUP,6758606942,6307900185,6307900185,6307900185,6307900185,DDP,3000417961,3000417961,3000417961,3000417961
1984971,10,202,0,99,ZMUN,10,10,10,D011,EUR,02-01-2018,15:58:29,DDP,14,1,MUST,ZMUP,5406727920,6307900185,6307900185,6307900185,6307900185,DDP,3000417961,3000417961,3000417961,3000417961
1984971,10,202,0,99,ZMUN,10,10,10,D011,EUR,02-01-2018,15:58:29,DDP,15,1,MUST,ZMUP,9949444299,6307900185,6307900185,6307900185,6307900185,DDP,3000417961,3000417961,3000417961,3000417961
1984971,10,202,0,99,ZMUN,10,10,10,D011,EUR,02-01-2018,15:58:29,DDP,16,1,MUST,ZMUP,9709012385,6307900185,6307900185,6307900185,6307900185,DDP,3000417961,3000417961,3000417961,3000417961
1984971,10,202,0,99,ZMUN,10,10,10,D011,EUR,02-01-2018,15:58:29,DDP,17,1,MUST,ZMUP,8696298363,6307900185,6307900185,6307900185,6307900185,DDP,3000417961,3000417961,3000417961,3000417961
1984971,10,202,0,99,ZMUN,10,10,10,D011,EUR,02-01-2018,15:58:29,DDP,18,1,MUST,ZMUP,5507095496,6307900185,6307900185,6307900185,6307900185,DDP,3000417961,3000417961,3000417961,3000417961
1984971,10,202,0,99,ZMUN,10,10,10,D011,EUR,02-01-2018,15:58:29,DDP,19,1,MUST,ZMUP,422017490,6307900185,6307900185,6307900185,6307900185,DDP,3000417961,3000417961,3000417961,3000417961
1984972,10,206,32,33,TA,4200,10,10,DK20,GBP,02-01-2018,15:42:04,DDP,10,4200,4200,TAN,373722799,8146909609,4209629923,8146909609,8146909609,DDP,3000501950,3000501950,3000501950,3000608830
1984973,10,282,32,13,TA,700,10,10,PL10,EUR,02-01-2018,16:02:38,DAP,10,700,700,TAN,9670140474,3775792943,2071576259,3775792943,3775792943,DAP,3000517013,3000517013,3000517013,3000473775
1984974,10,266,32,98,ZMUN,300,10,10,NL30,EUR,02-01-2018,16:03:10,DDP,10,310,302,ZMUK,3144788468,9339024510,3861309655,9339024510,9339024510,DDP,3000215418,3000215418,3000215418,3000356581
1984975,10,266,32,98,ZMUN,300,10,10,NL30,EUR,02-01-2018,16:04:45,DDP,10,310,302,ZMUK,3144788468,9339024510,3861309655,9339024510,9339024510,DDP,3000215418,3000215418,3000215418,3000356581
1984976,10,206,95,33,TA,4200,10,10,DK20,GBP,02-01-2018,16:02:41,DDP,10,4200,4200,TAN,5409033276,6120609152,3272487965,6120609152,6120609152,DDP,3000219504,3000219504,3000219504,3000609059
1984976,10,206,95,33,TA,4200,10,10,DK20,GBP,02-01-2018,16:02:41,DDP,20,4200,4200,TAN,751589553,6120609152,3272487965,6120609152,6120609152,DDP,3000219504,3000219504,3000219504,3000609059
1984976,10,206,95,33,TA,4200,10,10,DK20,GBP,02-01-2018,16:02:41,DDP,30,4200,4200,TAN,9311157948,6120609152,3272487965,6120609152,6120609152,DDP,3000219504,3000219504,3000219504,3000609059
1984976,10,206,95,33,TA,4200,10,10,DK20,GBP,02-01-2018,16:02:41,DDP,40,4200,4200,TAN,9204631885,6120609152,3272487965,6120609152,6120609152,DDP,3000219504,3000219504,3000219504,3000609059
1984976,10,206,95,33,TA,4200,10,10,DK20,GBP,02-01-2018,16:02:41,DDP,50,4200,4200,TAN,1531003686,6120609152,3272487965,6120609152,6120609152,DDP,3000219504,3000219504,3000219504,3000609059
1984977,10,266,32,98,ZMUN,300,10,10,NL30,EUR,02-01-2018,16:06:10,DDP,10,310,302,ZMUK,913348807,9339024510,3861309655,9339024510,9339024510,DDP,3000215418,3000215418,3000215418,3000356581
1984978,10,322,224,1,TA,10,10,10,D011,EUR,02-01-2018,16:01:57,DDP,10,1,1,TAN,1225015771,6576198872,6576198872,6576198872,6576198872,DDP,3000219109,3000219109,3000219109,3000219109
1984978,10,322,224,1,TA,10,10,10,D011,EUR,02-01-2018,16:01:57,DDP,20,1,1,TAN,518223515,6576198872,6576198872,6576198872,6576198872,DDP,3000219109,3000219109,3000219109,3000219109
1984978,10,322,224,1,TA,10,10,10,D011,EUR,02-01-2018,16:01:57,DDP,30,1,1,TAN,1381359367,6576198872,6576198872,6576198872,6576198872,DDP,3000219109,3000219109,3000219109,3000219109
1984978,10,322,224,1,TA,10,10,10,D011,EUR,02-01-2018,16:01:57,DDP,40,1,1,TAN,6540549930,6576198872,6576198872,6576198872,6576198872,DDP,3000219109,3000219109,3000219109,3000219109
1984978,10,322,224,1,TA,10,10,10,D011,EUR,02-01-2018,16:01:57,DDP,50,1,1,TAN,7894763369,6576198872,6576198872,6576198872,6576198872,DDP,3000219109,3000219109,3000219109,3000219109
1984978,10,322,224,1,TA,10,10,10,D011,EUR,02-01-2018,16:01:57,DDP,60,1,1,TAN,5612725609,6576198872,6576198872,6576198872,6576198872,DDP,3000219109,3000219109,3000219109,3000219109
1984978,10,322,224,1,TA,10,10,10,D011,EUR,02-01-2018,16:01:57,DDP,70,1,1,TAN,8926004578,6576198872,6576198872,6576198872,6576198872,DDP,3000219109,3000219109,3000219109,3000219109
1984979,10,322,224,1,TA,10,10,10,D011,EUR,02-01-2018,16:07:24,DDP,10,1,1,TAN,9340944002,6576198872,6576198872,6576198872,6576198872,DDP,3000219109,3000219109,3000219109,3000219109
1984980,10,902,CA,1,TA,10,10,10,D011,EUR,02-01-2018,16:07:09,DDP,10,1,1,TAN,8692737496,5291484760,3590046268,5291484760,5291484760,DDP,3000254248,3000254248,3000254248,3000464000
1984981,10,266,32,98,ZMUN,300,10,10,NL30,EUR,02-01-2018,16:09:40,DDP,10,310,302,ZMUK,913348807,9339024510,3861309655,9339024510,9339024510,DDP,3000215418,3000215418,3000215418,3000356581
1984982,10,540,10-May,99,ZMUN,10,10,10,D011,EUR,02-01-2018,16:07:14,DDP,10,1,MUST,ZMUK,3006058616,6805823614,322716581,6805823614,6805823614,DDP,3000423045,3000423045,3000423045,3000464451
1984982,10,540,10-May,99,ZMUN,10,10,10,D011,EUR,02-01-2018,16:07:14,DDP,20,1,MUST,ZMUK,161788070,6805823614,322716581,6805823614,6805823614,DDP,3000423045,3000423045,3000423045,3000464451
1984983,10,,3,97,ZMUN,2200,10,10,D300,EUR,02-01-2018,16:07:57,DDP,10,2200,2202,ZMUK,5956240100,1727435819,1727435819,1727435819,1727435819,DDP,3000206205,3000206205,3000206205,3000206205
1984983,10,,3,97,ZMUN,2200,10,10,D300,EUR,02-01-2018,16:07:57,DDP,20,2200,2202,ZMUK,3133577673,1727435819,1727435819,1727435819,1727435819,DDP,3000206205,3000206205,3000206205,3000206205
1984983,10,,3,97,ZMUN,2200,10,10,D300,EUR,02-01-2018,16:07:57,DDP,30,2200,2202,ZMUK,2978619574,1727435819,1727435819,1727435819,1727435819,DDP,3000206205,3000206205,3000206205,3000206205
1984984,10,266,32,98,ZMUN,300,10,10,NL30,EUR,02-01-2018,16:10:54,DDP,10,310,302,ZMUK,7288803745,9339024510,3861309655,9339024510,9339024510,DDP,3000215418,3000215418,3000215418,3000356581
1984985,10,266,32,98,ZMUN,300,10,10,NL30,EUR,02-01-2018,16:12:03,DDP,10,310,302,ZMUK,3144788468,9339024510,3861309655,9339024510,9339024510,DDP,3000215418,3000215418,3000215418,3000356581
1984986,10,652,10,13,TA,700,10,10,PL10,EUR,02-01-2018,16:12:07,DDP,10,700,700,TAN,2612386507,6737257324,6737257324,6737257324,6737257324,DDP,3000507434,3000507434,3000507434,3000507434
1984986,10,652,10,13,TA,700,10,10,PL10,EUR,02-01-2018,16:12:07,DDP,20,700,700,TAN,2015327799,6737257324,6737257324,6737257324,6737257324,DDP,3000507434,3000507434,3000507434,3000507434
1984986,10,652,10,13,TA,700,10,10,PL10,EUR,02-01-2018,16:12:07,DDP,30,700,700,TAN,192475132,6737257324,6737257324,6737257324,6737257324,DDP,3000507434,3000507434,3000507434,3000507434
1984987,10,302,591,99,ZMUN,10,10,10,D011,EUR,02-01-2018,16:14:30,DDP,10,1,MUST,ZMUK,6491390,2370675929,2370675929,5229307829,2370675929,DDP,3000609537,3000434914,3000609537,3000609537
1984988,10,AG,EI08,1,TA,10,10,10,D011,EUR,02-01-2018,15:49:21,DDP,10,1,1,TAN,6311618375,6393610865,6393610865,6393610865,6393610865,DDP,3000417249,3000417249,3000417249,3000417249
1984988,10,AG,EI08,1,TA,10,10,10,D011,EUR,02-01-2018,15:49:21,DDP,20,1,1,TAN,5099682033,6393610865,6393610865,6393610865,6393610865,DDP,3000417249,3000417249,3000417249,3000417249
1984989,10,322,128,1,TA,10,10,10,D011,EUR,02-01-2018,16:14:57,DDP,10,1,1,TAN,381890430,5826684651,5826684651,5826684651,5826684651,DDP,3000207775,3000207775,3000207775,3000207775
1984989,10,322,128,1,TA,10,10,10,D011,EUR,02-01-2018,16:14:57,DDP,20,1,1,ZTCH,381890430,5826684651,5826684651,5826684651,5826684651,DDP,3000207775,3000207775,3000207775,3000207775
1984989,10,322,128,1,TA,10,10,10,D011,EUR,02-01-2018,16:14:57,DDP,30,1,1,TAN,7161744102,5826684651,5826684651,5826684651,5826684651,DDP,3000207775,3000207775,3000207775,3000207775
1984989,10,322,128,1,TA,10,10,10,D011,EUR,02-01-2018,16:14:57,DDP,40,1,1,ZTCH,7161744102,5826684651,5826684651,5826684651,5826684651,DDP,3000207775,3000207775,3000207775,3000207775
1984990,10,588,54,1,ZVOR,10,10,10,D011,EUR,02-01-2018,16:12:08,DDP,10,1,1,ZVN,3449263982,5612268616,5612268616,5612268616,5612268616,DDP,3001119593,3001119593,3001119593,3001119593
1984990,10,588,54,1,ZVOR,10,10,10,D011,EUR,02-01-2018,16:12:08,DDP,20,1,1,ZVN,2502636652,5612268616,5612268616,5612268616,5612268616,DDP,3001119593,3001119593,3001119593,3001119593
1984990,10,588,54,1,ZVOR,10,10,10,D011,EUR,02-01-2018,16:12:08,DDP,30,1,1,ZVN,892025547,5612268616,5612268616,5612268616,5612268616,DDP,3001119593,3001119593,3001119593,3001119593
1984990,10,588,54,1,ZVOR,10,10,10,D011,EUR,02-01-2018,16:12:08,DDP,40,1,1,ZVN,5298117957,5612268616,5612268616,5612268616,5612268616,DDP,3001119593,3001119593,3001119593,3001119593
1984991,10,192,32,1,TA,5900,10,10,D060,EUR,02-01-2018,16:15:23,DAP,10,5900,5900,TAN,8474292887,5300596642,2890742719,5300596642,5300596642,DAP,3000205785,3000205785,3000205785,3001109545
1984992,10,408,3,1,ZPRO,10,10,10,D011,GBP,02-01-2018,16:00:39,DDP,10,1,1,TAN,6504530831,776172992,1869825788,776172992,776172992,DDP,3000618988,3000618988,3000618988,3000214531
1984992,10,408,3,1,ZPRO,10,10,10,D011,GBP,02-01-2018,16:00:39,DDP,20,1,1,TAN,8497703563,776172992,1869825788,776172992,776172992,DDP,3000618988,3000618988,3000618988,3000214531
1984992,10,408,3,1,ZPRO,10,10,10,D011,GBP,02-01-2018,16:00:39,DDP,30,1,1,TAN,3449263982,776172992,1869825788,776172992,776172992,DDP,3000618988,3000618988,3000618988,3000214531
1984992,10,408,3,1,ZPRO,10,10,10,D011,GBP,02-01-2018,16:00:39,DDP,40,1,1,TAN,2788533129,776172992,1869825788,776172992,776172992,DDP,3000618988,3000618988,3000618988,3000214531
1984992,10,408,3,1,ZPRO,10,10,10,D011,GBP,02-01-2018,16:00:39,DDP,50,1,1,TAN,8544107179,776172992,1869825788,776172992,776172992,DDP,3000618988,3000618988,3000618988,3000214531
1984993,10,520,95,96,ZMUN,10,10,10,D011,EUR,02-01-2018,16:15:36,DDP,10,1,MUST,ZMUK,5165418813,7647270179,9352794312,7647270179,7647270179,DDP,3000595011,3000595011,3000595011,3000208984
1984993,10,520,95,96,ZMUN,10,10,10,D011,EUR,02-01-2018,16:15:36,DDP,20,1,MUST,ZMUK,2738801581,7647270179,9352794312,7647270179,7647270179,DDP,3000595011,3000595011,3000595011,3000208984
1984993,10,520,95,96,ZMUN,10,10,10,D011,EUR,02-01-2018,16:15:36,DDP,21,1,MUST,ZMUP,1183381524,7647270179,9352794312,7647270179,7647270179,DDP,3000595011,3000595011,3000595011,3000208984
1984993,10,520,95,96,ZMUN,10,10,10,D011,EUR,02-01-2018,16:15:36,DDP,22,1,MUST,ZMUP,4774350618,7647270179,9352794312,7647270179,7647270179,DDP,3000595011,3000595011,3000595011,3000208984
1984993,10,520,95,96,ZMUN,10,10,10,D011,EUR,02-01-2018,16:15:36,DDP,23,1,MUST,ZMUP,4726981266,7647270179,9352794312,7647270179,7647270179,DDP,3000595011,3000595011,3000595011,3000208984
1984993,10,520,95,96,ZMUN,10,10,10,D011,EUR,02-01-2018,16:15:36,DDP,24,1,MUST,ZMUP,59574812,7647270179,9352794312,7647270179,7647270179,DDP,3000595011,3000595011,3000595011,3000208984
1984993,10,520,95,96,ZMUN,10,10,10,D011,EUR,02-01-2018,16:15:36,DDP,25,1,MUST,ZMUP,4206905395,7647270179,9352794312,7647270179,7647270179,DDP,3000595011,3000595011,3000595011,3000208984
1984993,10,520,95,96,ZMUN,10,10,10,D011,EUR,02-01-2018,16:15:36,DDP,26,1,MUST,ZMUP,4709412219,7647270179,9352794312,7647270179,7647270179,DDP,3000595011,3000595011,3000595011,3000208984
1984993,10,520,95,96,ZMUN,10,10,10,D011,EUR,02-01-2018,16:15:36,DDP,30,1,MUST,ZMUK,9972642869,7647270179,9352794312,7647270179,7647270179,DDP,3000595011,3000595011,3000595011,3000208984
1984993,10,520,95,96,ZMUN,10,10,10,D011,EUR,02-01-2018,16:15:36,DDP,31,1,MUST,ZMUP,7658599977,7647270179,9352794312,7647270179,7647270179,DDP,3000595011,3000595011,3000595011,3000208984
1984993,10,520,95,96,ZMUN,10,10,10,D011,EUR,02-01-2018,16:15:36,DDP,32,1,MUST,ZMUP,20982611,7647270179,9352794312,7647270179,7647270179,DDP,3000595011,3000595011,3000595011,3000208984
1984993,10,520,95,96,ZMUN,10,10,10,D011,EUR,02-01-2018,16:15:36,DDP,33,1,MUST,ZMUP,2446183652,7647270179,9352794312,7647270179,7647270179,DDP,3000595011,3000595011,3000595011,3000208984
1984993,10,520,95,96,ZMUN,10,10,10,D011,EUR,02-01-2018,16:15:36,DDP,40,1,MUST,ZMUK,3855383268,7647270179,9352794312,7647270179,7647270179,DDP,3000595011,3000595011,3000595011,3000208984
1984993,10,520,95,96,ZMUN,10,10,10,D011,EUR,02-01-2018,16:15:36,DDP,41,1,MUST,ZMUP,1183381524,7647270179,9352794312,7647270179,7647270179,DDP,3000595011,3000595011,3000595011,3000208984
1984993,10,520,95,96,ZMUN,10,10,10,D011,EUR,02-01-2018,16:15:36,DDP,42,1,MUST,ZMUP,8042747455,7647270179,9352794312,7647270179,7647270179,DDP,3000595011,3000595011,3000595011,3000208984
1984993,10,520,95,96,ZMUN,10,10,10,D011,EUR,02-01-2018,16:15:36,DDP,43,1,MUST,ZMUP,7159847367,7647270179,9352794312,7647270179,7647270179,DDP,3000595011,3000595011,3000595011,3000208984
1984993,10,520,95,96,ZMUN,10,10,10,D011,EUR,02-01-2018,16:15:36,DDP,44,1,MUST,ZMUP,7122819908,7647270179,9352794312,7647270179,7647270179,DDP,3000595011,3000595011,3000595011,3000208984
1984994,10,237,3,96,ZMUN,300,10,10,NL30,EUR,02-01-2018,16:13:09,DDP,10,310,302,ZMUK,5809567692,1727435819,3414189092,1727435819,1727435819,DDP,3000206205,3000206205,3000206205,3000222363
1984995,10,515,3,1,TA,5900,10,10,D060,EUR,02-01-2018,16:20:31,DAP,10,5900,5900,TAN,5145528191,228131140,8448564340,228131140,228131140,DAP,3000222035,3000222035,3000222035,3001069674
1984996,10,520,3,99,ZMUN,5900,10,10,D060,EUR,02-01-2018,16:23:37,DDP,10,5900,5902,ZMUK,7951591531,7647270179,9352794312,7647270179,7647270179,DDP,3000595011,3000595011,3000595011,3000208984
1984996,10,520,3,99,ZMUN,5900,10,10,D060,EUR,02-01-2018,16:23:37,DDP,20,5900,5902,ZMUK,3790993263,7647270179,9352794312,7647270179,7647270179,DDP,3000595011,3000595011,3000595011,3000208984
1984996,10,520,3,99,ZMUN,5900,10,10,D060,EUR,02-01-2018,16:23:37,DDP,30,5900,5902,ZMUK,2277163746,7647270179,9352794312,7647270179,7647270179,DDP,3000595011,3000595011,3000595011,3000208984
1984997,10,540,70,99,ZMUN,10,10,10,D011,EUR,02-01-2018,16:19:55,CIP,10,1,MUST,ZMUK,2997022444,8919925877,8919925877,8919925877,8919925877,CIP,3000209190,3000209190,3000209190,3000209190
1984997,10,540,70,99,ZMUN,10,10,10,D011,EUR,02-01-2018,16:19:55,CIP,11,1,MUST,ZMUP,3504524010,8919925877,8919925877,8919925877,8919925877,CIP,3000209190,3000209190,3000209190,3000209190
1984997,10,540,70,99,ZMUN,10,10,10,D011,EUR,02-01-2018,16:19:55,CIP,12,1,MUST,ZMUP,5705411301,8919925877,8919925877,8919925877,8919925877,CIP,3000209190,3000209190,3000209190,3000209190
1984997,10,540,70,99,ZMUN,10,10,10,D011,EUR,02-01-2018,16:19:55,CIP,13,1,MUST,ZMUP,1250845991,8919925877,8919925877,8919925877,8919925877,CIP,3000209190,3000209190,3000209190,3000209190
1984997,10,540,70,99,ZMUN,10,10,10,D011,EUR,02-01-2018,16:19:55,CIP,14,1,MUST,ZMUP,4135355493,8919925877,8919925877,8919925877,8919925877,CIP,3000209190,3000209190,3000209190,3000209190
1984997,10,540,70,99,ZMUN,10,10,10,D011,EUR,02-01-2018,16:19:55,CIP,15,1,MUST,ZMUP,7441650008,8919925877,8919925877,8919925877,8919925877,CIP,3000209190,3000209190,3000209190,3000209190
1984997,10,540,70,99,ZMUN,10,10,10,D011,EUR,02-01-2018,16:19:55,CIP,16,1,MUST,ZMUP,5347581643,8919925877,8919925877,8919925877,8919925877,CIP,3000209190,3000209190,3000209190,3000209190
1984997,10,540,70,99,ZMUN,10,10,10,D011,EUR,02-01-2018,16:19:55,CIP,17,1,MUST,ZMUP,1598676124,8919925877,8919925877,8919925877,8919925877,CIP,3000209190,3000209190,3000209190,3000209190
1984997,10,540,70,99,ZMUN,10,10,10,D011,EUR,02-01-2018,16:19:55,CIP,18,1,MUST,ZMUP,4934020637,8919925877,8919925877,8919925877,8919925877,CIP,3000209190,3000209190,3000209190,3000209190
1984997,10,540,70,99,ZMUN,10,10,10,D011,EUR,02-01-2018,16:19:55,CIP,19,1,MUST,ZMUP,3755243785,8919925877,8919925877,8919925877,8919925877,CIP,3000209190,3000209190,3000209190,3000209190
1984997,10,540,70,99,ZMUN,10,10,10,D011,EUR,02-01-2018,16:19:55,CIP,20,1,MUST,ZMUP,422017490,8919925877,8919925877,8919925877,8919925877,CIP,3000209190,3000209190,3000209190,3000209190
1984997,10,540,70,99,ZMUN,10,10,10,D011,EUR,02-01-2018,16:19:55,CIP,30,1,MUST,ZMUK,487110099,8919925877,8919925877,8919925877,8919925877,CIP,3000209190,3000209190,3000209190,3000209190
1984997,10,540,70,99,ZMUN,10,10,10,D011,EUR,02-01-2018,16:19:55,CIP,31,1,MUST,ZMUP,3504524010,8919925877,8919925877,8919925877,8919925877,CIP,3000209190,3000209190,3000209190,3000209190
1984997,10,540,70,99,ZMUN,10,10,10,D011,EUR,02-01-2018,16:19:55,CIP,32,1,MUST,ZMUP,9117761641,8919925877,8919925877,8919925877,8919925877,CIP,3000209190,3000209190,3000209190,3000209190
1984997,10,540,70,99,ZMUN,10,10,10,D011,EUR,02-01-2018,16:19:55,CIP,33,1,MUST,ZMUP,5705411301,8919925877,8919925877,8919925877,8919925877,CIP,3000209190,3000209190,3000209190,3000209190
1984997,10,540,70,99,ZMUN,10,10,10,D011,EUR,02-01-2018,16:19:55,CIP,34,1,MUST,ZMUP,1250845991,8919925877,8919925877,8919925877,8919925877,CIP,3000209190,3000209190,3000209190,3000209190
1984997,10,540,70,99,ZMUN,10,10,10,D011,EUR,02-01-2018,16:19:55,CIP,35,1,MUST,ZMUP,2966757262,8919925877,8919925877,8919925877,8919925877,CIP,3000209190,3000209190,3000209190,3000209190
1984997,10,540,70,99,ZMUN,10,10,10,D011,EUR,02-01-2018,16:19:55,CIP,36,1,MUST,ZMUP,4135355493,8919925877,8919925877,8919925877,8919925877,CIP,3000209190,3000209190,3000209190,3000209190
1984997,10,540,70,99,ZMUN,10,10,10,D011,EUR,02-01-2018,16:19:55,CIP,37,1,MUST,ZMUP,7441650008,8919925877,8919925877,8919925877,8919925877,CIP,3000209190,3000209190,3000209190,3000209190
1984997,10,540,70,99,ZMUN,10,10,10,D011,EUR,02-01-2018,16:19:55,CIP,38,1,MUST,ZMUP,5347581643,8919925877,8919925877,8919925877,8919925877,CIP,3000209190,3000209190,3000209190,3000209190
1984997,10,540,70,99,ZMUN,10,10,10,D011,EUR,02-01-2018,16:19:55,CIP,39,1,MUST,ZMUP,1598676124,8919925877,8919925877,8919925877,8919925877,CIP,3000209190,3000209190,3000209190,3000209190
1984997,10,540,70,99,ZMUN,10,10,10,D011,EUR,02-01-2018,16:19:55,CIP,40,1,MUST,ZMUP,4934020637,8919925877,8919925877,8919925877,8919925877,CIP,3000209190,3000209190,3000209190,3000209190
1984997,10,540,70,99,ZMUN,10,10,10,D011,EUR,02-01-2018,16:19:55,CIP,41,1,MUST,ZMUP,3755243785,8919925877,8919925877,8919925877,8919925877,CIP,3000209190,3000209190,3000209190,3000209190
1984997,10,540,70,99,ZMUN,10,10,10,D011,EUR,02-01-2018,16:19:55,CIP,42,1,MUST,ZMUP,422017490,8919925877,8919925877,8919925877,8919925877,CIP,3000209190,3000209190,3000209190,3000209190
1984997,10,540,70,99,ZMUN,10,10,10,D011,EUR,02-01-2018,16:19:55,CIP,50,1,MUST,ZMUK,7981133022,8919925877,8919925877,8919925877,8919925877,CIP,3000209190,3000209190,3000209190,3000209190
1984997,10,540,70,99,ZMUN,10,10,10,D011,EUR,02-01-2018,16:19:55,CIP,51,1,MUST,ZMUP,3504524010,8919925877,8919925877,8919925877,8919925877,CIP,3000209190,3000209190,3000209190,3000209190
1984997,10,540,70,99,ZMUN,10,10,10,D011,EUR,02-01-2018,16:19:55,CIP,52,1,MUST,ZMUP,9117761641,8919925877,8919925877,8919925877,8919925877,CIP,3000209190,3000209190,3000209190,3000209190
1984997,10,540,70,99,ZMUN,10,10,10,D011,EUR,02-01-2018,16:19:55,CIP,53,1,MUST,ZMUP,2966757262,8919925877,8919925877,8919925877,8919925877,CIP,3000209190,3000209190,3000209190,3000209190
1984997,10,540,70,99,ZMUN,10,10,10,D011,EUR,02-01-2018,16:19:55,CIP,54,1,MUST,ZMUP,4135355493,8919925877,8919925877,8919925877,8919925877,CIP,3000209190,3000209190,3000209190,3000209190
1984997,10,540,70,99,ZMUN,10,10,10,D011,EUR,02-01-2018,16:19:55,CIP,55,1,MUST,ZMUP,7441650008,8919925877,8919925877,8919925877,8919925877,CIP,3000209190,3000209190,3000209190,3000209190
1984997,10,540,70,99,ZMUN,10,10,10,D011,EUR,02-01-2018,16:19:55,CIP,56,1,MUST,ZMUP,5347581643,8919925877,8919925877,8919925877,8919925877,CIP,3000209190,3000209190,3000209190,3000209190
1984997,10,540,70,99,ZMUN,10,10,10,D011,EUR,02-01-2018,16:19:55,CIP,57,1,MUST,ZMUP,1598676124,8919925877,8919925877,8919925877,8919925877,CIP,3000209190,3000209190,3000209190,3000209190
1984997,10,540,70,99,ZMUN,10,10,10,D011,EUR,02-01-2018,16:19:55,CIP,58,1,MUST,ZMUP,4934020637,8919925877,8919925877,8919925877,8919925877,CIP,3000209190,3000209190,3000209190,3000209190
1984997,10,540,70,99,ZMUN,10,10,10,D011,EUR,02-01-2018,16:19:55,CIP,59,1,MUST,ZMUP,3755243785,8919925877,8919925877,8919925877,8919925877,CIP,3000209190,3000209190,3000209190,3000209190
1984997,10,540,70,99,ZMUN,10,10,10,D011,EUR,02-01-2018,16:19:55,CIP,60,1,MUST,ZMUP,422017490,8919925877,8919925877,8919925877,8919925877,CIP,3000209190,3000209190,3000209190,3000209190
1984997,10,540,70,99,ZMUN,10,10,10,D011,EUR,02-01-2018,16:19:55,CIP,70,1,MUST,ZMUK,878375021,8919925877,8919925877,8919925877,8919925877,CIP,3000209190,3000209190,3000209190,3000209190
1984997,10,540,70,99,ZMUN,10,10,10,D011,EUR,02-01-2018,16:19:55,CIP,71,1,MUST,ZMUP,3504524010,8919925877,8919925877,8919925877,8919925877,CIP,3000209190,3000209190,3000209190,3000209190
1984997,10,540,70,99,ZMUN,10,10,10,D011,EUR,02-01-2018,16:19:55,CIP,72,1,MUST,ZMUP,9117761641,8919925877,8919925877,8919925877,8919925877,CIP,3000209190,3000209190,3000209190,3000209190
1984997,10,540,70,99,ZMUN,10,10,10,D011,EUR,02-01-2018,16:19:55,CIP,73,1,MUST,ZMUP,5705411301,8919925877,8919925877,8919925877,8919925877,CIP,3000209190,3000209190,3000209190,3000209190
1984997,10,540,70,99,ZMUN,10,10,10,D011,EUR,02-01-2018,16:19:55,CIP,74,1,MUST,ZMUP,1250845991,8919925877,8919925877,8919925877,8919925877,CIP,3000209190,3000209190,3000209190,3000209190
1984997,10,540,70,99,ZMUN,10,10,10,D011,EUR,02-01-2018,16:19:55,CIP,75,1,MUST,ZMUP,2966757262,8919925877,8919925877,8919925877,8919925877,CIP,3000209190,3000209190,3000209190,3000209190
1984997,10,540,70,99,ZMUN,10,10,10,D011,EUR,02-01-2018,16:19:55,CIP,76,1,MUST,ZMUP,4135355493,8919925877,8919925877,8919925877,8919925877,CIP,3000209190,3000209190,3000209190,3000209190
1984997,10,540,70,99,ZMUN,10,10,10,D011,EUR,02-01-2018,16:19:55,CIP,77,1,MUST,ZMUP,7441650008,8919925877,8919925877,8919925877,8919925877,CIP,3000209190,3000209190,3000209190,3000209190
1984997,10,540,70,99,ZMUN,10,10,10,D011,EUR,02-01-2018,16:19:55,CIP,78,1,MUST,ZMUP,5347581643,8919925877,8919925877,8919925877,8919925877,CIP,3000209190,3000209190,3000209190,3000209190
1984997,10,540,70,99,ZMUN,10,10,10,D011,EUR,02-01-2018,16:19:55,CIP,79,1,MUST,ZMUP,1598676124,8919925877,8919925877,8919925877,8919925877,CIP,3000209190,3000209190,3000209190,3000209190
1984997,10,540,70,99,ZMUN,10,10,10,D011,EUR,02-01-2018,16:19:55,CIP,80,1,MUST,ZMUP,4934020637,8919925877,8919925877,8919925877,8919925877,CIP,3000209190,3000209190,3000209190,3000209190
1984997,10,540,70,99,ZMUN,10,10,10,D011,EUR,02-01-2018,16:19:55,CIP,81,1,MUST,ZMUP,3755243785,8919925877,8919925877,8919925877,8919925877,CIP,3000209190,3000209190,3000209190,3000209190
1984997,10,540,70,99,ZMUN,10,10,10,D011,EUR,02-01-2018,16:19:55,CIP,82,1,MUST,ZMUP,422017490,8919925877,8919925877,8919925877,8919925877,CIP,3000209190,3000209190,3000209190,3000209190
1984998,10,255,95,1,TA,10,10,10,D011,EUR,02-01-2018,16:25:30,CIP,10,1,1,TAN,4780533219,6636391022,6008545373,45239288,6636391022,CIP,3000414015,3000364213,3000414015,3000306707
1984998,10,255,95,1,TA,10,10,10,D011,EUR,02-01-2018,16:25:30,CIP,20,1,1,ZTCH,4780533219,6636391022,6008545373,45239288,6636391022,CIP,3000414015,3000364213,3000414015,3000306707
1984999,10,652,10,1,TA,700,10,10,PL10,PLN,02-01-2018,16:16:13,DDP,10,700,700,TAN,5927582936,6737257324,6737257324,6737257324,6737257324,DDP,3000507434,3000507434,3000507434,3000507434
1985000,10,301,32,18,TA,2000,10,10,PL20,EUR,02-01-2018,16:27:38,DDP,10,2000,2000,TAN,2314319471,6702425931,6691241916,6702425931,6702425931,DDP,3001091172,3001091172,3001091172,3000259822
1985000,10,301,32,18,TA,2000,10,10,PL20,EUR,02-01-2018,16:27:38,DDP,20,2000,2000,ZTCH,2314319471,6702425931,6691241916,6702425931,6702425931,DDP,3001091172,3001091172,3001091172,3000259822
1985001,10,957,32,33,TA,4200,10,10,DK20,GBP,02-01-2018,16:27:59,DDP,10,4200,4200,TAN,8772733740,8763749082,786677886,8763749082,8763749082,DDP,3000538286,3000538286,3000538286,3000609076
1985001,10,957,32,33,TA,4200,10,10,DK20,GBP,02-01-2018,16:27:59,DDP,20,4200,4200,TAN,1308584193,8763749082,786677886,8763749082,8763749082,DDP,3000538286,3000538286,3000538286,3000609076
1985001,10,957,32,33,TA,4200,10,10,DK20,GBP,02-01-2018,16:27:59,DDP,30,4200,4200,TAN,9752343791,8763749082,786677886,8763749082,8763749082,DDP,3000538286,3000538286,3000538286,3000609076
1985001,10,957,32,33,TA,4200,10,10,DK20,GBP,02-01-2018,16:27:59,DDP,40,4200,4200,TAN,8256556129,8763749082,786677886,8763749082,8763749082,DDP,3000538286,3000538286,3000538286,3000609076
1985002,10,301,32,18,TA,2000,10,10,PL20,EUR,02-01-2018,16:32:41,DDP,10,2000,2000,TAN,2314319471,6702425931,6691241916,6702425931,6702425931,DDP,3001091172,3001091172,3001091172,3000259822
1985002,10,301,32,18,TA,2000,10,10,PL20,EUR,02-01-2018,16:32:41,DDP,20,2000,2000,ZTCH,2314319471,6702425931,6691241916,6702425931,6702425931,DDP,3001091172,3001091172,3001091172,3000259822
1985003,10,301,32,18,TA,2000,10,10,PL20,EUR,02-01-2018,16:34:13,DDP,10,2000,2000,TAN,2314319471,6702425931,6691241916,6702425931,6702425931,DDP,3001091172,3001091172,3001091172,3000259822
1985003,10,301,32,18,TA,2000,10,10,PL20,EUR,02-01-2018,16:34:13,DDP,20,2000,2000,ZTCH,2314319471,6702425931,6691241916,6702425931,6702425931,DDP,3001091172,3001091172,3001091172,3000259822
1985004,10,706,32,5,TA,10,10,10,D011,EUR,02-01-2018,16:27:21,FCA,10,1,1,TAS,3472022223,6633136134,6633136134,6633136134,6633136134,FCA,3000464327,3000464327,3000464327,3000464327
1985004,10,706,32,5,TA,10,10,10,D011,EUR,02-01-2018,16:27:21,FCA,60,1,1,TAS,1433857720,6633136134,6633136134,6633136134,6633136134,FCA,3000464327,3000464327,3000464327,3000464327
1985004,10,706,32,5,TA,10,10,10,D011,EUR,02-01-2018,16:27:21,FCA,70,1,1,TAS,6436949424,6633136134,6633136134,6633136134,6633136134,FCA,3000464327,3000464327,3000464327,3000464327
1985004,10,706,32,5,TA,10,10,10,D011,EUR,02-01-2018,16:27:21,FCA,80,1,1,TAS,395344429,6633136134,6633136134,6633136134,6633136134,FCA,3000464327,3000464327,3000464327,3000464327
1985005,10,301,32,18,TA,2000,10,10,PL20,EUR,02-01-2018,16:35:32,DDP,10,2000,2000,TAN,2314319471,6702425931,6691241916,6702425931,6702425931,DDP,3001091172,3001091172,3001091172,3000259822
1985005,10,301,32,18,TA,2000,10,10,PL20,EUR,02-01-2018,16:35:32,DDP,20,2000,2000,ZTCH,2314319471,6702425931,6691241916,6702425931,6702425931,DDP,3001091172,3001091172,3001091172,3000259822
1985006,10,313,1,99,ZMUN,10,10,10,D011,EUR,02-01-2018,16:32:47,DDP,10,1,MUST,ZMUK,1125822247,1655217107,1655217107,1655217107,1655217107,DDP,3000205756,3000205756,3000205756,3000205756
1985007,10,423,54,99,ZMUN,10,10,10,D011,EUR,02-01-2018,16:38:43,DDP,10,1,MUST,ZMUK,187296691,9304665865,9304665865,9304665865,9304665865,DDP,3001108762,3001108762,3001108762,3001108762
1985007,10,423,54,99,ZMUN,10,10,10,D011,EUR,02-01-2018,16:38:43,DDP,11,1,MUST,ZMUP,7296977426,9304665865,9304665865,9304665865,9304665865,DDP,3001108762,3001108762,3001108762,3001108762
1985007,10,423,54,99,ZMUN,10,10,10,D011,EUR,02-01-2018,16:38:43,DDP,12,1,MUST,ZMUP,2760783737,9304665865,9304665865,9304665865,9304665865,DDP,3001108762,3001108762,3001108762,3001108762
1985007,10,423,54,99,ZMUN,10,10,10,D011,EUR,02-01-2018,16:38:43,DDP,13,1,MUST,ZMUP,5796732924,9304665865,9304665865,9304665865,9304665865,DDP,3001108762,3001108762,3001108762,3001108762
1985007,10,423,54,99,ZMUN,10,10,10,D011,EUR,02-01-2018,16:38:43,DDP,14,1,MUST,ZMUP,3755243785,9304665865,9304665865,9304665865,9304665865,DDP,3001108762,3001108762,3001108762,3001108762
1985007,10,423,54,99,ZMUN,10,10,10,D011,EUR,02-01-2018,16:38:43,DDP,15,1,MUST,ZMUP,422017490,9304665865,9304665865,9304665865,9304665865,DDP,3001108762,3001108762,3001108762,3001108762
1985007,10,423,54,99,ZMUN,10,10,10,D011,EUR,02-01-2018,16:38:43,DDP,20,1,MUST,ZMUK,3285256379,9304665865,9304665865,9304665865,9304665865,DDP,3001108762,3001108762,3001108762,3001108762
1985007,10,423,54,99,ZMUN,10,10,10,D011,EUR,02-01-2018,16:38:43,DDP,21,1,MUST,ZMUP,7296977426,9304665865,9304665865,9304665865,9304665865,DDP,3001108762,3001108762,3001108762,3001108762
1985007,10,423,54,99,ZMUN,10,10,10,D011,EUR,02-01-2018,16:38:43,DDP,22,1,MUST,ZMUP,2760783737,9304665865,9304665865,9304665865,9304665865,DDP,3001108762,3001108762,3001108762,3001108762
1985007,10,423,54,99,ZMUN,10,10,10,D011,EUR,02-01-2018,16:38:43,DDP,23,1,MUST,ZMUP,8011732509,9304665865,9304665865,9304665865,9304665865,DDP,3001108762,3001108762,3001108762,3001108762
1985007,10,423,54,99,ZMUN,10,10,10,D011,EUR,02-01-2018,16:38:43,DDP,24,1,MUST,ZMUP,3755243785,9304665865,9304665865,9304665865,9304665865,DDP,3001108762,3001108762,3001108762,3001108762
1985007,10,423,54,99,ZMUN,10,10,10,D011,EUR,02-01-2018,16:38:43,DDP,25,1,MUST,ZMUP,422017490,9304665865,9304665865,9304665865,9304665865,DDP,3001108762,3001108762,3001108762,3001108762
1985007,10,423,54,99,ZMUN,10,10,10,D011,EUR,02-01-2018,16:38:43,DDP,30,1,MUST,ZMUK,5589219883,9304665865,9304665865,9304665865,9304665865,DDP,3001108762,3001108762,3001108762,3001108762
1985007,10,423,54,99,ZMUN,10,10,10,D011,EUR,02-01-2018,16:38:43,DDP,31,1,MUST,ZMUP,7296977426,9304665865,9304665865,9304665865,9304665865,DDP,3001108762,3001108762,3001108762,3001108762
1985007,10,423,54,99,ZMUN,10,10,10,D011,EUR,02-01-2018,16:38:43,DDP,32,1,MUST,ZMUP,2760783737,9304665865,9304665865,9304665865,9304665865,DDP,3001108762,3001108762,3001108762,3001108762
1985007,10,423,54,99,ZMUN,10,10,10,D011,EUR,02-01-2018,16:38:43,DDP,33,1,MUST,ZMUP,8696298363,9304665865,9304665865,9304665865,9304665865,DDP,3001108762,3001108762,3001108762,3001108762
1985007,10,423,54,99,ZMUN,10,10,10,D011,EUR,02-01-2018,16:38:43,DDP,34,1,MUST,ZMUP,3755243785,9304665865,9304665865,9304665865,9304665865,DDP,3001108762,3001108762,3001108762,3001108762
1985007,10,423,54,99,ZMUN,10,10,10,D011,EUR,02-01-2018,16:38:43,DDP,35,1,MUST,ZMUP,422017490,9304665865,9304665865,9304665865,9304665865,DDP,3001108762,3001108762,3001108762,3001108762
1985008,10,794,54,5,ZVOR,2000,10,10,PL20,EUR,02-01-2018,16:38:48,FCA,10,2000,2000,ZVN,555926477,4725392661,4725392661,4725392661,4725392661,FCA,3000628324,3000628324,3000628324,3000628324
1985009,10,303,32,1,TA,1300,10,10,D015,EUR,02-01-2018,16:36:47,DDP,10,1300,1300,TAN,370934582,8197936759,1712538213,8197936759,8197936759,DDP,3000205088,3000205088,3000205088,3000482659
1985009,10,303,32,1,TA,1300,10,10,D015,EUR,02-01-2018,16:36:47,DDP,20,1300,1300,ZTCH,370934582,8197936759,1712538213,8197936759,8197936759,DDP,3000205088,3000205088,3000205088,3000482659
1985009,10,303,32,1,TA,1300,10,10,D015,EUR,02-01-2018,16:36:47,DDP,30,1300,1300,TAN,2428550312,8197936759,1712538213,8197936759,8197936759,DDP,3000205088,3000205088,3000205088,3000482659
1985009,10,303,32,1,TA,1300,10,10,D015,EUR,02-01-2018,16:36:47,DDP,40,1300,1300,ZTCH,2428550312,8197936759,1712538213,8197936759,8197936759,DDP,3000205088,3000205088,3000205088,3000482659
1985010,10,540,ESA1,99,ZMUN,10,10,10,D011,EUR,02-01-2018,16:37:34,DDP,10,1,MUST,ZMUK,8991805422,3455137910,3455137910,3455137910,3455137910,DDP,3000206791,3000206791,3000206791,3000206791
1985010,10,540,ESA1,99,ZMUN,10,10,10,D011,EUR,02-01-2018,16:37:34,DDP,11,1,MUST,ZMUP,6669860577,3455137910,3455137910,3455137910,3455137910,DDP,3000206791,3000206791,3000206791,3000206791
1985010,10,540,ESA1,99,ZMUN,10,10,10,D011,EUR,02-01-2018,16:37:34,DDP,12,1,MUST,ZMUP,5632208213,3455137910,3455137910,3455137910,3455137910,DDP,3000206791,3000206791,3000206791,3000206791
1985010,10,540,ESA1,99,ZMUN,10,10,10,D011,EUR,02-01-2018,16:37:34,DDP,13,1,MUST,ZMUP,7428566750,3455137910,3455137910,3455137910,3455137910,DDP,3000206791,3000206791,3000206791,3000206791
1985010,10,540,ESA1,99,ZMUN,10,10,10,D011,EUR,02-01-2018,16:37:34,DDP,14,1,MUST,ZMUP,5668822266,3455137910,3455137910,3455137910,3455137910,DDP,3000206791,3000206791,3000206791,3000206791
1985010,10,540,ESA1,99,ZMUN,10,10,10,D011,EUR,02-01-2018,16:37:34,DDP,15,1,MUST,ZMUP,273815111,3455137910,3455137910,3455137910,3455137910,DDP,3000206791,3000206791,3000206791,3000206791
1985010,10,540,ESA1,99,ZMUN,10,10,10,D011,EUR,02-01-2018,16:37:34,DDP,16,1,MUST,ZMUP,1598676124,3455137910,3455137910,3455137910,3455137910,DDP,3000206791,3000206791,3000206791,3000206791
1985010,10,540,ESA1,99,ZMUN,10,10,10,D011,EUR,02-01-2018,16:37:34,DDP,17,1,MUST,ZMUP,5268678379,3455137910,3455137910,3455137910,3455137910,DDP,3000206791,3000206791,3000206791,3000206791
1985010,10,540,ESA1,99,ZMUN,10,10,10,D011,EUR,02-01-2018,16:37:34,DDP,18,1,MUST,ZMUP,1580068920,3455137910,3455137910,3455137910,3455137910,DDP,3000206791,3000206791,3000206791,3000206791
1985010,10,540,ESA1,99,ZMUN,10,10,10,D011,EUR,02-01-2018,16:37:34,DDP,19,1,MUST,ZMUP,3755243785,3455137910,3455137910,3455137910,3455137910,DDP,3000206791,3000206791,3000206791,3000206791
1985010,10,540,ESA1,99,ZMUN,10,10,10,D011,EUR,02-01-2018,16:37:34,DDP,20,1,MUST,ZMUP,422017490,3455137910,3455137910,3455137910,3455137910,DDP,3000206791,3000206791,3000206791,3000206791
1985010,10,540,ESA1,99,ZMUN,10,10,10,D011,EUR,02-01-2018,16:37:34,DDP,30,1,MUST,ZMUK,7132076931,3455137910,3455137910,3455137910,3455137910,DDP,3000206791,3000206791,3000206791,3000206791
1985010,10,540,ESA1,99,ZMUN,10,10,10,D011,EUR,02-01-2018,16:37:34,DDP,31,1,MUST,ZMUP,5668822266,3455137910,3455137910,3455137910,3455137910,DDP,3000206791,3000206791,3000206791,3000206791
1985010,10,540,ESA1,99,ZMUN,10,10,10,D011,EUR,02-01-2018,16:37:34,DDP,32,1,MUST,ZMUP,273815111,3455137910,3455137910,3455137910,3455137910,DDP,3000206791,3000206791,3000206791,3000206791
1985010,10,540,ESA1,99,ZMUN,10,10,10,D011,EUR,02-01-2018,16:37:34,DDP,33,1,MUST,ZMUP,5268678379,3455137910,3455137910,3455137910,3455137910,DDP,3000206791,3000206791,3000206791,3000206791
1985010,10,540,ESA1,99,ZMUN,10,10,10,D011,EUR,02-01-2018,16:37:34,DDP,34,1,MUST,ZMUP,1598676124,3455137910,3455137910,3455137910,3455137910,DDP,3000206791,3000206791,3000206791,3000206791
1985010,10,540,ESA1,99,ZMUN,10,10,10,D011,EUR,02-01-2018,16:37:34,DDP,35,1,MUST,ZMUP,1580068920,3455137910,3455137910,3455137910,3455137910,DDP,3000206791,3000206791,3000206791,3000206791
1985010,10,540,ESA1,99,ZMUN,10,10,10,D011,EUR,02-01-2018,16:37:34,DDP,36,1,MUST,ZMUP,2863207915,3455137910,3455137910,3455137910,3455137910,DDP,3000206791,3000206791,3000206791,3000206791
1985010,10,540,ESA1,99,ZMUN,10,10,10,D011,EUR,02-01-2018,16:37:34,DDP,37,1,MUST,ZMUP,3755243785,3455137910,3455137910,3455137910,3455137910,DDP,3000206791,3000206791,3000206791,3000206791
1985010,10,540,ESA1,99,ZMUN,10,10,10,D011,EUR,02-01-2018,16:37:34,DDP,38,1,MUST,ZMUP,422017490,3455137910,3455137910,3455137910,3455137910,DDP,3000206791,3000206791,3000206791,3000206791
1985011,10,252,32,99,ZMUN,10,10,10,D011,EUR,02-01-2018,16:45:10,DDP,10,1,MUST,ZMUK,2871975593,7143172224,7143172224,7143172224,7143172224,DDP,3000207627,3000207627,3000207627,3000207627
1985012,10,548,32,18,TA,2000,10,10,PL20,EUR,02-01-2018,16:52:06,DDP,10,2000,2000,TAN,3012475692,31412347,3043611529,31412347,31412347,DDP,3001114945,3001114945,3001114945,3000549409
1985013,10,258,3,98,ZMUN,10,10,10,D011,EUR,02-01-2018,16:51:10,DDP,10,1,MUST,ZMUK,6863821266,6950139215,6950139215,6950139215,6950139215,DDP,3000448180,3000448180,3000448180,3000448180
1985013,10,258,3,98,ZMUN,10,10,10,D011,EUR,02-01-2018,16:51:10,DDP,20,1,MUST,ZMUK,250900957,6950139215,6950139215,6950139215,6950139215,DDP,3000448180,3000448180,3000448180,3000448180
1985013,10,258,3,98,ZMUN,10,10,10,D011,EUR,02-01-2018,16:51:10,DDP,30,1,MUST,ZMUK,7081247363,6950139215,6950139215,6950139215,6950139215,DDP,3000448180,3000448180,3000448180,3000448180
1985013,10,258,3,98,ZMUN,10,10,10,D011,EUR,02-01-2018,16:51:10,DDP,40,1,MUST,ZMUK,2480457803,6950139215,6950139215,6950139215,6950139215,DDP,3000448180,3000448180,3000448180,3000448180
1985013,10,258,3,98,ZMUN,10,10,10,D011,EUR,02-01-2018,16:51:10,DDP,50,1,MUST,ZMUK,8283672253,6950139215,6950139215,6950139215,6950139215,DDP,3000448180,3000448180,3000448180,3000448180
1985013,10,258,3,98,ZMUN,10,10,10,D011,EUR,02-01-2018,16:51:10,DDP,60,1,MUST,ZMUK,5764592192,6950139215,6950139215,6950139215,6950139215,DDP,3000448180,3000448180,3000448180,3000448180
1985013,10,258,3,98,ZMUN,10,10,10,D011,EUR,02-01-2018,16:51:10,DDP,70,1,MUST,ZMUK,7652103498,6950139215,6950139215,6950139215,6950139215,DDP,3000448180,3000448180,3000448180,3000448180
1985013,10,258,3,98,ZMUN,10,10,10,D011,EUR,02-01-2018,16:51:10,DDP,80,1,MUST,ZMUK,6573791512,6950139215,6950139215,6950139215,6950139215,DDP,3000448180,3000448180,3000448180,3000448180
1985014,10,548,32,18,TA,2000,10,10,PL20,EUR,02-01-2018,16:53:17,DDP,10,2000,2000,TAN,3012475692,31412347,3043611529,31412347,31412347,DDP,3001114945,3001114945,3001114945,3000549409
1985015,10,RJ,EV11,1,TA,300,10,10,NL30,USD,02-01-2018,16:47:50,DDP,20,310,300,TAN,9434828064,7396283290,3634968542,7396283290,7396283290,DDP,3000215388,3000215388,3000215388,3000417725
1985016,10,548,32,18,TA,2000,10,10,PL20,EUR,02-01-2018,16:53:57,DDP,10,2000,2000,TAN,3012475692,31412347,3043611529,31412347,31412347,DDP,3001114945,3001114945,3001114945,3000549409
1985017,10,548,32,18,TA,2000,10,10,PL20,EUR,02-01-2018,16:54:34,DDP,10,2000,2000,TAN,3012475692,31412347,3043611529,31412347,31412347,DDP,3001114945,3001114945,3001114945,3000549409
1985018,10,991,3,1,TA,2200,10,10,D300,USD,02-01-2018,16:50:12,DDP,10,2200,2200,TAN,1510034152,284374707,7534317414,284374707,284374707,DDP,3000424095,3000424095,3000424095,3000536027
1985019,10,548,32,18,TA,2000,10,10,PL20,EUR,02-01-2018,16:55:10,DDP,10,2000,2000,TAN,3012475692,31412347,3043611529,31412347,31412347,DDP,3001114945,3001114945,3001114945,3000549409
1985020,10,322,128,1,ZPRO,10,10,10,D011,EUR,02-01-2018,16:52:18,DDP,10,1,1,TANN,8516598123,8725561399,8725561399,8725561399,8725561399,DDP,3000206945,3000206945,3000206945,3000206945
1985021,10,548,32,18,TA,2000,10,10,PL20,EUR,02-01-2018,16:55:51,DDP,10,2000,2000,TAN,3012475692,31412347,3043611529,31412347,31412347,DDP,3001114945,3001114945,3001114945,3000549409
1985022,10,532,33,1,TA,10,10,10,D011,GBP,02-01-2018,16:55:38,CIF,10,1,1,TAN,4179971159,659139242,1007843942,659139242,659139242,CIF,3000209036,3000209036,3000209036,3000215600
1985023,10,997,32,98,ZMUN,4600,10,10,US30,EUR,02-01-2018,16:59:23,DDP,10,4600,4602,ZMUK,2476154512,4742943930,4742943930,4742943930,4742943930,DDP,3000548649,3000548649,3000548649,3000548649
1985023,10,997,32,98,ZMUN,4600,10,10,US30,EUR,02-01-2018,16:59:23,DDP,20,4600,4602,ZMUK,136195317,4742943930,4742943930,4742943930,4742943930,DDP,3000548649,3000548649,3000548649,3000548649
1985024,10,248,3,1,TA,5900,10,10,D060,EUR,02-01-2018,16:59:10,DAP,10,5900,5900,TAN,8628893144,417927491,417927491,417927491,417927491,DAP,3000514623,3000514623,3000514623,3000514623
1985025,10,RIC,95,12,TA,300,10,10,NL30,EUR,02-01-2018,17:02:08,DDP,10,310,300,TAN,6960688196,5544628950,1284795577,266575563,5544628950,DDP,3000208250,3000214803,3000208250,3000338752
1985025,10,RIC,95,12,TA,300,10,10,NL30,EUR,02-01-2018,17:02:08,DDP,20,310,300,ZTCH,6960688196,5544628950,1284795577,266575563,5544628950,DDP,3000208250,3000214803,3000208250,3000338752
1985026,10,,3,99,ZMUN,4600,10,10,US30,USD,02-01-2018,16:56:47,DDP,10,4600,4602,ZMUK,9137870437,4772731232,4772731232,4772731232,4772731232,DDP,3001129637,3001129637,3001129637,3001129637
1985026,10,,3,99,ZMUN,4600,10,10,US30,USD,02-01-2018,16:56:47,DDP,40,4600,4602,ZMUK,5491676395,4772731232,4772731232,4772731232,4772731232,DDP,3001129637,3001129637,3001129637,3001129637
1985027,10,794,27,5,TA,2000,10,10,PL20,EUR,02-01-2018,16:57:31,FCA,10,2000,2000,TAN,555926477,4725392661,4725392661,4725392661,4725392661,FCA,3000628324,3000628324,3000628324,3000628324
1985028,10,998,54,98,ZMUN,10,10,10,D011,EUR,02-01-2018,17:00:59,DDP,10,1,MUST,ZMUK,4914812115,2068914279,2068914279,2068914279,2068914279,DDP,3000429990,3000429990,3000429990,3000429990
1985028,10,998,54,98,ZMUN,10,10,10,D011,EUR,02-01-2018,17:00:59,DDP,11,1,MUST,ZMUP,1997571840,2068914279,2068914279,2068914279,2068914279,DDP,3000429990,3000429990,3000429990,3000429990
1985028,10,998,54,98,ZMUN,10,10,10,D011,EUR,02-01-2018,17:00:59,DDP,12,1,MUST,ZMUP,5268678379,2068914279,2068914279,2068914279,2068914279,DDP,3000429990,3000429990,3000429990,3000429990
1985028,10,998,54,98,ZMUN,10,10,10,D011,EUR,02-01-2018,17:00:59,DDP,13,1,MUST,ZMUP,1598676124,2068914279,2068914279,2068914279,2068914279,DDP,3000429990,3000429990,3000429990,3000429990
1985028,10,998,54,98,ZMUN,10,10,10,D011,EUR,02-01-2018,17:00:59,DDP,14,1,MUST,ZMUP,5347581643,2068914279,2068914279,2068914279,2068914279,DDP,3000429990,3000429990,3000429990,3000429990
1985028,10,998,54,98,ZMUN,10,10,10,D011,EUR,02-01-2018,17:00:59,DDP,15,1,MUST,ZMUP,422017490,2068914279,2068914279,2068914279,2068914279,DDP,3000429990,3000429990,3000429990,3000429990
1985029,10,414,10,1,TA,10,10,10,D011,EUR,02-01-2018,17:12:10,DDP,10,1,1,TAN,9734030537,8704627725,2675051444,2675051444,2675051444,DDP,3000207022,3000206818,3000206818,3000206818
1985030,10,258,3,98,ZMUN,10,10,10,D011,EUR,02-01-2018,17:12:31,DDP,10,1,MUST,ZMUK,5893197414,6950139215,6950139215,6950139215,6950139215,DDP,3000448180,3000448180,3000448180,3000448180
1985030,10,258,3,98,ZMUN,10,10,10,D011,EUR,02-01-2018,17:12:31,DDP,20,1,MUST,ZMUK,1526028478,6950139215,6950139215,6950139215,6950139215,DDP,3000448180,3000448180,3000448180,3000448180
1985031,10,532,33,1,TA,10,10,10,D011,GBP,02-01-2018,17:13:08,CIF,10,1,1,TAN,3414738681,659139242,1007843942,659139242,659139242,CIF,3000209036,3000209036,3000209036,3000215600
1985032,10,258,3,98,ZMUN,1300,10,10,D015,EUR,02-01-2018,17:16:37,DDP,10,1300,1301,ZMUK,7655882627,6950139215,6950139215,6950139215,6950139215,DDP,3000448180,3000448180,3000448180,3000448180
1985032,10,258,3,98,ZMUN,1300,10,10,D015,EUR,02-01-2018,17:16:37,DDP,20,1300,1301,ZMUK,1674526402,6950139215,6950139215,6950139215,6950139215,DDP,3000448180,3000448180,3000448180,3000448180
1985033,10,540,3,99,ZMUN,10,10,10,D011,EUR,02-01-2018,17:12:39,DDP,10,1,MUST,ZMUK,1694764783,6148781974,6148781974,6148781974,6148781974,DDP,3000932748,3000932748,3000932748,3000932748
1985033,10,540,3,99,ZMUN,10,10,10,D011,EUR,02-01-2018,17:12:39,DDP,20,1,MUST,ZMUK,5849794916,6148781974,6148781974,6148781974,6148781974,DDP,3000932748,3000932748,3000932748,3000932748
1985033,10,540,3,99,ZMUN,10,10,10,D011,EUR,02-01-2018,17:12:39,DDP,30,1,MUST,ZMUK,6646008041,6148781974,6148781974,6148781974,6148781974,DDP,3000932748,3000932748,3000932748,3000932748
1985034,10,902,33,13,TA,2000,10,10,PL20,EUR,02-01-2018,17:21:04,DAP,10,2000,2000,TAN,5307715236,8610831516,9200560019,8610831516,8610831516,DAP,3000504747,3000504747,3000504747,3000514929
1985034,10,902,33,13,TA,2000,10,10,PL20,EUR,02-01-2018,17:21:04,DAP,20,2000,2000,ZTCH,5307715236,8610831516,9200560019,8610831516,8610831516,DAP,3000504747,3000504747,3000504747,3000514929
1985034,10,902,33,13,TA,2000,10,10,PL20,EUR,02-01-2018,17:21:04,DAP,30,2000,2000,TAN,1586578900,8610831516,9200560019,8610831516,8610831516,DAP,3000504747,3000504747,3000504747,3000514929
1985034,10,902,33,13,TA,2000,10,10,PL20,EUR,02-01-2018,17:21:04,DAP,40,2000,2000,ZTCH,1586578900,8610831516,9200560019,8610831516,8610831516,DAP,3000504747,3000504747,3000504747,3000514929
1985034,10,902,33,13,TA,2000,10,10,PL20,EUR,02-01-2018,17:21:04,DAP,50,2000,2000,TAN,9942546207,8610831516,9200560019,8610831516,8610831516,DAP,3000504747,3000504747,3000504747,3000514929
1985034,10,902,33,13,TA,2000,10,10,PL20,EUR,02-01-2018,17:21:04,DAP,60,2000,2000,ZTCH,9942546207,8610831516,9200560019,8610831516,8610831516,DAP,3000504747,3000504747,3000504747,3000514929
1985035,10,257,32,96,ZMUN,10,10,10,D011,EUR,02-01-2018,17:22:11,DAP,10,1,MUST,ZMUK,2738801581,8000226800,8659298878,8000226800,8000226800,DAP,3000329937,3000329937,3000329937,3000221569
1985035,10,257,32,96,ZMUN,10,10,10,D011,EUR,02-01-2018,17:22:11,DAP,11,1,MUST,ZMUP,1183381524,8000226800,8659298878,8000226800,8000226800,DAP,3000329937,3000329937,3000329937,3000221569
1985035,10,257,32,96,ZMUN,10,10,10,D011,EUR,02-01-2018,17:22:11,DAP,12,1,MUST,ZMUP,4774350618,8000226800,8659298878,8000226800,8000226800,DAP,3000329937,3000329937,3000329937,3000221569
1985035,10,257,32,96,ZMUN,10,10,10,D011,EUR,02-01-2018,17:22:11,DAP,13,1,MUST,ZMUP,4726981266,8000226800,8659298878,8000226800,8000226800,DAP,3000329937,3000329937,3000329937,3000221569
1985035,10,257,32,96,ZMUN,10,10,10,D011,EUR,02-01-2018,17:22:11,DAP,14,1,MUST,ZMUP,59574812,8000226800,8659298878,8000226800,8000226800,DAP,3000329937,3000329937,3000329937,3000221569
1985035,10,257,32,96,ZMUN,10,10,10,D011,EUR,02-01-2018,17:22:11,DAP,15,1,MUST,ZMUP,4206905395,8000226800,8659298878,8000226800,8000226800,DAP,3000329937,3000329937,3000329937,3000221569
1985035,10,257,32,96,ZMUN,10,10,10,D011,EUR,02-01-2018,17:22:11,DAP,16,1,MUST,ZMUP,4709412219,8000226800,8659298878,8000226800,8000226800,DAP,3000329937,3000329937,3000329937,3000221569
1985035,10,257,32,96,ZMUN,10,10,10,D011,EUR,02-01-2018,17:22:11,DAP,20,1,MUST,ZMUK,3190482627,8000226800,8659298878,8000226800,8000226800,DAP,3000329937,3000329937,3000329937,3000221569
1985035,10,257,32,96,ZMUN,10,10,10,D011,EUR,02-01-2018,17:22:11,DAP,21,1,MUST,ZMUP,1734125087,8000226800,8659298878,8000226800,8000226800,DAP,3000329937,3000329937,3000329937,3000221569
1985035,10,257,32,96,ZMUN,10,10,10,D011,EUR,02-01-2018,17:22:11,DAP,22,1,MUST,ZMUP,839401566,8000226800,8659298878,8000226800,8000226800,DAP,3000329937,3000329937,3000329937,3000221569
1985035,10,257,32,96,ZMUN,10,10,10,D011,EUR,02-01-2018,17:22:11,DAP,23,1,MUST,ZMUP,755756907,8000226800,8659298878,8000226800,8000226800,DAP,3000329937,3000329937,3000329937,3000221569
1985035,10,257,32,96,ZMUN,10,10,10,D011,EUR,02-01-2018,17:22:11,DAP,24,1,MUST,ZMUP,2700656180,8000226800,8659298878,8000226800,8000226800,DAP,3000329937,3000329937,3000329937,3000221569
1985035,10,257,32,96,ZMUN,10,10,10,D011,EUR,02-01-2018,17:22:11,DAP,25,1,MUST,ZMUP,4297218129,8000226800,8659298878,8000226800,8000226800,DAP,3000329937,3000329937,3000329937,3000221569
1985035,10,257,32,96,ZMUN,10,10,10,D011,EUR,02-01-2018,17:22:11,DAP,26,1,MUST,ZMUP,5978068418,8000226800,8659298878,8000226800,8000226800,DAP,3000329937,3000329937,3000329937,3000221569
1985035,10,257,32,96,ZMUN,10,10,10,D011,EUR,02-01-2018,17:22:11,DAP,30,1,MUST,ZMUK,4057516317,8000226800,8659298878,8000226800,8000226800,DAP,3000329937,3000329937,3000329937,3000221569
1985035,10,257,32,96,ZMUN,10,10,10,D011,EUR,02-01-2018,17:22:11,DAP,31,1,MUST,ZMUP,1183381524,8000226800,8659298878,8000226800,8000226800,DAP,3000329937,3000329937,3000329937,3000221569
1985035,10,257,32,96,ZMUN,10,10,10,D011,EUR,02-01-2018,17:22:11,DAP,32,1,MUST,ZMUP,839401566,8000226800,8659298878,8000226800,8000226800,DAP,3000329937,3000329937,3000329937,3000221569
1985035,10,257,32,96,ZMUN,10,10,10,D011,EUR,02-01-2018,17:22:11,DAP,33,1,MUST,ZMUP,852893054,8000226800,8659298878,8000226800,8000226800,DAP,3000329937,3000329937,3000329937,3000221569
1985035,10,257,32,96,ZMUN,10,10,10,D011,EUR,02-01-2018,17:22:11,DAP,34,1,MUST,ZMUP,8199664428,8000226800,8659298878,8000226800,8000226800,DAP,3000329937,3000329937,3000329937,3000221569
1985035,10,257,32,96,ZMUN,10,10,10,D011,EUR,02-01-2018,17:22:11,DAP,40,1,MUST,ZMUK,2640045570,8000226800,8659298878,8000226800,8000226800,DAP,3000329937,3000329937,3000329937,3000221569
1985035,10,257,32,96,ZMUN,10,10,10,D011,EUR,02-01-2018,17:22:11,DAP,41,1,MUST,ZMUP,1034574753,8000226800,8659298878,8000226800,8000226800,DAP,3000329937,3000329937,3000329937,3000221569
1985035,10,257,32,96,ZMUN,10,10,10,D011,EUR,02-01-2018,17:22:11,DAP,42,1,MUST,ZMUP,4202171294,8000226800,8659298878,8000226800,8000226800,DAP,3000329937,3000329937,3000329937,3000221569
1985035,10,257,32,96,ZMUN,10,10,10,D011,EUR,02-01-2018,17:22:11,DAP,43,1,MUST,ZMUP,5268678379,8000226800,8659298878,8000226800,8000226800,DAP,3000329937,3000329937,3000329937,3000221569
1985035,10,257,32,96,ZMUN,10,10,10,D011,EUR,02-01-2018,17:22:11,DAP,44,1,MUST,ZMUP,3854415486,8000226800,8659298878,8000226800,8000226800,DAP,3000329937,3000329937,3000329937,3000221569
1985035,10,257,32,96,ZMUN,10,10,10,D011,EUR,02-01-2018,17:22:11,DAP,50,1,MUST,ZMUK,6679062893,8000226800,8659298878,8000226800,8000226800,DAP,3000329937,3000329937,3000329937,3000221569
1985035,10,257,32,96,ZMUN,10,10,10,D011,EUR,02-01-2018,17:22:11,DAP,51,1,MUST,ZMUP,1183381524,8000226800,8659298878,8000226800,8000226800,DAP,3000329937,3000329937,3000329937,3000221569
1985035,10,257,32,96,ZMUN,10,10,10,D011,EUR,02-01-2018,17:22:11,DAP,52,1,MUST,ZMUP,4774350618,8000226800,8659298878,8000226800,8000226800,DAP,3000329937,3000329937,3000329937,3000221569
1985035,10,257,32,96,ZMUN,10,10,10,D011,EUR,02-01-2018,17:22:11,DAP,53,1,MUST,ZMUP,1093656690,8000226800,8659298878,8000226800,8000226800,DAP,3000329937,3000329937,3000329937,3000221569
1985035,10,257,32,96,ZMUN,10,10,10,D011,EUR,02-01-2018,17:22:11,DAP,60,1,MUST,ZMUK,761398385,8000226800,8659298878,8000226800,8000226800,DAP,3000329937,3000329937,3000329937,3000221569
1985035,10,257,32,96,ZMUN,10,10,10,D011,EUR,02-01-2018,17:22:11,DAP,61,1,MUST,ZMUP,1183381524,8000226800,8659298878,8000226800,8000226800,DAP,3000329937,3000329937,3000329937,3000221569
1985035,10,257,32,96,ZMUN,10,10,10,D011,EUR,02-01-2018,17:22:11,DAP,62,1,MUST,ZMUP,855919073,8000226800,8659298878,8000226800,8000226800,DAP,3000329937,3000329937,3000329937,3000221569
1985035,10,257,32,96,ZMUN,10,10,10,D011,EUR,02-01-2018,17:22:11,DAP,63,1,MUST,ZMUP,2700656180,8000226800,8659298878,8000226800,8000226800,DAP,3000329937,3000329937,3000329937,3000221569
1985035,10,257,32,96,ZMUN,10,10,10,D011,EUR,02-01-2018,17:22:11,DAP,70,1,MUST,ZMUK,2046507829,8000226800,8659298878,8000226800,8000226800,DAP,3000329937,3000329937,3000329937,3000221569
1985035,10,257,32,96,ZMUN,10,10,10,D011,EUR,02-01-2018,17:22:11,DAP,71,1,MUST,ZMUP,7658599977,8000226800,8659298878,8000226800,8000226800,DAP,3000329937,3000329937,3000329937,3000221569
1985035,10,257,32,96,ZMUN,10,10,10,D011,EUR,02-01-2018,17:22:11,DAP,72,1,MUST,ZMUP,839401566,8000226800,8659298878,8000226800,8000226800,DAP,3000329937,3000329937,3000329937,3000221569
1985035,10,257,32,96,ZMUN,10,10,10,D011,EUR,02-01-2018,17:22:11,DAP,73,1,MUST,ZMUP,8375379849,8000226800,8659298878,8000226800,8000226800,DAP,3000329937,3000329937,3000329937,3000221569
1985035,10,257,32,96,ZMUN,10,10,10,D011,EUR,02-01-2018,17:22:11,DAP,74,1,MUST,ZMUP,4350239084,8000226800,8659298878,8000226800,8000226800,DAP,3000329937,3000329937,3000329937,3000221569
1985035,10,257,32,96,ZMUN,10,10,10,D011,EUR,02-01-2018,17:22:11,DAP,80,1,MUST,ZMUK,7473766916,8000226800,8659298878,8000226800,8000226800,DAP,3000329937,3000329937,3000329937,3000221569
1985035,10,257,32,96,ZMUN,10,10,10,D011,EUR,02-01-2018,17:22:11,DAP,81,1,MUST,ZMUP,7658599977,8000226800,8659298878,8000226800,8000226800,DAP,3000329937,3000329937,3000329937,3000221569
1985035,10,257,32,96,ZMUN,10,10,10,D011,EUR,02-01-2018,17:22:11,DAP,82,1,MUST,ZMUP,8728451188,8000226800,8659298878,8000226800,8000226800,DAP,3000329937,3000329937,3000329937,3000221569
1985035,10,257,32,96,ZMUN,10,10,10,D011,EUR,02-01-2018,17:22:11,DAP,83,1,MUST,ZMUP,4814489800,8000226800,8659298878,8000226800,8000226800,DAP,3000329937,3000329937,3000329937,3000221569
1985035,10,257,32,96,ZMUN,10,10,10,D011,EUR,02-01-2018,17:22:11,DAP,90,1,MUST,ZMUK,3855383268,8000226800,8659298878,8000226800,8000226800,DAP,3000329937,3000329937,3000329937,3000221569
1985035,10,257,32,96,ZMUN,10,10,10,D011,EUR,02-01-2018,17:22:11,DAP,91,1,MUST,ZMUP,1183381524,8000226800,8659298878,8000226800,8000226800,DAP,3000329937,3000329937,3000329937,3000221569
1985035,10,257,32,96,ZMUN,10,10,10,D011,EUR,02-01-2018,17:22:11,DAP,92,1,MUST,ZMUP,8042747455,8000226800,8659298878,8000226800,8000226800,DAP,3000329937,3000329937,3000329937,3000221569
1985035,10,257,32,96,ZMUN,10,10,10,D011,EUR,02-01-2018,17:22:11,DAP,93,1,MUST,ZMUP,7159847367,8000226800,8659298878,8000226800,8000226800,DAP,3000329937,3000329937,3000329937,3000221569
1985035,10,257,32,96,ZMUN,10,10,10,D011,EUR,02-01-2018,17:22:11,DAP,94,1,MUST,ZMUP,7122819908,8000226800,8659298878,8000226800,8000226800,DAP,3000329937,3000329937,3000329937,3000221569
1985035,10,257,32,96,ZMUN,10,10,10,D011,EUR,02-01-2018,17:22:11,DAP,100,1,MUST,ZMUK,777234120,8000226800,8659298878,8000226800,8000226800,DAP,3000329937,3000329937,3000329937,3000221569
1985035,10,257,32,96,ZMUN,10,10,10,D011,EUR,02-01-2018,17:22:11,DAP,101,1,MUST,ZMUP,1951361101,8000226800,8659298878,8000226800,8000226800,DAP,3000329937,3000329937,3000329937,3000221569
1985035,10,257,32,96,ZMUN,10,10,10,D011,EUR,02-01-2018,17:22:11,DAP,102,1,MUST,ZMUP,1397989125,8000226800,8659298878,8000226800,8000226800,DAP,3000329937,3000329937,3000329937,3000221569
1985035,10,257,32,96,ZMUN,10,10,10,D011,EUR,02-01-2018,17:22:11,DAP,103,1,MUST,ZMUP,4026680959,8000226800,8659298878,8000226800,8000226800,DAP,3000329937,3000329937,3000329937,3000221569
1985035,10,257,32,96,ZMUN,10,10,10,D011,EUR,02-01-2018,17:22:11,DAP,104,1,MUST,ZMUP,5200544042,8000226800,8659298878,8000226800,8000226800,DAP,3000329937,3000329937,3000329937,3000221569
1985035,10,257,32,96,ZMUN,10,10,10,D011,EUR,02-01-2018,17:22:11,DAP,105,1,MUST,ZMUP,3730580997,8000226800,8659298878,8000226800,8000226800,DAP,3000329937,3000329937,3000329937,3000221569
1985035,10,257,32,96,ZMUN,10,10,10,D011,EUR,02-01-2018,17:22:11,DAP,110,1,MUST,ZMUK,2135123149,8000226800,8659298878,8000226800,8000226800,DAP,3000329937,3000329937,3000329937,3000221569
1985035,10,257,32,96,ZMUN,10,10,10,D011,EUR,02-01-2018,17:22:11,DAP,111,1,MUST,ZMUP,1034574753,8000226800,8659298878,8000226800,8000226800,DAP,3000329937,3000329937,3000329937,3000221569
1985035,10,257,32,96,ZMUN,10,10,10,D011,EUR,02-01-2018,17:22:11,DAP,112,1,MUST,ZMUP,1397411866,8000226800,8659298878,8000226800,8000226800,DAP,3000329937,3000329937,3000329937,3000221569
1985036,10,602,3,99,ZMUN,10,10,10,D011,EUR,02-01-2018,17:31:00,DDP,10,1,MUST,ZMUK,8096049060,8767200270,9352794312,8767200270,8767200270,DDP,3000493727,3000493727,3000493727,3000208984
1985036,10,602,3,99,ZMUN,10,10,10,D011,EUR,02-01-2018,17:31:00,DDP,20,1,MUST,ZMUK,292239124,8767200270,9352794312,8767200270,8767200270,DDP,3000493727,3000493727,3000493727,3000208984
1985036,10,602,3,99,ZMUN,10,10,10,D011,EUR,02-01-2018,17:31:00,DDP,30,1,MUST,ZMUK,841200380,8767200270,9352794312,8767200270,8767200270,DDP,3000493727,3000493727,3000493727,3000208984
1985036,10,602,3,99,ZMUN,10,10,10,D011,EUR,02-01-2018,17:31:00,DDP,40,1,MUST,ZMUK,547972506,8767200270,9352794312,8767200270,8767200270,DDP,3000493727,3000493727,3000493727,3000208984
1985037,10,599,3,95,ZMUN,1500,10,10,BR10,BRL,02-01-2018,17:31:29,EXW,10,1500,1502,ZMUK,772089886,7322628594,7322628594,7322628594,7322628594,EXW,3001110644,3001110644,3001110644,3001110644
1985038,10,957,3,99,ZMUN,2000,10,10,PL20,EUR,02-01-2018,17:33:40,DDP,30,2000,2002,ZMUK,9180104732,5419956183,5419956183,5419956183,5419956183,DDP,3000215201,3000215201,3000215201,3000215201
1985039,10,957,3,99,ZMUN,10,10,10,D011,GBP,02-01-2018,17:37:45,DDP,10,1,MUST,ZMUK,1125822247,5419956183,5419956183,5419956183,5419956183,DDP,3000215201,3000215201,3000215201,3000215201
1985039,10,957,3,99,ZMUN,10,10,10,D011,GBP,02-01-2018,17:37:45,DDP,20,1,MUST,ZMUK,1125822247,5419956183,5419956183,5419956183,5419956183,DDP,3000215201,3000215201,3000215201,3000215201
1985040,10,520,95,96,ZMUN,10,10,10,D011,EUR,02-01-2018,17:42:54,DDP,10,1,MUST,ZMUK,7652103498,8101972025,9352794312,8101972025,8101972025,DDP,3000636558,3000636558,3000636558,3000208984
1985040,10,520,95,96,ZMUN,10,10,10,D011,EUR,02-01-2018,17:42:54,DDP,20,1,MUST,ZMUK,658281917,8101972025,9352794312,8101972025,8101972025,DDP,3000636558,3000636558,3000636558,3000208984
1985040,10,520,95,96,ZMUN,10,10,10,D011,EUR,02-01-2018,17:42:54,DDP,30,1,MUST,ZMUK,7148632137,8101972025,9352794312,8101972025,8101972025,DDP,3000636558,3000636558,3000636558,3000208984
1985040,10,520,95,96,ZMUN,10,10,10,D011,EUR,02-01-2018,17:42:54,DDP,40,1,MUST,ZMUK,4135355493,8101972025,9352794312,8101972025,8101972025,DDP,3000636558,3000636558,3000636558,3000208984
1985040,10,520,95,96,ZMUN,10,10,10,D011,EUR,02-01-2018,17:42:54,DDP,50,1,MUST,ZMUK,5775764679,8101972025,9352794312,8101972025,8101972025,DDP,3000636558,3000636558,3000636558,3000208984
1985040,10,520,95,96,ZMUN,10,10,10,D011,EUR,02-01-2018,17:42:54,DDP,60,1,MUST,ZMUK,3927588842,8101972025,9352794312,8101972025,8101972025,DDP,3000636558,3000636558,3000636558,3000208984
1985040,10,520,95,96,ZMUN,10,10,10,D011,EUR,02-01-2018,17:42:54,DDP,70,1,MUST,ZMUK,6373443308,8101972025,9352794312,8101972025,8101972025,DDP,3000636558,3000636558,3000636558,3000208984
1985040,10,520,95,96,ZMUN,10,10,10,D011,EUR,02-01-2018,17:42:54,DDP,80,1,MUST,ZMUK,3423050638,8101972025,9352794312,8101972025,8101972025,DDP,3000636558,3000636558,3000636558,3000208984
1985040,10,520,95,96,ZMUN,10,10,10,D011,EUR,02-01-2018,17:42:54,DDP,90,1,MUST,ZMUK,4070831077,8101972025,9352794312,8101972025,8101972025,DDP,3000636558,3000636558,3000636558,3000208984
1985040,10,520,95,96,ZMUN,10,10,10,D011,EUR,02-01-2018,17:42:54,DDP,100,1,MUST,ZMUK,7755839222,8101972025,9352794312,8101972025,8101972025,DDP,3000636558,3000636558,3000636558,3000208984
1985040,10,520,95,96,ZMUN,10,10,10,D011,EUR,02-01-2018,17:42:54,DDP,110,1,MUST,ZMUK,5373092776,8101972025,9352794312,8101972025,8101972025,DDP,3000636558,3000636558,3000636558,3000208984
1985040,10,520,95,96,ZMUN,10,10,10,D011,EUR,02-01-2018,17:42:54,DDP,120,1,MUST,ZMUK,9655650787,8101972025,9352794312,8101972025,8101972025,DDP,3000636558,3000636558,3000636558,3000208984
1985041,10,707,95,1,TA,10,10,10,D011,EUR,02-01-2018,18:07:44,DDP,10,1,1,TAN,7187721501,7866054218,5346683530,7866054218,7866054218,DDP,3000222785,3000222785,3000222785,3000495560
1985041,10,707,95,1,TA,10,10,10,D011,EUR,02-01-2018,18:07:44,DDP,20,1,1,ZTCH,7187721501,7866054218,5346683530,7866054218,7866054218,DDP,3000222785,3000222785,3000222785,3000495560
1985041,10,707,95,1,TA,10,10,10,D011,EUR,02-01-2018,18:07:44,DDP,30,1,1,TAN,2871001594,7866054218,5346683530,7866054218,7866054218,DDP,3000222785,3000222785,3000222785,3000495560
1985041,10,707,95,1,TA,10,10,10,D011,EUR,02-01-2018,18:07:44,DDP,40,1,1,ZTCH,2871001594,7866054218,5346683530,7866054218,7866054218,DDP,3000222785,3000222785,3000222785,3000495560
1985042,1500,,3,98,ZMUN,1500,10,10,BR10,BRL,02-01-2018,18:28:20,CPT,10,1500,1502,ZMUK,6578279818,1706826508,1706826508,1706826508,1706826508,CPT,3001129601,3001129601,3001129601,3001129601
1985042,1500,,3,98,ZMUN,1500,10,10,BR10,BRL,02-01-2018,18:28:20,CPT,20,1500,1502,ZMUK,7766445800,1706826508,1706826508,1706826508,1706826508,CPT,3001129601,3001129601,3001129601,3001129601
1985043,10,997,10,1,TA,4600,10,10,US30,USD,02-01-2018,20:23:56,DDP,20,4600,4600,TAN,1685352192,7714306694,7876990908,7714306694,7714306694,DDP,3000571303,3000571303,3000571303,3001087518
1985044,10,828,32,98,ZMUN,1500,10,10,BR10,USD,02-01-2018,23:29:51,DDP,10,1500,1502,ZMUK,3608734304,348726596,348726596,348726596,348726596,DDP,3000522318,3000522318,3000522318,3000522318
1985045,10,997,3,98,ZMUN,4600,10,10,US30,USD,02-01-2018,23:41:08,DDP,10,4600,4602,ZMUK,8422182061,1975684798,1975684798,1975684798,1975684798,DDP,3001129020,3001129020,3001129020,3001129020
1985045,10,997,3,98,ZMUN,4600,10,10,US30,USD,02-01-2018,23:41:08,DDP,20,4600,4602,ZMUK,3015745875,1975684798,1975684798,1975684798,1975684798,DDP,3001129020,3001129020,3001129020,3001129020
1985046,10,884,54,98,ZMUN,2500,10,10,CN10,CNY,03-01-2018,02:29:01,DDP,10,2500,2502,ZMUK,7998693852,1511174025,1511174025,1511174025,1511174025,DDP,3000487696,3000487696,3000487696,3000487696
1985046,10,884,54,98,ZMUN,2500,10,10,CN10,CNY,03-01-2018,02:29:01,DDP,20,2500,2502,ZMUK,5925268453,1511174025,1511174025,1511174025,1511174025,DDP,3000487696,3000487696,3000487696,3000487696
1985046,10,884,54,98,ZMUN,2500,10,10,CN10,CNY,03-01-2018,02:29:01,DDP,30,2500,2502,ZMUK,7529720203,1511174025,1511174025,1511174025,1511174025,DDP,3000487696,3000487696,3000487696,3000487696
1985046,10,884,54,98,ZMUN,2500,10,10,CN10,CNY,03-01-2018,02:29:01,DDP,40,2500,2502,ZMUK,9573654353,1511174025,1511174025,1511174025,1511174025,DDP,3000487696,3000487696,3000487696,3000487696
1985046,10,884,54,98,ZMUN,2500,10,10,CN10,CNY,03-01-2018,02:29:01,DDP,50,2500,2502,ZMUK,7794331135,1511174025,1511174025,1511174025,1511174025,DDP,3000487696,3000487696,3000487696,3000487696
1985046,10,884,54,98,ZMUN,2500,10,10,CN10,CNY,03-01-2018,02:29:01,DDP,60,2500,2502,ZMUK,3753725609,1511174025,1511174025,1511174025,1511174025,DDP,3000487696,3000487696,3000487696,3000487696
1985046,10,884,54,98,ZMUN,2500,10,10,CN10,CNY,03-01-2018,02:29:01,DDP,70,2500,2502,ZMUK,9955085768,1511174025,1511174025,1511174025,1511174025,DDP,3000487696,3000487696,3000487696,3000487696
1985047,10,884,54,95,ZMUN,2500,10,10,CN10,CNY,03-01-2018,02:34:35,EXW,10,2500,2502,ZMUK,7804719656,4696791714,4696791714,4696791714,4696791714,EXW,3000539604,3000539604,3000539604,3000539604
1985047,10,884,54,95,ZMUN,2500,10,10,CN10,CNY,03-01-2018,02:34:35,EXW,20,2500,2502,ZMUK,2504093893,4696791714,4696791714,4696791714,4696791714,EXW,3000539604,3000539604,3000539604,3000539604
1985047,10,884,54,95,ZMUN,2500,10,10,CN10,CNY,03-01-2018,02:34:35,EXW,30,2500,2502,ZMUK,2605893728,4696791714,4696791714,4696791714,4696791714,EXW,3000539604,3000539604,3000539604,3000539604
1985047,10,884,54,95,ZMUN,2500,10,10,CN10,CNY,03-01-2018,02:34:35,EXW,40,2500,2502,ZMUK,1757676203,4696791714,4696791714,4696791714,4696791714,EXW,3000539604,3000539604,3000539604,3000539604
1985047,10,884,54,95,ZMUN,2500,10,10,CN10,CNY,03-01-2018,02:34:35,EXW,50,2500,2502,ZMUK,6469723299,4696791714,4696791714,4696791714,4696791714,EXW,3000539604,3000539604,3000539604,3000539604
1985047,10,884,54,95,ZMUN,2500,10,10,CN10,CNY,03-01-2018,02:34:35,EXW,60,2500,2502,ZMUK,4567737592,4696791714,4696791714,4696791714,4696791714,EXW,3000539604,3000539604,3000539604,3000539604
1985047,10,884,54,95,ZMUN,2500,10,10,CN10,CNY,03-01-2018,02:34:35,EXW,70,2500,2502,ZMUK,1112331630,4696791714,4696791714,4696791714,4696791714,EXW,3000539604,3000539604,3000539604,3000539604
1985048,10,552,54,98,ZMUN,2500,10,10,CN10,CNY,03-01-2018,02:40:15,DDP,10,2500,2502,ZMUK,3186095181,5710311081,5710311081,5710311081,5710311081,DDP,3001112945,3001112945,3001112945,3001112945
1985048,10,552,54,98,ZMUN,2500,10,10,CN10,CNY,03-01-2018,02:40:15,DDP,11,2500,2502,ZMUP,4373675600,5710311081,5710311081,5710311081,5710311081,DDP,3001112945,3001112945,3001112945,3001112945
1985048,10,552,54,98,ZMUN,2500,10,10,CN10,CNY,03-01-2018,02:40:15,DDP,12,2500,2502,ZMUP,4561169783,5710311081,5710311081,5710311081,5710311081,DDP,3001112945,3001112945,3001112945,3001112945
1985048,10,552,54,98,ZMUN,2500,10,10,CN10,CNY,03-01-2018,02:40:15,DDP,13,2500,2502,ZMUP,3708702074,5710311081,5710311081,5710311081,5710311081,DDP,3001112945,3001112945,3001112945,3001112945
1985048,10,552,54,98,ZMUN,2500,10,10,CN10,CNY,03-01-2018,02:40:15,DDP,14,2500,2502,ZMUP,898753610,5710311081,5710311081,5710311081,5710311081,DDP,3001112945,3001112945,3001112945,3001112945
1985048,10,552,54,98,ZMUN,2500,10,10,CN10,CNY,03-01-2018,02:40:15,DDP,15,2500,2502,ZMUP,2499207799,5710311081,5710311081,5710311081,5710311081,DDP,3001112945,3001112945,3001112945,3001112945
1985048,10,552,54,98,ZMUN,2500,10,10,CN10,CNY,03-01-2018,02:40:15,DDP,16,2500,2502,ZMUP,6645054882,5710311081,5710311081,5710311081,5710311081,DDP,3001112945,3001112945,3001112945,3001112945
1985048,10,552,54,98,ZMUN,2500,10,10,CN10,CNY,03-01-2018,02:40:15,DDP,17,2500,2502,ZMUP,6908637486,5710311081,5710311081,5710311081,5710311081,DDP,3001112945,3001112945,3001112945,3001112945
1985048,10,552,54,98,ZMUN,2500,10,10,CN10,CNY,03-01-2018,02:40:15,DDP,18,2500,2502,ZMUP,2932740257,5710311081,5710311081,5710311081,5710311081,DDP,3001112945,3001112945,3001112945,3001112945
1985048,10,552,54,98,ZMUN,2500,10,10,CN10,CNY,03-01-2018,02:40:15,DDP,19,2500,2502,ZMUP,2658588158,5710311081,5710311081,5710311081,5710311081,DDP,3001112945,3001112945,3001112945,3001112945
1985048,10,552,54,98,ZMUN,2500,10,10,CN10,CNY,03-01-2018,02:40:15,DDP,20,2500,2502,ZMUP,3797556023,5710311081,5710311081,5710311081,5710311081,DDP,3001112945,3001112945,3001112945,3001112945
1985049,10,757,54,99,ZMUN,2500,10,10,CN10,CNY,03-01-2018,02:46:44,DDP,10,2500,2502,ZMUK,8471236765,185058560,185058560,185058560,185058560,DDP,3000512308,3000512308,3000512308,3000512308
1985050,10,657,54,95,ZMUN,2500,10,10,CN10,CNY,03-01-2018,02:50:24,EXW,10,2500,2502,ZMUK,7812008636,1167188649,1167188649,1167188649,1167188649,EXW,3000626366,3000626366,3000626366,3000626366
1985050,10,657,54,95,ZMUN,2500,10,10,CN10,CNY,03-01-2018,02:50:24,EXW,20,2500,2502,ZMUK,6283263281,1167188649,1167188649,1167188649,1167188649,EXW,3000626366,3000626366,3000626366,3000626366
1985050,10,657,54,95,ZMUN,2500,10,10,CN10,CNY,03-01-2018,02:50:24,EXW,30,2500,2502,ZMUK,2513562371,1167188649,1167188649,1167188649,1167188649,EXW,3000626366,3000626366,3000626366,3000626366
1985051,10,329,33,99,ZMUN,2500,10,10,CN10,EUR,03-01-2018,03:28:47,CIF,10,2500,2502,ZMUK,9475844981,9528561985,9528561985,9528561985,9528561985,CIF,3000415023,3000415023,3000415023,3000415023
1985051,10,329,33,99,ZMUN,2500,10,10,CN10,EUR,03-01-2018,03:28:47,CIF,11,2500,2502,ZMUP,9169706025,9528561985,9528561985,9528561985,9528561985,CIF,3000415023,3000415023,3000415023,3000415023
1985051,10,329,33,99,ZMUN,2500,10,10,CN10,EUR,03-01-2018,03:28:47,CIF,12,2500,2502,ZMUP,5172454476,9528561985,9528561985,9528561985,9528561985,CIF,3000415023,3000415023,3000415023,3000415023
1985051,10,329,33,99,ZMUN,2500,10,10,CN10,EUR,03-01-2018,03:28:47,CIF,13,2500,2502,ZMUP,3708702074,9528561985,9528561985,9528561985,9528561985,CIF,3000415023,3000415023,3000415023,3000415023
1985051,10,329,33,99,ZMUN,2500,10,10,CN10,EUR,03-01-2018,03:28:47,CIF,14,2500,2502,ZMUP,2610639728,9528561985,9528561985,9528561985,9528561985,CIF,3000415023,3000415023,3000415023,3000415023
1985051,10,329,33,99,ZMUN,2500,10,10,CN10,EUR,03-01-2018,03:28:47,CIF,15,2500,2502,ZMUP,4378493300,9528561985,9528561985,9528561985,9528561985,CIF,3000415023,3000415023,3000415023,3000415023
1985051,10,329,33,99,ZMUN,2500,10,10,CN10,EUR,03-01-2018,03:28:47,CIF,16,2500,2502,ZMUP,5975905422,9528561985,9528561985,9528561985,9528561985,CIF,3000415023,3000415023,3000415023,3000415023
1985051,10,329,33,99,ZMUN,2500,10,10,CN10,EUR,03-01-2018,03:28:47,CIF,17,2500,2502,ZMUP,1642230647,9528561985,9528561985,9528561985,9528561985,CIF,3000415023,3000415023,3000415023,3000415023
1985051,10,329,33,99,ZMUN,2500,10,10,CN10,EUR,03-01-2018,03:28:47,CIF,18,2500,2502,ZMUP,3100211033,9528561985,9528561985,9528561985,9528561985,CIF,3000415023,3000415023,3000415023,3000415023
1985051,10,329,33,99,ZMUN,2500,10,10,CN10,EUR,03-01-2018,03:28:47,CIF,19,2500,2502,ZMUP,3156291308,9528561985,9528561985,9528561985,9528561985,CIF,3000415023,3000415023,3000415023,3000415023
1985051,10,329,33,99,ZMUN,2500,10,10,CN10,EUR,03-01-2018,03:28:47,CIF,20,2500,2502,ZMUP,1609409280,9528561985,9528561985,9528561985,9528561985,CIF,3000415023,3000415023,3000415023,3000415023
1985051,10,329,33,99,ZMUN,2500,10,10,CN10,EUR,03-01-2018,03:28:47,CIF,21,2500,2502,ZMUP,7804719656,9528561985,9528561985,9528561985,9528561985,CIF,3000415023,3000415023,3000415023,3000415023
1985051,10,329,33,99,ZMUN,2500,10,10,CN10,EUR,03-01-2018,03:28:47,CIF,22,2500,2502,ZMUP,316479884,9528561985,9528561985,9528561985,9528561985,CIF,3000415023,3000415023,3000415023,3000415023
1985051,10,329,33,99,ZMUN,2500,10,10,CN10,EUR,03-01-2018,03:28:47,CIF,23,2500,2502,ZMUP,2504093893,9528561985,9528561985,9528561985,9528561985,CIF,3000415023,3000415023,3000415023,3000415023
1985051,10,329,33,99,ZMUN,2500,10,10,CN10,EUR,03-01-2018,03:28:47,CIF,24,2500,2502,ZMUP,5347581643,9528561985,9528561985,9528561985,9528561985,CIF,3000415023,3000415023,3000415023,3000415023
1985051,10,329,33,99,ZMUN,2500,10,10,CN10,EUR,03-01-2018,03:28:47,CIF,25,2500,2502,ZMUP,9517826472,9528561985,9528561985,9528561985,9528561985,CIF,3000415023,3000415023,3000415023,3000415023
1985051,10,329,33,99,ZMUN,2500,10,10,CN10,EUR,03-01-2018,03:28:47,CIF,26,2500,2502,ZMUP,2261502760,9528561985,9528561985,9528561985,9528561985,CIF,3000415023,3000415023,3000415023,3000415023
1985051,10,329,33,99,ZMUN,2500,10,10,CN10,EUR,03-01-2018,03:28:47,CIF,27,2500,2502,ZMUP,3797556023,9528561985,9528561985,9528561985,9528561985,CIF,3000415023,3000415023,3000415023,3000415023
1985051,10,329,33,99,ZMUN,2500,10,10,CN10,EUR,03-01-2018,03:28:47,CIF,30,2500,2502,ZMUK,253599975,9528561985,9528561985,9528561985,9528561985,CIF,3000415023,3000415023,3000415023,3000415023
1985051,10,329,33,99,ZMUN,2500,10,10,CN10,EUR,03-01-2018,03:28:47,CIF,31,2500,2502,ZMUP,9169706025,9528561985,9528561985,9528561985,9528561985,CIF,3000415023,3000415023,3000415023,3000415023
1985051,10,329,33,99,ZMUN,2500,10,10,CN10,EUR,03-01-2018,03:28:47,CIF,32,2500,2502,ZMUP,5172454476,9528561985,9528561985,9528561985,9528561985,CIF,3000415023,3000415023,3000415023,3000415023
1985051,10,329,33,99,ZMUN,2500,10,10,CN10,EUR,03-01-2018,03:28:47,CIF,33,2500,2502,ZMUP,3708702074,9528561985,9528561985,9528561985,9528561985,CIF,3000415023,3000415023,3000415023,3000415023
1985051,10,329,33,99,ZMUN,2500,10,10,CN10,EUR,03-01-2018,03:28:47,CIF,34,2500,2502,ZMUP,2610639728,9528561985,9528561985,9528561985,9528561985,CIF,3000415023,3000415023,3000415023,3000415023
1985051,10,329,33,99,ZMUN,2500,10,10,CN10,EUR,03-01-2018,03:28:47,CIF,35,2500,2502,ZMUP,4378493300,9528561985,9528561985,9528561985,9528561985,CIF,3000415023,3000415023,3000415023,3000415023
1985051,10,329,33,99,ZMUN,2500,10,10,CN10,EUR,03-01-2018,03:28:47,CIF,36,2500,2502,ZMUP,5975905422,9528561985,9528561985,9528561985,9528561985,CIF,3000415023,3000415023,3000415023,3000415023
1985051,10,329,33,99,ZMUN,2500,10,10,CN10,EUR,03-01-2018,03:28:47,CIF,37,2500,2502,ZMUP,1642230647,9528561985,9528561985,9528561985,9528561985,CIF,3000415023,3000415023,3000415023,3000415023
1985051,10,329,33,99,ZMUN,2500,10,10,CN10,EUR,03-01-2018,03:28:47,CIF,38,2500,2502,ZMUP,3100211033,9528561985,9528561985,9528561985,9528561985,CIF,3000415023,3000415023,3000415023,3000415023
1985051,10,329,33,99,ZMUN,2500,10,10,CN10,EUR,03-01-2018,03:28:47,CIF,39,2500,2502,ZMUP,3156291308,9528561985,9528561985,9528561985,9528561985,CIF,3000415023,3000415023,3000415023,3000415023
1985051,10,329,33,99,ZMUN,2500,10,10,CN10,EUR,03-01-2018,03:28:47,CIF,40,2500,2502,ZMUP,7541382190,9528561985,9528561985,9528561985,9528561985,CIF,3000415023,3000415023,3000415023,3000415023
1985051,10,329,33,99,ZMUN,2500,10,10,CN10,EUR,03-01-2018,03:28:47,CIF,41,2500,2502,ZMUP,8954619444,9528561985,9528561985,9528561985,9528561985,CIF,3000415023,3000415023,3000415023,3000415023
1985051,10,329,33,99,ZMUN,2500,10,10,CN10,EUR,03-01-2018,03:28:47,CIF,42,2500,2502,ZMUP,1609409280,9528561985,9528561985,9528561985,9528561985,CIF,3000415023,3000415023,3000415023,3000415023
1985051,10,329,33,99,ZMUN,2500,10,10,CN10,EUR,03-01-2018,03:28:47,CIF,43,2500,2502,ZMUP,5347581643,9528561985,9528561985,9528561985,9528561985,CIF,3000415023,3000415023,3000415023,3000415023
1985051,10,329,33,99,ZMUN,2500,10,10,CN10,EUR,03-01-2018,03:28:47,CIF,44,2500,2502,ZMUP,3428538332,9528561985,9528561985,9528561985,9528561985,CIF,3000415023,3000415023,3000415023,3000415023
1985051,10,329,33,99,ZMUN,2500,10,10,CN10,EUR,03-01-2018,03:28:47,CIF,45,2500,2502,ZMUP,3470594535,9528561985,9528561985,9528561985,9528561985,CIF,3000415023,3000415023,3000415023,3000415023
1985051,10,329,33,99,ZMUN,2500,10,10,CN10,EUR,03-01-2018,03:28:47,CIF,46,2500,2502,ZMUP,3797556023,9528561985,9528561985,9528561985,9528561985,CIF,3000415023,3000415023,3000415023,3000415023
1985052,10,877,54,95,ZMUN,2500,10,10,CN10,CNY,03-01-2018,03:59:29,FCA,10,2500,2502,ZMUK,4642417136,5185897828,5185897828,5185897828,5185897828,FCA,3000452129,3000452129,3000452129,3000452129
1985052,10,877,54,95,ZMUN,2500,10,10,CN10,CNY,03-01-2018,03:59:29,FCA,20,2500,2502,ZMUK,6206470998,5185897828,5185897828,5185897828,5185897828,FCA,3000452129,3000452129,3000452129,3000452129
1985052,10,877,54,95,ZMUN,2500,10,10,CN10,CNY,03-01-2018,03:59:29,FCA,30,2500,2502,ZMUK,6213235062,5185897828,5185897828,5185897828,5185897828,FCA,3000452129,3000452129,3000452129,3000452129
1985052,10,877,54,95,ZMUN,2500,10,10,CN10,CNY,03-01-2018,03:59:29,FCA,31,2500,2502,ZMUP,4738427900,5185897828,5185897828,5185897828,5185897828,FCA,3000452129,3000452129,3000452129,3000452129
1985052,10,877,54,95,ZMUN,2500,10,10,CN10,CNY,03-01-2018,03:59:29,FCA,32,2500,2502,ZMUP,4778204221,5185897828,5185897828,5185897828,5185897828,FCA,3000452129,3000452129,3000452129,3000452129
1985052,10,877,54,95,ZMUN,2500,10,10,CN10,CNY,03-01-2018,03:59:29,FCA,33,2500,2502,ZMUP,3797556023,5185897828,5185897828,5185897828,5185897828,FCA,3000452129,3000452129,3000452129,3000452129
1985052,10,877,54,95,ZMUN,2500,10,10,CN10,CNY,03-01-2018,03:59:29,FCA,40,2500,2502,ZMUK,3867542111,5185897828,5185897828,5185897828,5185897828,FCA,3000452129,3000452129,3000452129,3000452129
1985052,10,877,54,95,ZMUN,2500,10,10,CN10,CNY,03-01-2018,03:59:29,FCA,50,2500,2502,ZMUK,6172906830,5185897828,5185897828,5185897828,5185897828,FCA,3000452129,3000452129,3000452129,3000452129
1985052,10,877,54,95,ZMUN,2500,10,10,CN10,CNY,03-01-2018,03:59:29,FCA,51,2500,2502,ZMUP,3818147653,5185897828,5185897828,5185897828,5185897828,FCA,3000452129,3000452129,3000452129,3000452129
1985052,10,877,54,95,ZMUN,2500,10,10,CN10,CNY,03-01-2018,03:59:29,FCA,52,2500,2502,ZMUP,6486771083,5185897828,5185897828,5185897828,5185897828,FCA,3000452129,3000452129,3000452129,3000452129
1985052,10,877,54,95,ZMUN,2500,10,10,CN10,CNY,03-01-2018,03:59:29,FCA,53,2500,2502,ZMUP,5681971595,5185897828,5185897828,5185897828,5185897828,FCA,3000452129,3000452129,3000452129,3000452129
1985052,10,877,54,95,ZMUN,2500,10,10,CN10,CNY,03-01-2018,03:59:29,FCA,54,2500,2502,ZMUP,1642230647,5185897828,5185897828,5185897828,5185897828,FCA,3000452129,3000452129,3000452129,3000452129
1985052,10,877,54,95,ZMUN,2500,10,10,CN10,CNY,03-01-2018,03:59:29,FCA,55,2500,2502,ZMUP,8502696185,5185897828,5185897828,5185897828,5185897828,FCA,3000452129,3000452129,3000452129,3000452129
1985052,10,877,54,95,ZMUN,2500,10,10,CN10,CNY,03-01-2018,03:59:29,FCA,56,2500,2502,ZMUP,6373443308,5185897828,5185897828,5185897828,5185897828,FCA,3000452129,3000452129,3000452129,3000452129
1985052,10,877,54,95,ZMUN,2500,10,10,CN10,CNY,03-01-2018,03:59:29,FCA,57,2500,2502,ZMUP,1818923579,5185897828,5185897828,5185897828,5185897828,FCA,3000452129,3000452129,3000452129,3000452129
1985052,10,877,54,95,ZMUN,2500,10,10,CN10,CNY,03-01-2018,03:59:29,FCA,58,2500,2502,ZMUP,3843446776,5185897828,5185897828,5185897828,5185897828,FCA,3000452129,3000452129,3000452129,3000452129
1985052,10,877,54,95,ZMUN,2500,10,10,CN10,CNY,03-01-2018,03:59:29,FCA,59,2500,2502,ZMUP,3797556023,5185897828,5185897828,5185897828,5185897828,FCA,3000452129,3000452129,3000452129,3000452129
1985052,10,877,54,95,ZMUN,2500,10,10,CN10,CNY,03-01-2018,03:59:29,FCA,70,2500,2502,ZMUK,264569464,5185897828,5185897828,5185897828,5185897828,FCA,3000452129,3000452129,3000452129,3000452129
1985052,10,877,54,95,ZMUN,2500,10,10,CN10,CNY,03-01-2018,03:59:29,FCA,80,2500,2502,ZMUK,1047740109,5185897828,5185897828,5185897828,5185897828,FCA,3000452129,3000452129,3000452129,3000452129
1985052,10,877,54,95,ZMUN,2500,10,10,CN10,CNY,03-01-2018,03:59:29,FCA,90,2500,2502,ZMUK,9950248441,5185897828,5185897828,5185897828,5185897828,FCA,3000452129,3000452129,3000452129,3000452129
1985052,10,877,54,95,ZMUN,2500,10,10,CN10,CNY,03-01-2018,03:59:29,FCA,100,2500,2502,ZMUK,8261419929,5185897828,5185897828,5185897828,5185897828,FCA,3000452129,3000452129,3000452129,3000452129
1985052,10,877,54,95,ZMUN,2500,10,10,CN10,CNY,03-01-2018,03:59:29,FCA,110,2500,2502,ZMUK,7227612162,5185897828,5185897828,5185897828,5185897828,FCA,3000452129,3000452129,3000452129,3000452129
1985052,10,877,54,95,ZMUN,2500,10,10,CN10,CNY,03-01-2018,03:59:29,FCA,120,2500,2502,ZMUK,7468045199,5185897828,5185897828,5185897828,5185897828,FCA,3000452129,3000452129,3000452129,3000452129
1985052,10,877,54,95,ZMUN,2500,10,10,CN10,CNY,03-01-2018,03:59:29,FCA,130,2500,2502,ZMUK,5508573954,5185897828,5185897828,5185897828,5185897828,FCA,3000452129,3000452129,3000452129,3000452129
1985052,10,877,54,95,ZMUN,2500,10,10,CN10,CNY,03-01-2018,03:59:29,FCA,140,2500,2502,ZMUK,8471236765,5185897828,5185897828,5185897828,5185897828,FCA,3000452129,3000452129,3000452129,3000452129
1985053,10,846,54,99,ZMUN,2500,10,10,CN10,CNY,03-01-2018,04:08:57,DDP,10,2500,2502,ZMUK,6011457612,9743787140,9743787140,9743787140,9743787140,DDP,3000497124,3000497124,3000497124,3000497124
1985053,10,846,54,99,ZMUN,2500,10,10,CN10,CNY,03-01-2018,04:08:57,DDP,11,2500,2502,ZMUP,1899894848,9743787140,9743787140,9743787140,9743787140,DDP,3000497124,3000497124,3000497124,3000497124
1985053,10,846,54,99,ZMUN,2500,10,10,CN10,CNY,03-01-2018,04:08:57,DDP,12,2500,2502,ZMUP,3797556023,9743787140,9743787140,9743787140,9743787140,DDP,3000497124,3000497124,3000497124,3000497124
1985053,10,846,54,99,ZMUN,2500,10,10,CN10,CNY,03-01-2018,04:08:57,DDP,20,2500,2502,ZMUK,7083487822,9743787140,9743787140,9743787140,9743787140,DDP,3000497124,3000497124,3000497124,3000497124
1985053,10,846,54,99,ZMUN,2500,10,10,CN10,CNY,03-01-2018,04:08:57,DDP,21,2500,2502,ZMUP,2478473424,9743787140,9743787140,9743787140,9743787140,DDP,3000497124,3000497124,3000497124,3000497124
1985053,10,846,54,99,ZMUN,2500,10,10,CN10,CNY,03-01-2018,04:08:57,DDP,22,2500,2502,ZMUP,3797556023,9743787140,9743787140,9743787140,9743787140,DDP,3000497124,3000497124,3000497124,3000497124
1985053,10,846,54,99,ZMUN,2500,10,10,CN10,CNY,03-01-2018,04:08:57,DDP,30,2500,2502,ZMUK,8471236765,9743787140,9743787140,9743787140,9743787140,DDP,3000497124,3000497124,3000497124,3000497124
1985054,10,884,54,94,ZMUN,2500,10,10,CN10,CNY,03-01-2018,04:18:54,FCA,10,2500,2502,ZMUK,2203450895,5902198047,5902198047,5902198047,5902198047,FCA,3000543088,3000543088,3000543088,3000543088
1985054,10,884,54,94,ZMUN,2500,10,10,CN10,CNY,03-01-2018,04:18:54,FCA,11,2500,2502,ZMUP,3708702074,5902198047,5902198047,5902198047,5902198047,FCA,3000543088,3000543088,3000543088,3000543088
1985054,10,884,54,94,ZMUN,2500,10,10,CN10,CNY,03-01-2018,04:18:54,FCA,12,2500,2502,ZMUP,5659466152,5902198047,5902198047,5902198047,5902198047,FCA,3000543088,3000543088,3000543088,3000543088
1985054,10,884,54,94,ZMUN,2500,10,10,CN10,CNY,03-01-2018,04:18:54,FCA,13,2500,2502,ZMUP,2623651609,5902198047,5902198047,5902198047,5902198047,FCA,3000543088,3000543088,3000543088,3000543088
1985054,10,884,54,94,ZMUN,2500,10,10,CN10,CNY,03-01-2018,04:18:54,FCA,14,2500,2502,ZMUP,1642230647,5902198047,5902198047,5902198047,5902198047,FCA,3000543088,3000543088,3000543088,3000543088
1985054,10,884,54,94,ZMUN,2500,10,10,CN10,CNY,03-01-2018,04:18:54,FCA,15,2500,2502,ZMUP,6486771083,5902198047,5902198047,5902198047,5902198047,FCA,3000543088,3000543088,3000543088,3000543088
1985054,10,884,54,94,ZMUN,2500,10,10,CN10,CNY,03-01-2018,04:18:54,FCA,16,2500,2502,ZMUP,1812530026,5902198047,5902198047,5902198047,5902198047,FCA,3000543088,3000543088,3000543088,3000543088
1985054,10,884,54,94,ZMUN,2500,10,10,CN10,CNY,03-01-2018,04:18:54,FCA,17,2500,2502,ZMUP,5681971595,5902198047,5902198047,5902198047,5902198047,FCA,3000543088,3000543088,3000543088,3000543088
1985054,10,884,54,94,ZMUN,2500,10,10,CN10,CNY,03-01-2018,04:18:54,FCA,18,2500,2502,ZMUP,7288990589,5902198047,5902198047,5902198047,5902198047,FCA,3000543088,3000543088,3000543088,3000543088
1985054,10,884,54,94,ZMUN,2500,10,10,CN10,CNY,03-01-2018,04:18:54,FCA,19,2500,2502,ZMUP,7632214106,5902198047,5902198047,5902198047,5902198047,FCA,3000543088,3000543088,3000543088,3000543088
1985054,10,884,54,94,ZMUN,2500,10,10,CN10,CNY,03-01-2018,04:18:54,FCA,20,2500,2502,ZMUP,3155197336,5902198047,5902198047,5902198047,5902198047,FCA,3000543088,3000543088,3000543088,3000543088
1985054,10,884,54,94,ZMUN,2500,10,10,CN10,CNY,03-01-2018,04:18:54,FCA,21,2500,2502,ZMUP,5705405661,5902198047,5902198047,5902198047,5902198047,FCA,3000543088,3000543088,3000543088,3000543088
1985054,10,884,54,94,ZMUN,2500,10,10,CN10,CNY,03-01-2018,04:18:54,FCA,22,2500,2502,ZMUP,4103333157,5902198047,5902198047,5902198047,5902198047,FCA,3000543088,3000543088,3000543088,3000543088
1985054,10,884,54,94,ZMUN,2500,10,10,CN10,CNY,03-01-2018,04:18:54,FCA,23,2500,2502,ZMUP,3797556023,5902198047,5902198047,5902198047,5902198047,FCA,3000543088,3000543088,3000543088,3000543088
1985055,10,629,3,95,ZMUN,2500,10,10,CN10,CNY,03-01-2018,04:20:19,FCA,10,2500,2502,ZMUK,5508573954,8550063698,8550063698,8550063698,8550063698,FCA,3000548299,3000548299,3000548299,3000548299
1985056,10,892,32,10,TA,10,10,10,D011,EUR,03-01-2018,04:56:20,CIF,10,1,1,TAN,3953413307,6569695077,6569695077,6569695077,6569695077,CIF,3000550763,3000550763,3000550763,3000550763
1985056,10,892,32,10,TA,10,10,10,D011,EUR,03-01-2018,04:56:20,CIF,20,1,1,TAN,5913117265,6569695077,6569695077,6569695077,6569695077,CIF,3000550763,3000550763,3000550763,3000550763
1985056,10,892,32,10,TA,10,10,10,D011,EUR,03-01-2018,04:56:20,CIF,30,1,1,TAN,3956280666,6569695077,6569695077,6569695077,6569695077,CIF,3000550763,3000550763,3000550763,3000550763
1985057,10,521,EV20,98,ZMUN,10,10,10,D011,EUR,03-01-2018,05:29:32,DDP,10,1,MUST,ZMUK,983609836,2887882685,2887882685,2887882685,2887882685,DDP,3000521066,3000521066,3000521066,3000521066
1985057,10,521,EV20,98,ZMUN,10,10,10,D011,EUR,03-01-2018,05:29:32,DDP,20,1,MUST,ZMUK,3190151014,2887882685,2887882685,2887882685,2887882685,DDP,3000521066,3000521066,3000521066,3000521066
1985057,10,521,EV20,98,ZMUN,10,10,10,D011,EUR,03-01-2018,05:29:32,DDP,30,1,MUST,ZMUK,7405653353,2887882685,2887882685,2887882685,2887882685,DDP,3000521066,3000521066,3000521066,3000521066
1985057,10,521,EV20,98,ZMUN,10,10,10,D011,EUR,03-01-2018,05:29:32,DDP,40,1,MUST,ZMUK,5318726076,2887882685,2887882685,2887882685,2887882685,DDP,3000521066,3000521066,3000521066,3000521066
1985057,10,521,EV20,98,ZMUN,10,10,10,D011,EUR,03-01-2018,05:29:32,DDP,50,1,MUST,ZMUK,6116537669,2887882685,2887882685,2887882685,2887882685,DDP,3000521066,3000521066,3000521066,3000521066
1985058,10,534,54,98,ZMUN,10,10,10,D011,EUR,03-01-2018,05:51:30,DDP,10,1,MUST,ZMUK,3058047722,5527252870,2837529863,5527252870,5527252870,DDP,3000566123,3000566123,3000566123,3000607332
1985059,10,755,54,98,ZMUN,10,10,10,D011,EUR,03-01-2018,05:45:49,CIF,10,1,MUST,ZMUK,3151441682,6877545144,6877545144,6877545144,6877545144,CIF,3000937416,3000937416,3000937416,3000937416
1985059,10,755,54,98,ZMUN,10,10,10,D011,EUR,03-01-2018,05:45:49,CIF,11,1,MUST,ZMUP,2633789478,6877545144,6877545144,6877545144,6877545144,CIF,3000937416,3000937416,3000937416,3000937416
1985059,10,755,54,98,ZMUN,10,10,10,D011,EUR,03-01-2018,05:45:49,CIF,12,1,MUST,ZMUP,7726515500,6877545144,6877545144,6877545144,6877545144,CIF,3000937416,3000937416,3000937416,3000937416
1985059,10,755,54,98,ZMUN,10,10,10,D011,EUR,03-01-2018,05:45:49,CIF,13,1,MUST,ZMUP,6052052580,6877545144,6877545144,6877545144,6877545144,CIF,3000937416,3000937416,3000937416,3000937416
1985059,10,755,54,98,ZMUN,10,10,10,D011,EUR,03-01-2018,05:45:49,CIF,14,1,MUST,ZMUP,1598676124,6877545144,6877545144,6877545144,6877545144,CIF,3000937416,3000937416,3000937416,3000937416
1985059,10,755,54,98,ZMUN,10,10,10,D011,EUR,03-01-2018,05:45:49,CIF,15,1,MUST,ZMUP,5268678379,6877545144,6877545144,6877545144,6877545144,CIF,3000937416,3000937416,3000937416,3000937416
1985059,10,755,54,98,ZMUN,10,10,10,D011,EUR,03-01-2018,05:45:49,CIF,16,1,MUST,ZMUP,3755243785,6877545144,6877545144,6877545144,6877545144,CIF,3000937416,3000937416,3000937416,3000937416
1985059,10,755,54,98,ZMUN,10,10,10,D011,EUR,03-01-2018,05:45:49,CIF,17,1,MUST,ZMUP,422017490,6877545144,6877545144,6877545144,6877545144,CIF,3000937416,3000937416,3000937416,3000937416
1985059,10,755,54,98,ZMUN,10,10,10,D011,EUR,03-01-2018,05:45:49,CIF,20,1,MUST,ZMUK,8791926067,6877545144,6877545144,6877545144,6877545144,CIF,3000937416,3000937416,3000937416,3000937416
1985059,10,755,54,98,ZMUN,10,10,10,D011,EUR,03-01-2018,05:45:49,CIF,21,1,MUST,ZMUP,1275872660,6877545144,6877545144,6877545144,6877545144,CIF,3000937416,3000937416,3000937416,3000937416
1985059,10,755,54,98,ZMUN,10,10,10,D011,EUR,03-01-2018,05:45:49,CIF,22,1,MUST,ZMUP,7726515500,6877545144,6877545144,6877545144,6877545144,CIF,3000937416,3000937416,3000937416,3000937416
1985059,10,755,54,98,ZMUN,10,10,10,D011,EUR,03-01-2018,05:45:49,CIF,23,1,MUST,ZMUP,6052052580,6877545144,6877545144,6877545144,6877545144,CIF,3000937416,3000937416,3000937416,3000937416
1985059,10,755,54,98,ZMUN,10,10,10,D011,EUR,03-01-2018,05:45:49,CIF,24,1,MUST,ZMUP,1598676124,6877545144,6877545144,6877545144,6877545144,CIF,3000937416,3000937416,3000937416,3000937416
1985059,10,755,54,98,ZMUN,10,10,10,D011,EUR,03-01-2018,05:45:49,CIF,25,1,MUST,ZMUP,5268678379,6877545144,6877545144,6877545144,6877545144,CIF,3000937416,3000937416,3000937416,3000937416
1985059,10,755,54,98,ZMUN,10,10,10,D011,EUR,03-01-2018,05:45:49,CIF,26,1,MUST,ZMUP,3755243785,6877545144,6877545144,6877545144,6877545144,CIF,3000937416,3000937416,3000937416,3000937416
1985059,10,755,54,98,ZMUN,10,10,10,D011,EUR,03-01-2018,05:45:49,CIF,27,1,MUST,ZMUP,422017490,6877545144,6877545144,6877545144,6877545144,CIF,3000937416,3000937416,3000937416,3000937416
1985059,10,755,54,98,ZMUN,10,10,10,D011,EUR,03-01-2018,05:45:49,CIF,30,1,MUST,ZMUK,8822082212,6877545144,6877545144,6877545144,6877545144,CIF,3000937416,3000937416,3000937416,3000937416
1985059,10,755,54,98,ZMUN,10,10,10,D011,EUR,03-01-2018,05:45:49,CIF,31,1,MUST,ZMUP,9522296174,6877545144,6877545144,6877545144,6877545144,CIF,3000937416,3000937416,3000937416,3000937416
1985059,10,755,54,98,ZMUN,10,10,10,D011,EUR,03-01-2018,05:45:49,CIF,32,1,MUST,ZMUP,7726515500,6877545144,6877545144,6877545144,6877545144,CIF,3000937416,3000937416,3000937416,3000937416
1985059,10,755,54,98,ZMUN,10,10,10,D011,EUR,03-01-2018,05:45:49,CIF,33,1,MUST,ZMUP,3064423832,6877545144,6877545144,6877545144,6877545144,CIF,3000937416,3000937416,3000937416,3000937416
1985059,10,755,54,98,ZMUN,10,10,10,D011,EUR,03-01-2018,05:45:49,CIF,34,1,MUST,ZMUP,8225241088,6877545144,6877545144,6877545144,6877545144,CIF,3000937416,3000937416,3000937416,3000937416
1985059,10,755,54,98,ZMUN,10,10,10,D011,EUR,03-01-2018,05:45:49,CIF,35,1,MUST,ZMUP,1598676124,6877545144,6877545144,6877545144,6877545144,CIF,3000937416,3000937416,3000937416,3000937416
1985059,10,755,54,98,ZMUN,10,10,10,D011,EUR,03-01-2018,05:45:49,CIF,36,1,MUST,ZMUP,5795293931,6877545144,6877545144,6877545144,6877545144,CIF,3000937416,3000937416,3000937416,3000937416
1985059,10,755,54,98,ZMUN,10,10,10,D011,EUR,03-01-2018,05:45:49,CIF,37,1,MUST,ZMUP,5268678379,6877545144,6877545144,6877545144,6877545144,CIF,3000937416,3000937416,3000937416,3000937416
1985059,10,755,54,98,ZMUN,10,10,10,D011,EUR,03-01-2018,05:45:49,CIF,38,1,MUST,ZMUP,3755243785,6877545144,6877545144,6877545144,6877545144,CIF,3000937416,3000937416,3000937416,3000937416
1985059,10,755,54,98,ZMUN,10,10,10,D011,EUR,03-01-2018,05:45:49,CIF,39,1,MUST,ZMUP,422017490,6877545144,6877545144,6877545144,6877545144,CIF,3000937416,3000937416,3000937416,3000937416
1985059,10,755,54,98,ZMUN,10,10,10,D011,EUR,03-01-2018,05:45:49,CIF,40,1,MUST,ZMUK,4697788238,6877545144,6877545144,6877545144,6877545144,CIF,3000937416,3000937416,3000937416,3000937416
1985059,10,755,54,98,ZMUN,10,10,10,D011,EUR,03-01-2018,05:45:49,CIF,41,1,MUST,ZMUP,2738092645,6877545144,6877545144,6877545144,6877545144,CIF,3000937416,3000937416,3000937416,3000937416
1985059,10,755,54,98,ZMUN,10,10,10,D011,EUR,03-01-2018,05:45:49,CIF,42,1,MUST,ZMUP,7726515500,6877545144,6877545144,6877545144,6877545144,CIF,3000937416,3000937416,3000937416,3000937416
1985059,10,755,54,98,ZMUN,10,10,10,D011,EUR,03-01-2018,05:45:49,CIF,43,1,MUST,ZMUP,1598676124,6877545144,6877545144,6877545144,6877545144,CIF,3000937416,3000937416,3000937416,3000937416
1985059,10,755,54,98,ZMUN,10,10,10,D011,EUR,03-01-2018,05:45:49,CIF,44,1,MUST,ZMUP,5795293931,6877545144,6877545144,6877545144,6877545144,CIF,3000937416,3000937416,3000937416,3000937416
1985059,10,755,54,98,ZMUN,10,10,10,D011,EUR,03-01-2018,05:45:49,CIF,45,1,MUST,ZMUP,5268678379,6877545144,6877545144,6877545144,6877545144,CIF,3000937416,3000937416,3000937416,3000937416
1985059,10,755,54,98,ZMUN,10,10,10,D011,EUR,03-01-2018,05:45:49,CIF,46,1,MUST,ZMUP,3755243785,6877545144,6877545144,6877545144,6877545144,CIF,3000937416,3000937416,3000937416,3000937416
1985059,10,755,54,98,ZMUN,10,10,10,D011,EUR,03-01-2018,05:45:49,CIF,47,1,MUST,ZMUP,422017490,6877545144,6877545144,6877545144,6877545144,CIF,3000937416,3000937416,3000937416,3000937416
1985059,10,755,54,98,ZMUN,10,10,10,D011,EUR,03-01-2018,05:45:49,CIF,50,1,MUST,ZMUK,8107435408,6877545144,6877545144,6877545144,6877545144,CIF,3000937416,3000937416,3000937416,3000937416
1985059,10,755,54,98,ZMUN,10,10,10,D011,EUR,03-01-2018,05:45:49,CIF,51,1,MUST,ZMUP,9720626980,6877545144,6877545144,6877545144,6877545144,CIF,3000937416,3000937416,3000937416,3000937416
1985059,10,755,54,98,ZMUN,10,10,10,D011,EUR,03-01-2018,05:45:49,CIF,52,1,MUST,ZMUP,5795293931,6877545144,6877545144,6877545144,6877545144,CIF,3000937416,3000937416,3000937416,3000937416
1985059,10,755,54,98,ZMUN,10,10,10,D011,EUR,03-01-2018,05:45:49,CIF,53,1,MUST,ZMUP,7726515500,6877545144,6877545144,6877545144,6877545144,CIF,3000937416,3000937416,3000937416,3000937416
1985059,10,755,54,98,ZMUN,10,10,10,D011,EUR,03-01-2018,05:45:49,CIF,54,1,MUST,ZMUP,6052052580,6877545144,6877545144,6877545144,6877545144,CIF,3000937416,3000937416,3000937416,3000937416
1985059,10,755,54,98,ZMUN,10,10,10,D011,EUR,03-01-2018,05:45:49,CIF,55,1,MUST,ZMUP,1673859463,6877545144,6877545144,6877545144,6877545144,CIF,3000937416,3000937416,3000937416,3000937416
1985059,10,755,54,98,ZMUN,10,10,10,D011,EUR,03-01-2018,05:45:49,CIF,56,1,MUST,ZMUP,1598676124,6877545144,6877545144,6877545144,6877545144,CIF,3000937416,3000937416,3000937416,3000937416
1985059,10,755,54,98,ZMUN,10,10,10,D011,EUR,03-01-2018,05:45:49,CIF,57,1,MUST,ZMUP,5268678379,6877545144,6877545144,6877545144,6877545144,CIF,3000937416,3000937416,3000937416,3000937416
1985059,10,755,54,98,ZMUN,10,10,10,D011,EUR,03-01-2018,05:45:49,CIF,58,1,MUST,ZMUP,3755243785,6877545144,6877545144,6877545144,6877545144,CIF,3000937416,3000937416,3000937416,3000937416
1985059,10,755,54,98,ZMUN,10,10,10,D011,EUR,03-01-2018,05:45:49,CIF,59,1,MUST,ZMUP,422017490,6877545144,6877545144,6877545144,6877545144,CIF,3000937416,3000937416,3000937416,3000937416
1985059,10,755,54,98,ZMUN,10,10,10,D011,EUR,03-01-2018,05:45:49,CIF,60,1,MUST,ZMUK,3862941518,6877545144,6877545144,6877545144,6877545144,CIF,3000937416,3000937416,3000937416,3000937416
1985059,10,755,54,98,ZMUN,10,10,10,D011,EUR,03-01-2018,05:45:49,CIF,61,1,MUST,ZMUP,7931101874,6877545144,6877545144,6877545144,6877545144,CIF,3000937416,3000937416,3000937416,3000937416
1985059,10,755,54,98,ZMUN,10,10,10,D011,EUR,03-01-2018,05:45:49,CIF,62,1,MUST,ZMUP,6052052580,6877545144,6877545144,6877545144,6877545144,CIF,3000937416,3000937416,3000937416,3000937416
1985059,10,755,54,98,ZMUN,10,10,10,D011,EUR,03-01-2018,05:45:49,CIF,63,1,MUST,ZMUP,5795293931,6877545144,6877545144,6877545144,6877545144,CIF,3000937416,3000937416,3000937416,3000937416
1985059,10,755,54,98,ZMUN,10,10,10,D011,EUR,03-01-2018,05:45:49,CIF,64,1,MUST,ZMUP,5268678379,6877545144,6877545144,6877545144,6877545144,CIF,3000937416,3000937416,3000937416,3000937416
1985059,10,755,54,98,ZMUN,10,10,10,D011,EUR,03-01-2018,05:45:49,CIF,65,1,MUST,ZMUP,3755243785,6877545144,6877545144,6877545144,6877545144,CIF,3000937416,3000937416,3000937416,3000937416
1985059,10,755,54,98,ZMUN,10,10,10,D011,EUR,03-01-2018,05:45:49,CIF,66,1,MUST,ZMUP,422017490,6877545144,6877545144,6877545144,6877545144,CIF,3000937416,3000937416,3000937416,3000937416
1985059,10,755,54,98,ZMUN,10,10,10,D011,EUR,03-01-2018,05:45:49,CIF,70,1,MUST,ZMUK,156060941,6877545144,6877545144,6877545144,6877545144,CIF,3000937416,3000937416,3000937416,3000937416
1985059,10,755,54,98,ZMUN,10,10,10,D011,EUR,03-01-2018,05:45:49,CIF,71,1,MUST,ZMUP,9398882377,6877545144,6877545144,6877545144,6877545144,CIF,3000937416,3000937416,3000937416,3000937416
1985059,10,755,54,98,ZMUN,10,10,10,D011,EUR,03-01-2018,05:45:49,CIF,72,1,MUST,ZMUP,1598676124,6877545144,6877545144,6877545144,6877545144,CIF,3000937416,3000937416,3000937416,3000937416
1985059,10,755,54,98,ZMUN,10,10,10,D011,EUR,03-01-2018,05:45:49,CIF,73,1,MUST,ZMUP,5795293931,6877545144,6877545144,6877545144,6877545144,CIF,3000937416,3000937416,3000937416,3000937416
1985059,10,755,54,98,ZMUN,10,10,10,D011,EUR,03-01-2018,05:45:49,CIF,74,1,MUST,ZMUP,5268678379,6877545144,6877545144,6877545144,6877545144,CIF,3000937416,3000937416,3000937416,3000937416
1985059,10,755,54,98,ZMUN,10,10,10,D011,EUR,03-01-2018,05:45:49,CIF,75,1,MUST,ZMUP,9726954041,6877545144,6877545144,6877545144,6877545144,CIF,3000937416,3000937416,3000937416,3000937416
1985059,10,755,54,98,ZMUN,10,10,10,D011,EUR,03-01-2018,05:45:49,CIF,76,1,MUST,ZMUP,422017490,6877545144,6877545144,6877545144,6877545144,CIF,3000937416,3000937416,3000937416,3000937416
1985061,10,329,33,98,ZMUN,1300,10,10,D015,EUR,03-01-2018,06:18:38,DDP,10,1300,1301,ZMUK,8888401844,6125788215,6125788215,6125788215,6125788215,DDP,3000439100,3000439100,3000439100,3000439100
1985061,10,329,33,98,ZMUN,1300,10,10,D015,EUR,03-01-2018,06:18:38,DDP,20,1300,1301,ZMUK,7579371185,6125788215,6125788215,6125788215,6125788215,DDP,3000439100,3000439100,3000439100,3000439100
1985062,10,329,33,96,ZMUN,2200,10,10,D300,EUR,03-01-2018,06:19:48,DDP,10,2200,2202,ZMUK,6940886738,6125788215,6125788215,6125788215,6125788215,DDP,3000439100,3000439100,3000439100,3000439100
1985063,10,290,EV20,96,ZMUN,1300,10,10,D015,USD,03-01-2018,06:03:12,DDP,10,1300,1301,ZMUK,6955055297,5026603693,747148635,5026603693,5026603693,DDP,3000222412,3000222412,3000222412,3000218815
1985064,10,914,EV20,98,ZMUN,10,10,10,D011,EUR,03-01-2018,06:40:32,DDP,10,1,MUST,ZMUK,7868879840,1523298405,1523298405,1523298405,1523298405,DDP,3000630881,3000630881,3000630881,3000630881
1985064,10,914,EV20,98,ZMUN,10,10,10,D011,EUR,03-01-2018,06:40:32,DDP,20,1,MUST,ZMUK,8586390656,1523298405,1523298405,1523298405,1523298405,DDP,3000630881,3000630881,3000630881,3000630881
1985065,10,719,10-Feb,97,ZMUN,1200,10,10,TR10,TRY,03-01-2018,07:07:38,DDP,10,1200,1202,ZMUK,3963227323,8548502504,8548502504,8548502504,8548502504,DDP,3000608237,3000608237,3000608237,3000608237
1985066,10,282,A2,1,TA,700,10,10,PL10,EUR,03-01-2018,07:00:26,DAP,10,700,700,TAN,7668235044,5392941216,9015662615,5392941216,5392941216,DAP,3000218530,3000218530,3000218530,3000561073
1985066,10,282,A2,1,TA,700,10,10,PL10,EUR,03-01-2018,07:00:26,DAP,20,700,700,TAN,4134019517,5392941216,9015662615,5392941216,5392941216,DAP,3000218530,3000218530,3000218530,3000561073
1985067,10,301,0,1,TA,300,90,10,NL30,EUR,03-01-2018,07:21:59,DDP,20,310,300,TAN,6569108817,9044453791,9044453791,9044453791,9044453791,DDP,3000206692,3000206692,3000206692,3000206692
1985067,10,301,0,1,TA,300,90,10,NL30,EUR,03-01-2018,07:21:59,DDP,40,310,300,TAN,1023916616,9044453791,9044453791,9044453791,9044453791,DDP,3000206692,3000206692,3000206692,3000206692
1985068,10,291,62,27,TA,300,60,10,NL30,USD,03-01-2018,07:36:56,CFR,10,310,300,TAN,9298807794,3875393285,3875393285,3875393285,3875393285,CFR,3000214113,3000214113,3000214113,3000214113
1985069,10,358,54,95,ZMUN,2500,10,10,CN10,CNY,03-01-2018,07:38:47,EXW,10,2500,2502,ZMUK,1047740109,563997710,563997710,563997710,563997710,EXW,3000647771,3000647771,3000647771,3000647771
1985069,10,358,54,95,ZMUN,2500,10,10,CN10,CNY,03-01-2018,07:38:47,EXW,20,2500,2502,ZMUK,5044449296,563997710,563997710,563997710,563997710,EXW,3000647771,3000647771,3000647771,3000647771
1985069,10,358,54,95,ZMUN,2500,10,10,CN10,CNY,03-01-2018,07:38:47,EXW,30,2500,2502,ZMUK,6206470998,563997710,563997710,563997710,563997710,EXW,3000647771,3000647771,3000647771,3000647771
1985069,10,358,54,95,ZMUN,2500,10,10,CN10,CNY,03-01-2018,07:38:47,EXW,40,2500,2502,ZMUK,1851026917,563997710,563997710,563997710,563997710,EXW,3000647771,3000647771,3000647771,3000647771
1985069,10,358,54,95,ZMUN,2500,10,10,CN10,CNY,03-01-2018,07:38:47,EXW,50,2500,2502,ZMUK,2471319620,563997710,563997710,563997710,563997710,EXW,3000647771,3000647771,3000647771,3000647771
1985070,10,758,54,95,ZMUN,2500,10,10,CN10,CNY,03-01-2018,07:49:16,FCA,10,2500,2502,ZMUK,3797556023,6158072630,6158072630,6158072630,6158072630,FCA,3000646710,3000646710,3000646710,3000646710
1985071,10,519,27,5,TA,5900,10,10,D060,EUR,03-01-2018,07:46:28,EXW,10,5900,5900,TAN,6383852519,9498158976,9498158976,9498158976,9498158976,EXW,3000585306,3000585306,3000585306,3000585306
1985072,10,192,32,99,ZMUN,10,10,10,D011,EUR,03-01-2018,07:52:17,DDP,10,1,MUST,ZMUK,1125822247,4337623843,4337623843,4337623843,4337623843,DDP,3000463052,3000463052,3000463052,3000463052
1985073,10,737,EV64,15,ZDOC,10,10,10,D011,EUR,03-01-2018,07:27:27,CFR,10,1,1,TAN,7429200462,385453114,385453114,385453114,385453114,CFR,3000206747,3000206747,3000206747,3000206747
1985073,10,737,EV64,15,ZDOC,10,10,10,D011,EUR,03-01-2018,07:27:27,CFR,20,1,1,TAN,6107674373,385453114,385453114,385453114,385453114,CFR,3000206747,3000206747,3000206747,3000206747
1985073,10,737,EV64,15,ZDOC,10,10,10,D011,EUR,03-01-2018,07:27:27,CFR,30,1,1,TAN,8422462797,385453114,385453114,385453114,385453114,CFR,3000206747,3000206747,3000206747,3000206747
1985073,10,737,EV64,15,ZDOC,10,10,10,D011,EUR,03-01-2018,07:27:27,CFR,40,1,1,TAN,7429200462,385453114,385453114,385453114,385453114,CFR,3000206747,3000206747,3000206747,3000206747
1985073,10,737,EV64,15,ZDOC,10,10,10,D011,EUR,03-01-2018,07:27:27,CFR,50,1,1,TAN,7889282536,385453114,385453114,385453114,385453114,CFR,3000206747,3000206747,3000206747,3000206747
1985073,10,737,EV64,15,ZDOC,10,10,10,D011,EUR,03-01-2018,07:27:27,CFR,60,1,1,TAN,8422462797,385453114,385453114,385453114,385453114,CFR,3000206747,3000206747,3000206747,3000206747
1985073,10,737,EV64,15,ZDOC,10,10,10,D011,EUR,03-01-2018,07:27:27,CFR,70,1,1,TAN,3673913288,385453114,385453114,385453114,385453114,CFR,3000206747,3000206747,3000206747,3000206747
1985074,10,519,27,5,TA,5900,10,10,D060,EUR,03-01-2018,07:53:57,EXW,10,5900,5900,TAN,27180250,9498158976,9498158976,9498158976,9498158976,EXW,3000585306,3000585306,3000585306,3000585306
1985075,10,421,232,1,TA,10,10,10,D011,EUR,03-01-2018,07:53:48,DDP,10,1,1,TAN,7880029229,1296208759,1296208759,1296208759,1296208759,DDP,3000206763,3000206763,3000206763,3000206763
1985076,10,519,27,5,TA,5900,10,10,D060,EUR,03-01-2018,07:55:56,EXW,10,5900,5900,TAN,3520660679,9498158976,9498158976,9498158976,9498158976,EXW,3000585306,3000585306,3000585306,3000585306
1985077,10,D18,54,34,ZVOR,300,60,10,NL30,EUR,03-01-2018,07:47:53,CFR,10,310,300,ZVN,9607137585,5353009569,5353009569,5353009569,5353009569,CFR,3000619565,3000619565,3000619565,3000619565
1985077,10,D18,54,34,ZVOR,300,60,10,NL30,EUR,03-01-2018,07:47:53,CFR,20,310,300,ZTCH,9607137585,5353009569,5353009569,5353009569,5353009569,CFR,3000619565,3000619565,3000619565,3000619565
1985078,10,386,54,95,ZMUN,2500,10,10,CN10,CNY,03-01-2018,08:02:12,EXW,10,2500,2502,ZMUK,6349598942,6983706017,6983706017,6983706017,6983706017,EXW,3000486386,3000486386,3000486386,3000486386
1985078,10,386,54,95,ZMUN,2500,10,10,CN10,CNY,03-01-2018,08:02:12,EXW,20,2500,2502,ZMUK,485267699,6983706017,6983706017,6983706017,6983706017,EXW,3000486386,3000486386,3000486386,3000486386
1985079,10,414,10,1,TA,10,10,10,D011,EUR,03-01-2018,08:05:29,DDP,10,1,1,TAN,9399181202,8704627725,9184113764,1333668153,9184113764,DDP,3000207022,3000486070,3000465453,3000465453
1985080,10,757,54,99,ZMUN,2500,10,10,CN10,CNY,03-01-2018,08:01:51,CFR,10,2500,2502,ZMUK,2870670987,185058560,185058560,185058560,185058560,CFR,3000512308,3000512308,3000512308,3000512308
1985080,10,757,54,99,ZMUN,2500,10,10,CN10,CNY,03-01-2018,08:01:51,CFR,20,2500,2502,ZMUK,7541382190,185058560,185058560,185058560,185058560,CFR,3000512308,3000512308,3000512308,3000512308
1985080,10,757,54,99,ZMUN,2500,10,10,CN10,CNY,03-01-2018,08:01:51,CFR,30,2500,2502,ZMUK,2605893728,185058560,185058560,185058560,185058560,CFR,3000512308,3000512308,3000512308,3000512308
1985080,10,757,54,99,ZMUN,2500,10,10,CN10,CNY,03-01-2018,08:01:51,CFR,40,2500,2502,ZMUK,4160792367,185058560,185058560,185058560,185058560,CFR,3000512308,3000512308,3000512308,3000512308
1985080,10,757,54,99,ZMUN,2500,10,10,CN10,CNY,03-01-2018,08:01:51,CFR,50,2500,2502,ZMUK,8471236765,185058560,185058560,185058560,185058560,CFR,3000512308,3000512308,3000512308,3000512308
1985080,10,757,54,99,ZMUN,2500,10,10,CN10,CNY,03-01-2018,08:01:51,CFR,60,2500,2502,ZMUK,7804719656,185058560,185058560,185058560,185058560,CFR,3000512308,3000512308,3000512308,3000512308
1985080,10,757,54,99,ZMUN,2500,10,10,CN10,CNY,03-01-2018,08:01:51,CFR,70,2500,2502,ZMUK,7153385715,185058560,185058560,185058560,185058560,CFR,3000512308,3000512308,3000512308,3000512308
1985081,10,421,232,1,TA,10,10,10,D011,EUR,03-01-2018,08:03:20,DDP,10,1,1,TAN,4553439922,8135004855,8135004855,8135004855,8135004855,DDP,3000209162,3000209162,3000209162,3000209162
1985081,10,421,232,1,TA,10,10,10,D011,EUR,03-01-2018,08:03:20,DDP,20,1,1,TAN,6874852182,8135004855,8135004855,8135004855,8135004855,DDP,3000209162,3000209162,3000209162,3000209162
1985082,10,588,202,1,TA,10,10,10,D011,EUR,03-01-2018,08:06:53,DDP,10,1,1,TAN,1499125982,5821700212,5821700212,5821700212,5821700212,DDP,3000208450,3000208450,3000208450,3000208450
1985083,10,192,32,99,ZMUN,1300,10,10,D015,EUR,03-01-2018,08:04:20,CIP,10,1300,1301,ZMUK,599361107,7444546370,7444546370,7444546370,7444546370,CIP,3000206287,3000206287,3000206287,3000206287
1985083,10,192,32,99,ZMUN,1300,10,10,D015,EUR,03-01-2018,08:04:20,CIP,20,1300,1301,ZMUK,8716252671,7444546370,7444546370,7444546370,7444546370,CIP,3000206287,3000206287,3000206287,3000206287
1985084,10,386,54,95,ZMUN,2500,10,10,CN10,CNY,03-01-2018,08:08:22,EXW,10,2500,2502,ZMUK,4722399236,6983706017,6983706017,6983706017,6983706017,EXW,3000486386,3000486386,3000486386,3000486386
1985084,10,386,54,95,ZMUN,2500,10,10,CN10,CNY,03-01-2018,08:08:22,EXW,20,2500,2502,ZMUK,1282902314,6983706017,6983706017,6983706017,6983706017,EXW,3000486386,3000486386,3000486386,3000486386
1985084,10,386,54,95,ZMUN,2500,10,10,CN10,CNY,03-01-2018,08:08:22,EXW,30,2500,2502,ZMUK,8471236765,6983706017,6983706017,6983706017,6983706017,EXW,3000486386,3000486386,3000486386,3000486386
1985085,10,322,1,99,ZMUN,10,10,10,D011,EUR,03-01-2018,08:07:22,DDP,10,1,MUST,ZMUK,5347919836,9526266425,7140372269,9526266425,9526266425,DDP,3000375547,3000375547,3000375547,3000547559
1985085,10,322,1,99,ZMUN,10,10,10,D011,EUR,03-01-2018,08:07:22,DDP,11,1,MUST,ZMUP,7402253568,9526266425,7140372269,9526266425,9526266425,DDP,3000375547,3000375547,3000375547,3000547559
1985085,10,322,1,99,ZMUN,10,10,10,D011,EUR,03-01-2018,08:07:22,DDP,12,1,MUST,ZMUP,8380353101,9526266425,7140372269,9526266425,9526266425,DDP,3000375547,3000375547,3000375547,3000547559
1985085,10,322,1,99,ZMUN,10,10,10,D011,EUR,03-01-2018,08:07:22,DDP,13,1,MUST,ZMUP,3755243785,9526266425,7140372269,9526266425,9526266425,DDP,3000375547,3000375547,3000375547,3000547559
1985085,10,322,1,99,ZMUN,10,10,10,D011,EUR,03-01-2018,08:07:22,DDP,14,1,MUST,ZMUP,422017490,9526266425,7140372269,9526266425,9526266425,DDP,3000375547,3000375547,3000375547,3000547559
1985085,10,322,1,99,ZMUN,10,10,10,D011,EUR,03-01-2018,08:07:22,DDP,20,1,MUST,ZMUK,9867269154,9526266425,7140372269,9526266425,9526266425,DDP,3000375547,3000375547,3000375547,3000547559
1985085,10,322,1,99,ZMUN,10,10,10,D011,EUR,03-01-2018,08:07:22,DDP,21,1,MUST,ZMUP,906345837,9526266425,7140372269,9526266425,9526266425,DDP,3000375547,3000375547,3000375547,3000547559
1985085,10,322,1,99,ZMUN,10,10,10,D011,EUR,03-01-2018,08:07:22,DDP,22,1,MUST,ZMUP,869486172,9526266425,7140372269,9526266425,9526266425,DDP,3000375547,3000375547,3000375547,3000547559
1985085,10,322,1,99,ZMUN,10,10,10,D011,EUR,03-01-2018,08:07:22,DDP,23,1,MUST,ZMUP,8380353101,9526266425,7140372269,9526266425,9526266425,DDP,3000375547,3000375547,3000375547,3000547559
1985085,10,322,1,99,ZMUN,10,10,10,D011,EUR,03-01-2018,08:07:22,DDP,24,1,MUST,ZMUP,3755243785,9526266425,7140372269,9526266425,9526266425,DDP,3000375547,3000375547,3000375547,3000547559
1985085,10,322,1,99,ZMUN,10,10,10,D011,EUR,03-01-2018,08:07:22,DDP,25,1,MUST,ZMUP,422017490,9526266425,7140372269,9526266425,9526266425,DDP,3000375547,3000375547,3000375547,3000547559
1985085,10,322,1,99,ZMUN,10,10,10,D011,EUR,03-01-2018,08:07:22,DDP,30,1,MUST,ZMUK,724116428,9526266425,7140372269,9526266425,9526266425,DDP,3000375547,3000375547,3000375547,3000547559
1985085,10,322,1,99,ZMUN,10,10,10,D011,EUR,03-01-2018,08:07:22,DDP,31,1,MUST,ZMUP,4727641425,9526266425,7140372269,9526266425,9526266425,DDP,3000375547,3000375547,3000375547,3000547559
1985085,10,322,1,99,ZMUN,10,10,10,D011,EUR,03-01-2018,08:07:22,DDP,32,1,MUST,ZMUP,3594299104,9526266425,7140372269,9526266425,9526266425,DDP,3000375547,3000375547,3000375547,3000547559
1985085,10,322,1,99,ZMUN,10,10,10,D011,EUR,03-01-2018,08:07:22,DDP,33,1,MUST,ZMUP,8380353101,9526266425,7140372269,9526266425,9526266425,DDP,3000375547,3000375547,3000375547,3000547559
1985085,10,322,1,99,ZMUN,10,10,10,D011,EUR,03-01-2018,08:07:22,DDP,34,1,MUST,ZMUP,3755243785,9526266425,7140372269,9526266425,9526266425,DDP,3000375547,3000375547,3000375547,3000547559
1985085,10,322,1,99,ZMUN,10,10,10,D011,EUR,03-01-2018,08:07:22,DDP,35,1,MUST,ZMUP,422017490,9526266425,7140372269,9526266425,9526266425,DDP,3000375547,3000375547,3000375547,3000547559
1985085,10,322,1,99,ZMUN,10,10,10,D011,EUR,03-01-2018,08:07:22,DDP,40,1,MUST,ZMUK,9621396097,9526266425,7140372269,9526266425,9526266425,DDP,3000375547,3000375547,3000375547,3000547559
1985085,10,322,1,99,ZMUN,10,10,10,D011,EUR,03-01-2018,08:07:22,DDP,41,1,MUST,ZMUP,7026491602,9526266425,7140372269,9526266425,9526266425,DDP,3000375547,3000375547,3000375547,3000547559
1985085,10,322,1,99,ZMUN,10,10,10,D011,EUR,03-01-2018,08:07:22,DDP,42,1,MUST,ZMUP,8380353101,9526266425,7140372269,9526266425,9526266425,DDP,3000375547,3000375547,3000375547,3000547559
1985085,10,322,1,99,ZMUN,10,10,10,D011,EUR,03-01-2018,08:07:22,DDP,43,1,MUST,ZMUP,3755243785,9526266425,7140372269,9526266425,9526266425,DDP,3000375547,3000375547,3000375547,3000547559
1985085,10,322,1,99,ZMUN,10,10,10,D011,EUR,03-01-2018,08:07:22,DDP,44,1,MUST,ZMUP,422017490,9526266425,7140372269,9526266425,9526266425,DDP,3000375547,3000375547,3000375547,3000547559
1985085,10,322,1,99,ZMUN,10,10,10,D011,EUR,03-01-2018,08:07:22,DDP,50,1,MUST,ZMUK,3901686399,9526266425,7140372269,9526266425,9526266425,DDP,3000375547,3000375547,3000375547,3000547559
1985085,10,322,1,99,ZMUN,10,10,10,D011,EUR,03-01-2018,08:07:22,DDP,51,1,MUST,ZMUP,5796732924,9526266425,7140372269,9526266425,9526266425,DDP,3000375547,3000375547,3000375547,3000547559
1985085,10,322,1,99,ZMUN,10,10,10,D011,EUR,03-01-2018,08:07:22,DDP,52,1,MUST,ZMUP,8380353101,9526266425,7140372269,9526266425,9526266425,DDP,3000375547,3000375547,3000375547,3000547559
1985085,10,322,1,99,ZMUN,10,10,10,D011,EUR,03-01-2018,08:07:22,DDP,53,1,MUST,ZMUP,3755243785,9526266425,7140372269,9526266425,9526266425,DDP,3000375547,3000375547,3000375547,3000547559
1985085,10,322,1,99,ZMUN,10,10,10,D011,EUR,03-01-2018,08:07:22,DDP,54,1,MUST,ZMUP,422017490,9526266425,7140372269,9526266425,9526266425,DDP,3000375547,3000375547,3000375547,3000547559
1985086,10,329,33,98,ZMUN,10,10,10,D011,EUR,03-01-2018,08:09:57,DDP,10,1,MUST,ZMUK,2927388883,6125788215,6125788215,6125788215,6125788215,DDP,3000439100,3000439100,3000439100,3000439100
1985087,10,588,100,1,TA,10,10,10,D011,EUR,03-01-2018,08:14:11,DDP,10,1,1,TAN,1499125982,9755940991,9755940991,9755940991,9755940991,DDP,3000208597,3000208597,3000208597,3000208597
1985088,10,269,95,1,TA,10,10,10,D011,EUR,03-01-2018,08:13:41,DDP,10,1,1,TAN,8858836470,6547780845,1133831483,6547780845,6547780845,DDP,3000208511,3000208511,3000208511,3000257021
1985088,10,269,95,1,TA,10,10,10,D011,EUR,03-01-2018,08:13:41,DDP,20,1,1,TANN,8858836470,6547780845,1133831483,6547780845,6547780845,DDP,3000208511,3000208511,3000208511,3000257021
1985089,10,998,54,98,ZMUN,10,10,10,D011,EUR,03-01-2018,08:12:11,DDP,10,1,MUST,ZMUK,901330341,1324576920,1324576920,1324576920,1324576920,DDP,3000970915,3000970915,3000970915,3000970915
1985089,10,998,54,98,ZMUN,10,10,10,D011,EUR,03-01-2018,08:12:11,DDP,11,1,MUST,ZMUP,2265985479,1324576920,1324576920,1324576920,1324576920,DDP,3000970915,3000970915,3000970915,3000970915
1985089,10,998,54,98,ZMUN,10,10,10,D011,EUR,03-01-2018,08:12:11,DDP,12,1,MUST,ZMUP,3709189839,1324576920,1324576920,1324576920,1324576920,DDP,3000970915,3000970915,3000970915,3000970915
1985089,10,998,54,98,ZMUN,10,10,10,D011,EUR,03-01-2018,08:12:11,DDP,13,1,MUST,ZMUP,3755243785,1324576920,1324576920,1324576920,1324576920,DDP,3000970915,3000970915,3000970915,3000970915
1985089,10,998,54,98,ZMUN,10,10,10,D011,EUR,03-01-2018,08:12:11,DDP,14,1,MUST,ZMUP,422017490,1324576920,1324576920,1324576920,1324576920,DDP,3000970915,3000970915,3000970915,3000970915
1985089,10,998,54,98,ZMUN,10,10,10,D011,EUR,03-01-2018,08:12:11,DDP,20,1,MUST,ZMUK,8638115881,1324576920,1324576920,1324576920,1324576920,DDP,3000970915,3000970915,3000970915,3000970915
1985089,10,998,54,98,ZMUN,10,10,10,D011,EUR,03-01-2018,08:12:11,DDP,21,1,MUST,ZMUP,2265985479,1324576920,1324576920,1324576920,1324576920,DDP,3000970915,3000970915,3000970915,3000970915
1985089,10,998,54,98,ZMUN,10,10,10,D011,EUR,03-01-2018,08:12:11,DDP,22,1,MUST,ZMUP,3755243785,1324576920,1324576920,1324576920,1324576920,DDP,3000970915,3000970915,3000970915,3000970915
1985089,10,998,54,98,ZMUN,10,10,10,D011,EUR,03-01-2018,08:12:11,DDP,23,1,MUST,ZMUP,422017490,1324576920,1324576920,1324576920,1324576920,DDP,3000970915,3000970915,3000970915,3000970915
1985090,10,269,95,13,TA,10,10,10,D011,EUR,03-01-2018,08:15:36,DDP,10,1,1,TAN,6800546967,6547780845,1133831483,6547780845,6547780845,DDP,3000208511,3000208511,3000208511,3000257021
1985090,10,269,95,13,TA,10,10,10,D011,EUR,03-01-2018,08:15:36,DDP,20,1,1,ZTCH,6800546967,6547780845,1133831483,6547780845,6547780845,DDP,3000208511,3000208511,3000208511,3000257021
1985091,10,844,54,98,ZMUN,2500,10,10,CN10,CNY,03-01-2018,08:17:32,DDP,10,2500,2502,ZMUK,8471236765,688812041,688812041,688812041,688812041,DDP,3000495781,3000495781,3000495781,3000495781
1985092,10,588,0,1,TA,2800,10,10,D017,EUR,03-01-2018,08:16:13,DDP,10,2800,2800,TAN,1467746818,2573255175,2573255175,2573255175,2573255175,DDP,3000208801,3000208801,3000208801,3000208801
1985093,10,269,95,1,TA,10,10,10,D011,EUR,03-01-2018,08:17:14,DDP,10,1,1,TAN,1625312620,6547780845,1133831483,6547780845,6547780845,DDP,3000208511,3000208511,3000208511,3000257021
1985094,10,341,32,13,ZIA,4200,10,10,DK20,DKK,03-01-2018,08:20:13,DDP,10,4200,4200,TAN,7725289806,5389539235,5389539235,2977149256,2977149256,DDP,3000223599,3000215140,3000215140,3000223599
1985094,10,341,32,13,ZIA,4200,10,10,DK20,DKK,03-01-2018,08:20:13,DDP,20,4200,4200,TAN,4012589663,5389539235,5389539235,2977149256,2977149256,DDP,3000223599,3000215140,3000215140,3000223599
1985094,10,341,32,13,ZIA,4200,10,10,DK20,DKK,03-01-2018,08:20:13,DDP,30,4200,4200,TAN,9645064398,5389539235,5389539235,2977149256,2977149256,DDP,3000223599,3000215140,3000215140,3000223599
1985094,10,341,32,13,ZIA,4200,10,10,DK20,DKK,03-01-2018,08:20:13,DDP,40,4200,4200,TAN,9408000282,5389539235,5389539235,2977149256,2977149256,DDP,3000223599,3000215140,3000215140,3000223599
1985094,10,341,32,13,ZIA,4200,10,10,DK20,DKK,03-01-2018,08:20:13,DDP,50,4200,4200,TAN,2899424305,5389539235,5389539235,2977149256,2977149256,DDP,3000223599,3000215140,3000215140,3000223599
1985094,10,341,32,13,ZIA,4200,10,10,DK20,DKK,03-01-2018,08:20:13,DDP,60,4200,4200,TAN,5836182489,5389539235,5389539235,2977149256,2977149256,DDP,3000223599,3000215140,3000215140,3000223599
1985094,10,341,32,13,ZIA,4200,10,10,DK20,DKK,03-01-2018,08:20:13,DDP,70,4200,4200,TAN,5567451808,5389539235,5389539235,2977149256,2977149256,DDP,3000223599,3000215140,3000215140,3000223599
1985094,10,341,32,13,ZIA,4200,10,10,DK20,DKK,03-01-2018,08:20:13,DDP,80,4200,4200,TAN,1463610398,5389539235,5389539235,2977149256,2977149256,DDP,3000223599,3000215140,3000215140,3000223599
1985094,10,341,32,13,ZIA,4200,10,10,DK20,DKK,03-01-2018,08:20:13,DDP,90,4200,4200,TAN,2544589301,5389539235,5389539235,2977149256,2977149256,DDP,3000223599,3000215140,3000215140,3000223599
1985094,10,341,32,13,ZIA,4200,10,10,DK20,DKK,03-01-2018,08:20:13,DDP,100,4200,4200,TAN,6288651939,5389539235,5389539235,2977149256,2977149256,DDP,3000223599,3000215140,3000215140,3000223599
1985094,10,341,32,13,ZIA,4200,10,10,DK20,DKK,03-01-2018,08:20:13,DDP,110,4200,4200,TAN,1133771382,5389539235,5389539235,2977149256,2977149256,DDP,3000223599,3000215140,3000215140,3000223599
1985094,10,341,32,13,ZIA,4200,10,10,DK20,DKK,03-01-2018,08:20:13,DDP,120,4200,4200,TAN,6045834457,5389539235,5389539235,2977149256,2977149256,DDP,3000223599,3000215140,3000215140,3000223599
1985094,10,341,32,13,ZIA,4200,10,10,DK20,DKK,03-01-2018,08:20:13,DDP,130,4200,4200,TAN,9650589445,5389539235,5389539235,2977149256,2977149256,DDP,3000223599,3000215140,3000215140,3000223599
1985095,10,884,54,95,ZMUN,2500,10,10,CN10,CNY,03-01-2018,08:20:37,EXW,10,2500,2502,ZMUK,2348659475,5902198047,5902198047,5902198047,5902198047,EXW,3000543088,3000543088,3000543088,3000543088
1985095,10,884,54,95,ZMUN,2500,10,10,CN10,CNY,03-01-2018,08:20:37,EXW,11,2500,2502,ZMUP,898753610,5902198047,5902198047,5902198047,5902198047,EXW,3000543088,3000543088,3000543088,3000543088
1985095,10,884,54,95,ZMUN,2500,10,10,CN10,CNY,03-01-2018,08:20:37,EXW,12,2500,2502,ZMUP,8417390654,5902198047,5902198047,5902198047,5902198047,EXW,3000543088,3000543088,3000543088,3000543088
1985095,10,884,54,95,ZMUN,2500,10,10,CN10,CNY,03-01-2018,08:20:37,EXW,13,2500,2502,ZMUP,3708702074,5902198047,5902198047,5902198047,5902198047,EXW,3000543088,3000543088,3000543088,3000543088
1985095,10,884,54,95,ZMUN,2500,10,10,CN10,CNY,03-01-2018,08:20:37,EXW,14,2500,2502,ZMUP,4916413023,5902198047,5902198047,5902198047,5902198047,EXW,3000543088,3000543088,3000543088,3000543088
1985095,10,884,54,95,ZMUN,2500,10,10,CN10,CNY,03-01-2018,08:20:37,EXW,15,2500,2502,ZMUP,6278613234,5902198047,5902198047,5902198047,5902198047,EXW,3000543088,3000543088,3000543088,3000543088
1985095,10,884,54,95,ZMUN,2500,10,10,CN10,CNY,03-01-2018,08:20:37,EXW,16,2500,2502,ZMUP,5172454476,5902198047,5902198047,5902198047,5902198047,EXW,3000543088,3000543088,3000543088,3000543088
1985095,10,884,54,95,ZMUN,2500,10,10,CN10,CNY,03-01-2018,08:20:37,EXW,17,2500,2502,ZMUP,7382478623,5902198047,5902198047,5902198047,5902198047,EXW,3000543088,3000543088,3000543088,3000543088
1985095,10,884,54,95,ZMUN,2500,10,10,CN10,CNY,03-01-2018,08:20:37,EXW,18,2500,2502,ZMUP,2658588158,5902198047,5902198047,5902198047,5902198047,EXW,3000543088,3000543088,3000543088,3000543088
1985095,10,884,54,95,ZMUN,2500,10,10,CN10,CNY,03-01-2018,08:20:37,EXW,19,2500,2502,ZMUP,2932740257,5902198047,5902198047,5902198047,5902198047,EXW,3000543088,3000543088,3000543088,3000543088
1985095,10,884,54,95,ZMUN,2500,10,10,CN10,CNY,03-01-2018,08:20:37,EXW,20,2500,2502,ZMUP,3797556023,5902198047,5902198047,5902198047,5902198047,EXW,3000543088,3000543088,3000543088,3000543088
1985095,10,884,54,95,ZMUN,2500,10,10,CN10,CNY,03-01-2018,08:20:37,EXW,30,2500,2502,ZMUK,2791528985,5902198047,5902198047,5902198047,5902198047,EXW,3000543088,3000543088,3000543088,3000543088
1985096,10,269,95,1,TA,10,10,10,D011,EUR,03-01-2018,08:20:30,DDP,10,1,1,TAN,871145672,6547780845,1133831483,6547780845,6547780845,DDP,3000208511,3000208511,3000208511,3000257021
1985097,10,209,3,99,ZMUN,2200,10,10,D300,EUR,03-01-2018,08:20:19,DDP,10,2200,2202,ZMUK,7615164700,6041003542,6041003542,6041003542,6041003542,DDP,3000218463,3000218463,3000218463,3000218463
1985098,10,844,54,98,ZMUN,2500,10,10,CN10,CNY,03-01-2018,08:21:42,DDP,10,2500,2502,ZMUK,4358341255,688812041,688812041,688812041,688812041,DDP,3000495781,3000495781,3000495781,3000495781
1985099,10,706,32,1,TA,1300,10,10,D015,EUR,03-01-2018,08:18:53,DDP,70,1300,1300,TAN,6327236412,9920968985,372077100,9920968985,9920968985,DDP,3000214981,3000214981,3000214981,3000461303
1985099,10,706,32,1,TA,1300,10,10,D015,EUR,03-01-2018,08:18:53,DDP,80,1300,1300,TAN,537867071,9920968985,372077100,9920968985,9920968985,DDP,3000214981,3000214981,3000214981,3000461303
1985100,10,269,95,1,TA,10,10,10,D011,EUR,03-01-2018,08:23:16,DDP,10,1,1,TAN,5099682033,6547780845,1133831483,6547780845,6547780845,DDP,3000208511,3000208511,3000208511,3000257021
1985101,10,705,32,5,TA,10,10,10,D011,EUR,03-01-2018,08:22:48,FCA,10,1,1,TAN,1166540262,4742731422,4742731422,4742731422,4742731422,FCA,3000209037,3000209037,3000209037,3000209037
1985102,10,388,119,1,TA,10,10,10,D011,EUR,03-01-2018,08:23:31,DDP,10,1,1,TAN,9345846317,228118092,228118092,228118092,228118092,DDP,3000207266,3000207266,3000207266,3000207266
1985103,10,803,54,98,ZMUN,10,10,10,D011,EUR,03-01-2018,08:18:20,DDP,10,1,MUST,ZMUK,5031029836,9377569447,9377569447,9377569447,9377569447,DDP,3000521478,3000521478,3000521478,3000521478
1985103,10,803,54,98,ZMUN,10,10,10,D011,EUR,03-01-2018,08:18:20,DDP,11,1,MUST,ZMUP,3664958227,9377569447,9377569447,9377569447,9377569447,DDP,3000521478,3000521478,3000521478,3000521478
1985103,10,803,54,98,ZMUN,10,10,10,D011,EUR,03-01-2018,08:18:20,DDP,12,1,MUST,ZMUP,1598676124,9377569447,9377569447,9377569447,9377569447,DDP,3000521478,3000521478,3000521478,3000521478
1985103,10,803,54,98,ZMUN,10,10,10,D011,EUR,03-01-2018,08:18:20,DDP,13,1,MUST,ZMUP,5268678379,9377569447,9377569447,9377569447,9377569447,DDP,3000521478,3000521478,3000521478,3000521478
1985103,10,803,54,98,ZMUN,10,10,10,D011,EUR,03-01-2018,08:18:20,DDP,14,1,MUST,ZMUP,422017490,9377569447,9377569447,9377569447,9377569447,DDP,3000521478,3000521478,3000521478,3000521478
1985103,10,803,54,98,ZMUN,10,10,10,D011,EUR,03-01-2018,08:18:20,DDP,20,1,MUST,ZMUK,3463298494,9377569447,9377569447,9377569447,9377569447,DDP,3000521478,3000521478,3000521478,3000521478
1985103,10,803,54,98,ZMUN,10,10,10,D011,EUR,03-01-2018,08:18:20,DDP,21,1,MUST,ZMUP,5338413352,9377569447,9377569447,9377569447,9377569447,DDP,3000521478,3000521478,3000521478,3000521478
1985103,10,803,54,98,ZMUN,10,10,10,D011,EUR,03-01-2018,08:18:20,DDP,22,1,MUST,ZMUP,1664286536,9377569447,9377569447,9377569447,9377569447,DDP,3000521478,3000521478,3000521478,3000521478
1985103,10,803,54,98,ZMUN,10,10,10,D011,EUR,03-01-2018,08:18:20,DDP,23,1,MUST,ZMUP,5347581643,9377569447,9377569447,9377569447,9377569447,DDP,3000521478,3000521478,3000521478,3000521478
1985103,10,803,54,98,ZMUN,10,10,10,D011,EUR,03-01-2018,08:18:20,DDP,24,1,MUST,ZMUP,1598676124,9377569447,9377569447,9377569447,9377569447,DDP,3000521478,3000521478,3000521478,3000521478
1985103,10,803,54,98,ZMUN,10,10,10,D011,EUR,03-01-2018,08:18:20,DDP,25,1,MUST,ZMUP,5268678379,9377569447,9377569447,9377569447,9377569447,DDP,3000521478,3000521478,3000521478,3000521478
1985103,10,803,54,98,ZMUN,10,10,10,D011,EUR,03-01-2018,08:18:20,DDP,26,1,MUST,ZMUP,422017490,9377569447,9377569447,9377569447,9377569447,DDP,3000521478,3000521478,3000521478,3000521478
1985103,10,803,54,98,ZMUN,10,10,10,D011,EUR,03-01-2018,08:18:20,DDP,30,1,MUST,ZMUK,4914812115,9377569447,9377569447,9377569447,9377569447,DDP,3000521478,3000521478,3000521478,3000521478
1985103,10,803,54,98,ZMUN,10,10,10,D011,EUR,03-01-2018,08:18:20,DDP,31,1,MUST,ZMUP,1997571840,9377569447,9377569447,9377569447,9377569447,DDP,3000521478,3000521478,3000521478,3000521478
1985103,10,803,54,98,ZMUN,10,10,10,D011,EUR,03-01-2018,08:18:20,DDP,32,1,MUST,ZMUP,5268678379,9377569447,9377569447,9377569447,9377569447,DDP,3000521478,3000521478,3000521478,3000521478
1985103,10,803,54,98,ZMUN,10,10,10,D011,EUR,03-01-2018,08:18:20,DDP,33,1,MUST,ZMUP,1598676124,9377569447,9377569447,9377569447,9377569447,DDP,3000521478,3000521478,3000521478,3000521478
1985103,10,803,54,98,ZMUN,10,10,10,D011,EUR,03-01-2018,08:18:20,DDP,34,1,MUST,ZMUP,5347581643,9377569447,9377569447,9377569447,9377569447,DDP,3000521478,3000521478,3000521478,3000521478
1985103,10,803,54,98,ZMUN,10,10,10,D011,EUR,03-01-2018,08:18:20,DDP,35,1,MUST,ZMUP,422017490,9377569447,9377569447,9377569447,9377569447,DDP,3000521478,3000521478,3000521478,3000521478
1985103,10,803,54,98,ZMUN,10,10,10,D011,EUR,03-01-2018,08:18:20,DDP,40,1,MUST,ZMUK,8542576856,9377569447,9377569447,9377569447,9377569447,DDP,3000521478,3000521478,3000521478,3000521478
1985103,10,803,54,98,ZMUN,10,10,10,D011,EUR,03-01-2018,08:18:20,DDP,41,1,MUST,ZMUP,3886083770,9377569447,9377569447,9377569447,9377569447,DDP,3000521478,3000521478,3000521478,3000521478
1985103,10,803,54,98,ZMUN,10,10,10,D011,EUR,03-01-2018,08:18:20,DDP,42,1,MUST,ZMUP,1664286536,9377569447,9377569447,9377569447,9377569447,DDP,3000521478,3000521478,3000521478,3000521478
1985103,10,803,54,98,ZMUN,10,10,10,D011,EUR,03-01-2018,08:18:20,DDP,43,1,MUST,ZMUP,1598676124,9377569447,9377569447,9377569447,9377569447,DDP,3000521478,3000521478,3000521478,3000521478
1985103,10,803,54,98,ZMUN,10,10,10,D011,EUR,03-01-2018,08:18:20,DDP,44,1,MUST,ZMUP,5268678379,9377569447,9377569447,9377569447,9377569447,DDP,3000521478,3000521478,3000521478,3000521478
1985103,10,803,54,98,ZMUN,10,10,10,D011,EUR,03-01-2018,08:18:20,DDP,45,1,MUST,ZMUP,422017490,9377569447,9377569447,9377569447,9377569447,DDP,3000521478,3000521478,3000521478,3000521478
1985103,10,803,54,98,ZMUN,10,10,10,D011,EUR,03-01-2018,08:18:20,DDP,50,1,MUST,ZMUK,427322714,9377569447,9377569447,9377569447,9377569447,DDP,3000521478,3000521478,3000521478,3000521478
1985103,10,803,54,98,ZMUN,10,10,10,D011,EUR,03-01-2018,08:18:20,DDP,51,1,MUST,ZMUP,1989218701,9377569447,9377569447,9377569447,9377569447,DDP,3000521478,3000521478,3000521478,3000521478
1985103,10,803,54,98,ZMUN,10,10,10,D011,EUR,03-01-2018,08:18:20,DDP,52,1,MUST,ZMUP,8579558118,9377569447,9377569447,9377569447,9377569447,DDP,3000521478,3000521478,3000521478,3000521478
1985103,10,803,54,98,ZMUN,10,10,10,D011,EUR,03-01-2018,08:18:20,DDP,53,1,MUST,ZMUP,1642230647,9377569447,9377569447,9377569447,9377569447,DDP,3000521478,3000521478,3000521478,3000521478
1985103,10,803,54,98,ZMUN,10,10,10,D011,EUR,03-01-2018,08:18:20,DDP,54,1,MUST,ZMUP,6718747623,9377569447,9377569447,9377569447,9377569447,DDP,3000521478,3000521478,3000521478,3000521478
1985103,10,803,54,98,ZMUN,10,10,10,D011,EUR,03-01-2018,08:18:20,DDP,55,1,MUST,ZMUP,2863207915,9377569447,9377569447,9377569447,9377569447,DDP,3000521478,3000521478,3000521478,3000521478
1985103,10,803,54,98,ZMUN,10,10,10,D011,EUR,03-01-2018,08:18:20,DDP,56,1,MUST,ZMUP,5268678379,9377569447,9377569447,9377569447,9377569447,DDP,3000521478,3000521478,3000521478,3000521478
1985103,10,803,54,98,ZMUN,10,10,10,D011,EUR,03-01-2018,08:18:20,DDP,57,1,MUST,ZMUP,422017490,9377569447,9377569447,9377569447,9377569447,DDP,3000521478,3000521478,3000521478,3000521478
1985103,10,803,54,98,ZMUN,10,10,10,D011,EUR,03-01-2018,08:18:20,DDP,60,1,MUST,ZMUK,4181631714,9377569447,9377569447,9377569447,9377569447,DDP,3000521478,3000521478,3000521478,3000521478
1985103,10,803,54,98,ZMUN,10,10,10,D011,EUR,03-01-2018,08:18:20,DDP,61,1,MUST,ZMUP,6701253977,9377569447,9377569447,9377569447,9377569447,DDP,3000521478,3000521478,3000521478,3000521478
1985103,10,803,54,98,ZMUN,10,10,10,D011,EUR,03-01-2018,08:18:20,DDP,62,1,MUST,ZMUP,1598676124,9377569447,9377569447,9377569447,9377569447,DDP,3000521478,3000521478,3000521478,3000521478
1985103,10,803,54,98,ZMUN,10,10,10,D011,EUR,03-01-2018,08:18:20,DDP,63,1,MUST,ZMUP,5268678379,9377569447,9377569447,9377569447,9377569447,DDP,3000521478,3000521478,3000521478,3000521478
1985103,10,803,54,98,ZMUN,10,10,10,D011,EUR,03-01-2018,08:18:20,DDP,64,1,MUST,ZMUP,9572014209,9377569447,9377569447,9377569447,9377569447,DDP,3000521478,3000521478,3000521478,3000521478
1985103,10,803,54,98,ZMUN,10,10,10,D011,EUR,03-01-2018,08:18:20,DDP,65,1,MUST,ZMUP,685723544,9377569447,9377569447,9377569447,9377569447,DDP,3000521478,3000521478,3000521478,3000521478
1985103,10,803,54,98,ZMUN,10,10,10,D011,EUR,03-01-2018,08:18:20,DDP,66,1,MUST,ZMUP,2863207915,9377569447,9377569447,9377569447,9377569447,DDP,3000521478,3000521478,3000521478,3000521478
1985103,10,803,54,98,ZMUN,10,10,10,D011,EUR,03-01-2018,08:18:20,DDP,67,1,MUST,ZMUP,4202171294,9377569447,9377569447,9377569447,9377569447,DDP,3000521478,3000521478,3000521478,3000521478
1985103,10,803,54,98,ZMUN,10,10,10,D011,EUR,03-01-2018,08:18:20,DDP,70,1,MUST,ZMUK,1609993755,9377569447,9377569447,9377569447,9377569447,DDP,3000521478,3000521478,3000521478,3000521478
1985103,10,803,54,98,ZMUN,10,10,10,D011,EUR,03-01-2018,08:18:20,DDP,71,1,MUST,ZMUP,6573825437,9377569447,9377569447,9377569447,9377569447,DDP,3000521478,3000521478,3000521478,3000521478
1985103,10,803,54,98,ZMUN,10,10,10,D011,EUR,03-01-2018,08:18:20,DDP,72,1,MUST,ZMUP,1598676124,9377569447,9377569447,9377569447,9377569447,DDP,3000521478,3000521478,3000521478,3000521478
1985103,10,803,54,98,ZMUN,10,10,10,D011,EUR,03-01-2018,08:18:20,DDP,73,1,MUST,ZMUP,5347581643,9377569447,9377569447,9377569447,9377569447,DDP,3000521478,3000521478,3000521478,3000521478
1985103,10,803,54,98,ZMUN,10,10,10,D011,EUR,03-01-2018,08:18:20,DDP,74,1,MUST,ZMUP,5268678379,9377569447,9377569447,9377569447,9377569447,DDP,3000521478,3000521478,3000521478,3000521478
1985103,10,803,54,98,ZMUN,10,10,10,D011,EUR,03-01-2018,08:18:20,DDP,75,1,MUST,ZMUP,9572014209,9377569447,9377569447,9377569447,9377569447,DDP,3000521478,3000521478,3000521478,3000521478
1985103,10,803,54,98,ZMUN,10,10,10,D011,EUR,03-01-2018,08:18:20,DDP,76,1,MUST,ZMUP,685723544,9377569447,9377569447,9377569447,9377569447,DDP,3000521478,3000521478,3000521478,3000521478
1985103,10,803,54,98,ZMUN,10,10,10,D011,EUR,03-01-2018,08:18:20,DDP,77,1,MUST,ZMUP,2863207915,9377569447,9377569447,9377569447,9377569447,DDP,3000521478,3000521478,3000521478,3000521478
1985103,10,803,54,98,ZMUN,10,10,10,D011,EUR,03-01-2018,08:18:20,DDP,78,1,MUST,ZMUP,4202171294,9377569447,9377569447,9377569447,9377569447,DDP,3000521478,3000521478,3000521478,3000521478
1985104,10,502,3,13,TA,700,10,10,PL10,PLN,03-01-2018,08:28:57,DAP,10,700,700,TAN,5413650681,7205726717,4912901640,7205726717,7205726717,DAP,3000267346,3000267346,3000267346,3000475318
1985105,10,705,32,5,TA,10,10,10,D011,EUR,03-01-2018,08:31:16,FCA,60,1,1,TAN,3401465891,4742731422,4742731422,4742731422,4742731422,FCA,3000209037,3000209037,3000209037,3000209037
1985106,10,285,32,10,TA,10,10,10,D011,USD,03-01-2018,08:35:38,CIF,10,1,1,TAN,4705427702,747148635,9509710368,747148635,747148635,CIF,3000218815,3000218815,3000218815,3000223331
1985107,10,581,3,99,ZMUN,5900,10,10,D060,EUR,03-01-2018,08:33:01,DAP,10,5900,5902,ZMUK,6336619621,6996277064,8694347624,6996277064,6996277064,DAP,3000584858,3000584858,3000584858,3000628228
1985108,10,301,33,18,TA,300,10,10,NL30,EUR,03-01-2018,08:38:46,DDP,10,310,301,TAN,8165570012,8383348969,8383348969,8383348969,8383348969,DDP,3000337162,3000337162,3000337162,3000337162
1985108,10,301,33,18,TA,300,10,10,NL30,EUR,03-01-2018,08:38:46,DDP,20,310,301,ZTCH,8165570012,8383348969,8383348969,8383348969,8383348969,DDP,3000337162,3000337162,3000337162,3000337162
1985109,10,301,33,18,TA,300,10,10,NL30,EUR,03-01-2018,08:40:38,DDP,10,310,301,TAN,8165570012,8383348969,8383348969,8383348969,8383348969,DDP,3000337162,3000337162,3000337162,3000337162
1985109,10,301,33,18,TA,300,10,10,NL30,EUR,03-01-2018,08:40:38,DDP,20,310,301,ZTCH,8165570012,8383348969,8383348969,8383348969,8383348969,DDP,3000337162,3000337162,3000337162,3000337162
1985110,10,282,32,99,ZMUN,700,10,10,PL10,PLN,03-01-2018,08:42:24,DDP,10,700,702,ZMUK,4597860178,7114852944,7114852944,7114852944,7114852944,DDP,3000218595,3000218595,3000218595,3000218595
1985111,10,301,33,18,TA,300,10,10,NL30,EUR,03-01-2018,08:42:26,DDP,10,310,301,TAN,2900791961,8383348969,8383348969,8383348969,8383348969,DDP,3000337162,3000337162,3000337162,3000337162
1985111,10,301,33,18,TA,300,10,10,NL30,EUR,03-01-2018,08:42:26,DDP,20,310,301,ZTCH,2900791961,8383348969,8383348969,8383348969,8383348969,DDP,3000337162,3000337162,3000337162,3000337162
1985112,10,341,32,13,ZIA,4200,10,10,DK20,DKK,03-01-2018,08:45:13,DDP,10,4200,4200,TAN,8937854927,6445015801,6445015801,1417658093,1417658093,DDP,3000538104,3000222178,3000222178,3000538104
1985112,10,341,32,13,ZIA,4200,10,10,DK20,DKK,03-01-2018,08:45:13,DDP,20,4200,4200,TAN,8399237625,6445015801,6445015801,1417658093,1417658093,DDP,3000538104,3000222178,3000222178,3000538104
1985112,10,341,32,13,ZIA,4200,10,10,DK20,DKK,03-01-2018,08:45:13,DDP,30,4200,4200,TAN,815669236,6445015801,6445015801,1417658093,1417658093,DDP,3000538104,3000222178,3000222178,3000538104
1985112,10,341,32,13,ZIA,4200,10,10,DK20,DKK,03-01-2018,08:45:13,DDP,40,4200,4200,TAN,1572756957,6445015801,6445015801,1417658093,1417658093,DDP,3000538104,3000222178,3000222178,3000538104
1985112,10,341,32,13,ZIA,4200,10,10,DK20,DKK,03-01-2018,08:45:13,DDP,50,4200,4200,TAN,1642884309,6445015801,6445015801,1417658093,1417658093,DDP,3000538104,3000222178,3000222178,3000538104
1985113,10,341,32,13,ZIA,4200,10,10,DK20,DKK,03-01-2018,08:45:16,DDP,10,4200,4200,TAN,7994095218,6445015801,6445015801,1417658093,1417658093,DDP,3000538104,3000222178,3000222178,3000538104
1985113,10,341,32,13,ZIA,4200,10,10,DK20,DKK,03-01-2018,08:45:16,DDP,20,4200,4200,TAN,3780712510,6445015801,6445015801,1417658093,1417658093,DDP,3000538104,3000222178,3000222178,3000538104
1985113,10,341,32,13,ZIA,4200,10,10,DK20,DKK,03-01-2018,08:45:16,DDP,30,4200,4200,TAN,2437622474,6445015801,6445015801,1417658093,1417658093,DDP,3000538104,3000222178,3000222178,3000538104
1985113,10,341,32,13,ZIA,4200,10,10,DK20,DKK,03-01-2018,08:45:16,DDP,40,4200,4200,TAN,8740034789,6445015801,6445015801,1417658093,1417658093,DDP,3000538104,3000222178,3000222178,3000538104
1985113,10,341,32,13,ZIA,4200,10,10,DK20,DKK,03-01-2018,08:45:16,DDP,50,4200,4200,TAN,8641692835,6445015801,6445015801,1417658093,1417658093,DDP,3000538104,3000222178,3000222178,3000538104
1985113,10,341,32,13,ZIA,4200,10,10,DK20,DKK,03-01-2018,08:45:16,DDP,60,4200,4200,TAN,5911981021,6445015801,6445015801,1417658093,1417658093,DDP,3000538104,3000222178,3000222178,3000538104
1985113,10,341,32,13,ZIA,4200,10,10,DK20,DKK,03-01-2018,08:45:16,DDP,70,4200,4200,TAN,4127869679,6445015801,6445015801,1417658093,1417658093,DDP,3000538104,3000222178,3000222178,3000538104
1985113,10,341,32,13,ZIA,4200,10,10,DK20,DKK,03-01-2018,08:45:16,DDP,80,4200,4200,TAN,5773546983,6445015801,6445015801,1417658093,1417658093,DDP,3000538104,3000222178,3000222178,3000538104
1985113,10,341,32,13,ZIA,4200,10,10,DK20,DKK,03-01-2018,08:45:16,DDP,90,4200,4200,TAN,523928412,6445015801,6445015801,1417658093,1417658093,DDP,3000538104,3000222178,3000222178,3000538104
1985113,10,341,32,13,ZIA,4200,10,10,DK20,DKK,03-01-2018,08:45:16,DDP,100,4200,4200,TAN,143424046,6445015801,6445015801,1417658093,1417658093,DDP,3000538104,3000222178,3000222178,3000538104
1985113,10,341,32,13,ZIA,4200,10,10,DK20,DKK,03-01-2018,08:45:16,DDP,110,4200,4200,TAN,8913783779,6445015801,6445015801,1417658093,1417658093,DDP,3000538104,3000222178,3000222178,3000538104
1985113,10,341,32,13,ZIA,4200,10,10,DK20,DKK,03-01-2018,08:45:16,DDP,120,4200,4200,TAN,8013061836,6445015801,6445015801,1417658093,1417658093,DDP,3000538104,3000222178,3000222178,3000538104
1985113,10,341,32,13,ZIA,4200,10,10,DK20,DKK,03-01-2018,08:45:16,DDP,130,4200,4200,TAN,9705183648,6445015801,6445015801,1417658093,1417658093,DDP,3000538104,3000222178,3000222178,3000538104
1985113,10,341,32,13,ZIA,4200,10,10,DK20,DKK,03-01-2018,08:45:16,DDP,140,4200,4200,TAN,3339507826,6445015801,6445015801,1417658093,1417658093,DDP,3000538104,3000222178,3000222178,3000538104
1985113,10,341,32,13,ZIA,4200,10,10,DK20,DKK,03-01-2018,08:45:16,DDP,150,4200,4200,TAN,1017021126,6445015801,6445015801,1417658093,1417658093,DDP,3000538104,3000222178,3000222178,3000538104
1985113,10,341,32,13,ZIA,4200,10,10,DK20,DKK,03-01-2018,08:45:16,DDP,160,4200,4200,TAN,2405464876,6445015801,6445015801,1417658093,1417658093,DDP,3000538104,3000222178,3000222178,3000538104
1985113,10,341,32,13,ZIA,4200,10,10,DK20,DKK,03-01-2018,08:45:16,DDP,170,4200,4200,TAN,8376475702,6445015801,6445015801,1417658093,1417658093,DDP,3000538104,3000222178,3000222178,3000538104
1985114,10,620,32,99,ZMUN,10,10,10,D011,EUR,03-01-2018,08:32:17,CPT,10,1,MUST,ZMUK,8559778327,2863370440,2863370440,2863370440,2863370440,CPT,3000223272,3000223272,3000223272,3000223272
1985114,10,620,32,99,ZMUN,10,10,10,D011,EUR,03-01-2018,08:32:17,CPT,20,1,MUST,ZMUK,3821626865,2863370440,2863370440,2863370440,2863370440,CPT,3000223272,3000223272,3000223272,3000223272
1985114,10,620,32,99,ZMUN,10,10,10,D011,EUR,03-01-2018,08:32:17,CPT,30,1,MUST,ZMUK,127164412,2863370440,2863370440,2863370440,2863370440,CPT,3000223272,3000223272,3000223272,3000223272
1985114,10,620,32,99,ZMUN,10,10,10,D011,EUR,03-01-2018,08:32:17,CPT,40,1,MUST,ZMUK,6923854798,2863370440,2863370440,2863370440,2863370440,CPT,3000223272,3000223272,3000223272,3000223272
1985114,10,620,32,99,ZMUN,10,10,10,D011,EUR,03-01-2018,08:32:17,CPT,50,1,MUST,ZMUK,2612833928,2863370440,2863370440,2863370440,2863370440,CPT,3000223272,3000223272,3000223272,3000223272
1985114,10,620,32,99,ZMUN,10,10,10,D011,EUR,03-01-2018,08:32:17,CPT,60,1,MUST,ZMUK,1547777857,2863370440,2863370440,2863370440,2863370440,CPT,3000223272,3000223272,3000223272,3000223272
1985114,10,620,32,99,ZMUN,10,10,10,D011,EUR,03-01-2018,08:32:17,CPT,70,1,MUST,ZMUK,9307945407,2863370440,2863370440,2863370440,2863370440,CPT,3000223272,3000223272,3000223272,3000223272
1985115,10,344,33,13,TA,700,10,10,PL10,EUR,03-01-2018,08:29:50,DAP,10,700,700,TAN,8878531160,4197928577,4197928577,4197928577,4197928577,DAP,3000501200,3000501200,3000501200,3000501200
1985115,10,344,33,13,TA,700,10,10,PL10,EUR,03-01-2018,08:29:50,DAP,20,700,700,TAN,2259359385,4197928577,4197928577,4197928577,4197928577,DAP,3000501200,3000501200,3000501200,3000501200
1985115,10,344,33,13,TA,700,10,10,PL10,EUR,03-01-2018,08:29:50,DAP,30,700,700,TAN,8561878927,4197928577,4197928577,4197928577,4197928577,DAP,3000501200,3000501200,3000501200,3000501200
1985115,10,344,33,13,TA,700,10,10,PL10,EUR,03-01-2018,08:29:50,DAP,40,700,700,TAN,6993413442,4197928577,4197928577,4197928577,4197928577,DAP,3000501200,3000501200,3000501200,3000501200
1985116,10,301,33,18,TA,300,10,10,NL30,EUR,03-01-2018,08:44:39,DDP,10,310,301,TAN,2900791961,8383348969,8383348969,8383348969,8383348969,DDP,3000337162,3000337162,3000337162,3000337162
1985116,10,301,33,18,TA,300,10,10,NL30,EUR,03-01-2018,08:44:39,DDP,20,310,301,ZTCH,2900791961,8383348969,8383348969,8383348969,8383348969,DDP,3000337162,3000337162,3000337162,3000337162
1985117,10,419,42,1,TA,10,10,10,D011,EUR,03-01-2018,08:45:44,DDP,10,1,1,TAN,9695547737,9856149772,9856149772,414947059,414947059,DDP,3000208764,3000208732,3000208732,3000208764
1985117,10,419,42,1,TA,10,10,10,D011,EUR,03-01-2018,08:45:44,DDP,20,1,1,ZTCH,9695547737,9856149772,9856149772,414947059,414947059,DDP,3000208764,3000208732,3000208732,3000208764
1985118,10,419,42,1,TA,10,10,10,D011,EUR,03-01-2018,08:46:29,DDP,10,1,1,TAN,6544958200,9856149772,9856149772,414947059,414947059,DDP,3000208764,3000208732,3000208732,3000208764
1985118,10,419,42,1,TA,10,10,10,D011,EUR,03-01-2018,08:46:29,DDP,20,1,1,ZTCH,6544958200,9856149772,9856149772,414947059,414947059,DDP,3000208764,3000208732,3000208732,3000208764
1985119,10,290,EV20,96,ZMUN,300,10,10,NL30,USD,03-01-2018,08:45:33,DDP,10,310,302,ZMUK,6955055297,5026603693,747148635,5026603693,5026603693,DDP,3000222412,3000222412,3000222412,3000218815
1985121,10,419,42,1,TA,1300,10,10,D015,EUR,03-01-2018,08:48:31,DDP,10,1300,1300,TAN,8280880548,9856149772,9856149772,414947059,414947059,DDP,3000208764,3000208732,3000208732,3000208764
1985121,10,419,42,1,TA,1300,10,10,D015,EUR,03-01-2018,08:48:31,DDP,20,1300,1300,ZTCH,8280880548,9856149772,9856149772,414947059,414947059,DDP,3000208764,3000208732,3000208732,3000208764
1985122,10,282,,96,ZMUN,10,10,10,D011,EUR,03-01-2018,08:50:23,DDP,10,1,MUST,ZMUK,5522028960,767738503,9042118034,767738503,767738503,DDP,3000541084,3000541084,3000541084,3000496327
1985123,10,419,42,1,TA,10,10,10,D011,EUR,03-01-2018,08:50:42,DDP,10,1,1,TAN,8516524299,9856149772,9856149772,414947059,414947059,DDP,3000208764,3000208732,3000208732,3000208764
1985123,10,419,42,1,TA,10,10,10,D011,EUR,03-01-2018,08:50:42,DDP,20,1,1,ZTCH,8516524299,9856149772,9856149772,414947059,414947059,DDP,3000208764,3000208732,3000208732,3000208764
1985124,10,991,3,1,TA,2200,10,10,D300,EUR,03-01-2018,08:50:35,DDP,10,2200,2200,TAN,1510034152,284374707,7534317414,284374707,284374707,DDP,3000424095,3000424095,3000424095,3000536027
1985124,10,991,3,1,TA,2200,10,10,D300,EUR,03-01-2018,08:50:35,DDP,20,2200,2200,TAN,1510034152,284374707,7534317414,284374707,284374707,DDP,3000424095,3000424095,3000424095,3000536027
1985125,10,341,F7,5,TA,4200,10,10,DK20,DKK,03-01-2018,08:59:05,FCA,10,4200,4200,TAN,4245380141,781492974,781492974,781492974,781492974,FCA,3000538103,3000538103,3000538103,3000538103
1985125,10,341,F7,5,TA,4200,10,10,DK20,DKK,03-01-2018,08:59:05,FCA,20,4200,4200,TAN,3120966815,781492974,781492974,781492974,781492974,FCA,3000538103,3000538103,3000538103,3000538103
1985126,10,226,1,1,TA,10,10,10,D011,EUR,03-01-2018,08:57:19,DDP,10,1,1,TAN,9229994098,4872091957,8093930969,4872091957,4872091957,DDP,3000215052,3000215052,3000215052,3000276953
1985126,10,226,1,1,TA,10,10,10,D011,EUR,03-01-2018,08:57:19,DDP,20,1,1,ZTCH,9229994098,4872091957,8093930969,4872091957,4872091957,DDP,3000215052,3000215052,3000215052,3000276953
1985127,10,706,3,1,TA,2000,10,10,PL20,EUR,03-01-2018,09:02:00,DDP,10,2000,2000,TAN,7503847646,4332569389,4332569389,4332569389,4332569389,DDP,3000223043,3000223043,3000223043,3000223043
1985128,10,789,32,5,TA,2000,10,10,PL20,EUR,03-01-2018,09:02:31,FCA,10,2000,2000,TAN,3890625061,851548071,9285946944,851548071,851548071,FCA,3000208064,3000208064,3000208064,3000599892
1985129,10,974,312,98,ZMUN,10,10,10,D011,EUR,03-01-2018,08:57:38,DDP,10,1,MUST,ZMUK,4174324320,6069447276,6069447276,6069447276,6069447276,DDP,3000367929,3000367929,3000367929,3000367929
1985129,10,974,312,98,ZMUN,10,10,10,D011,EUR,03-01-2018,08:57:38,DDP,11,1,MUST,ZMUP,5546857911,6069447276,6069447276,6069447276,6069447276,DDP,3000367929,3000367929,3000367929,3000367929
1985129,10,974,312,98,ZMUN,10,10,10,D011,EUR,03-01-2018,08:57:38,DDP,12,1,MUST,ZMUP,8057609450,6069447276,6069447276,6069447276,6069447276,DDP,3000367929,3000367929,3000367929,3000367929
1985129,10,974,312,98,ZMUN,10,10,10,D011,EUR,03-01-2018,08:57:38,DDP,13,1,MUST,ZMUP,1598676124,6069447276,6069447276,6069447276,6069447276,DDP,3000367929,3000367929,3000367929,3000367929
1985129,10,974,312,98,ZMUN,10,10,10,D011,EUR,03-01-2018,08:57:38,DDP,14,1,MUST,ZMUP,5268678379,6069447276,6069447276,6069447276,6069447276,DDP,3000367929,3000367929,3000367929,3000367929
1985129,10,974,312,98,ZMUN,10,10,10,D011,EUR,03-01-2018,08:57:38,DDP,15,1,MUST,ZMUP,422017490,6069447276,6069447276,6069447276,6069447276,DDP,3000367929,3000367929,3000367929,3000367929
1985129,10,974,312,98,ZMUN,10,10,10,D011,EUR,03-01-2018,08:57:38,DDP,20,1,MUST,ZMUK,6628357078,6069447276,6069447276,6069447276,6069447276,DDP,3000367929,3000367929,3000367929,3000367929
1985129,10,974,312,98,ZMUN,10,10,10,D011,EUR,03-01-2018,08:57:38,DDP,21,1,MUST,ZMUP,7910486601,6069447276,6069447276,6069447276,6069447276,DDP,3000367929,3000367929,3000367929,3000367929
1985129,10,974,312,98,ZMUN,10,10,10,D011,EUR,03-01-2018,08:57:38,DDP,22,1,MUST,ZMUP,8057609450,6069447276,6069447276,6069447276,6069447276,DDP,3000367929,3000367929,3000367929,3000367929
1985129,10,974,312,98,ZMUN,10,10,10,D011,EUR,03-01-2018,08:57:38,DDP,23,1,MUST,ZMUP,1598676124,6069447276,6069447276,6069447276,6069447276,DDP,3000367929,3000367929,3000367929,3000367929
1985129,10,974,312,98,ZMUN,10,10,10,D011,EUR,03-01-2018,08:57:38,DDP,24,1,MUST,ZMUP,5268678379,6069447276,6069447276,6069447276,6069447276,DDP,3000367929,3000367929,3000367929,3000367929
1985129,10,974,312,98,ZMUN,10,10,10,D011,EUR,03-01-2018,08:57:38,DDP,25,1,MUST,ZMUP,422017490,6069447276,6069447276,6069447276,6069447276,DDP,3000367929,3000367929,3000367929,3000367929
1985130,10,341,32,13,ZIA,4200,10,10,DK20,DKK,03-01-2018,09:05:13,DDP,10,4200,4200,TAN,7994095218,3990335166,3990335166,1417658093,1417658093,DDP,3000538379,3000222178,3000222178,3000538379
1985130,10,341,32,13,ZIA,4200,10,10,DK20,DKK,03-01-2018,09:05:13,DDP,20,4200,4200,TAN,3070756378,3990335166,3990335166,1417658093,1417658093,DDP,3000538379,3000222178,3000222178,3000538379
1985130,10,341,32,13,ZIA,4200,10,10,DK20,DKK,03-01-2018,09:05:13,DDP,30,4200,4200,TAN,4708656663,3990335166,3990335166,1417658093,1417658093,DDP,3000538379,3000222178,3000222178,3000538379
1985130,10,341,32,13,ZIA,4200,10,10,DK20,DKK,03-01-2018,09:05:13,DDP,40,4200,4200,TAN,1592360517,3990335166,3990335166,1417658093,1417658093,DDP,3000538379,3000222178,3000222178,3000538379
1985130,10,341,32,13,ZIA,4200,10,10,DK20,DKK,03-01-2018,09:05:13,DDP,50,4200,4200,TAN,5710037842,3990335166,3990335166,1417658093,1417658093,DDP,3000538379,3000222178,3000222178,3000538379
1985130,10,341,32,13,ZIA,4200,10,10,DK20,DKK,03-01-2018,09:05:13,DDP,60,4200,4200,TAN,5124543268,3990335166,3990335166,1417658093,1417658093,DDP,3000538379,3000222178,3000222178,3000538379
1985130,10,341,32,13,ZIA,4200,10,10,DK20,DKK,03-01-2018,09:05:13,DDP,70,4200,4200,TAN,8399237625,3990335166,3990335166,1417658093,1417658093,DDP,3000538379,3000222178,3000222178,3000538379
1985130,10,341,32,13,ZIA,4200,10,10,DK20,DKK,03-01-2018,09:05:13,DDP,80,4200,4200,TAN,6725617823,3990335166,3990335166,1417658093,1417658093,DDP,3000538379,3000222178,3000222178,3000538379
1985130,10,341,32,13,ZIA,4200,10,10,DK20,DKK,03-01-2018,09:05:13,DDP,90,4200,4200,TAN,2984879926,3990335166,3990335166,1417658093,1417658093,DDP,3000538379,3000222178,3000222178,3000538379
1985131,10,215,250,1,TA,10,10,10,D011,EUR,03-01-2018,09:04:23,DDP,10,1,1,TAN,5493959765,9840912298,5998034999,9840912298,9840912298,DDP,3000206624,3000206624,3000206624,3000209900
1985131,10,215,250,1,TA,10,10,10,D011,EUR,03-01-2018,09:04:23,DDP,20,1,1,TAN,8414541343,9840912298,5998034999,9840912298,9840912298,DDP,3000206624,3000206624,3000206624,3000209900
1985132,10,706,3,1,TA,2000,10,10,PL20,EUR,03-01-2018,09:05:54,DDP,20,2000,2000,TAN,5307715236,4332569389,4332569389,4332569389,4332569389,DDP,3000223043,3000223043,3000223043,3000223043
1985133,10,237,3,1,TA,10,10,10,D011,EUR,03-01-2018,09:03:22,DDP,10,1,1,TAN,8853987821,6135817935,6135817935,6135817935,6135817935,DDP,3000500710,3000500710,3000500710,3000500710
1985133,10,237,3,1,TA,10,10,10,D011,EUR,03-01-2018,09:03:22,DDP,20,1,1,ZTCH,8853987821,6135817935,6135817935,6135817935,6135817935,DDP,3000500710,3000500710,3000500710,3000500710
1985133,10,237,3,1,TA,10,10,10,D011,EUR,03-01-2018,09:03:22,DDP,30,1,1,TAN,8853987821,6135817935,6135817935,6135817935,6135817935,DDP,3000500710,3000500710,3000500710,3000500710
1985133,10,237,3,1,TA,10,10,10,D011,EUR,03-01-2018,09:03:22,DDP,40,1,1,ZTCH,8853987821,6135817935,6135817935,6135817935,6135817935,DDP,3000500710,3000500710,3000500710,3000500710
1985133,10,237,3,1,TA,10,10,10,D011,EUR,03-01-2018,09:03:22,DDP,50,1,1,TAN,8853987821,6135817935,6135817935,6135817935,6135817935,DDP,3000500710,3000500710,3000500710,3000500710
1985133,10,237,3,1,TA,10,10,10,D011,EUR,03-01-2018,09:03:22,DDP,60,1,1,ZTCH,8853987821,6135817935,6135817935,6135817935,6135817935,DDP,3000500710,3000500710,3000500710,3000500710
1985133,10,237,3,1,TA,10,10,10,D011,EUR,03-01-2018,09:03:22,DDP,70,1,1,TAN,8853987821,6135817935,6135817935,6135817935,6135817935,DDP,3000500710,3000500710,3000500710,3000500710
1985133,10,237,3,1,TA,10,10,10,D011,EUR,03-01-2018,09:03:22,DDP,80,1,1,ZTCH,8853987821,6135817935,6135817935,6135817935,6135817935,DDP,3000500710,3000500710,3000500710,3000500710
1985134,10,276,32,98,ZMUN,10,10,10,D011,EUR,03-01-2018,09:08:40,DDP,10,1,MUST,ZMUK,7677647477,8551727009,8551727009,8551727009,8551727009,DDP,3000206056,3000206056,3000206056,3000206056
1985135,10,344,33,1,TA,700,10,10,PL10,PLN,03-01-2018,09:03:59,DAP,10,700,700,TAN,8664520541,4197928577,4197928577,4197928577,4197928577,DAP,3000501200,3000501200,3000501200,3000501200
1985135,10,344,33,1,TA,700,10,10,PL10,PLN,03-01-2018,09:03:59,DAP,20,700,700,TAN,957288499,4197928577,4197928577,4197928577,4197928577,DAP,3000501200,3000501200,3000501200,3000501200
1985136,10,282,33,99,ZMUN,10,10,10,D011,EUR,03-01-2018,09:13:04,DDP,10,1,MUST,ZMUK,1549650487,6296018319,9042118034,6296018319,6296018319,DDP,3000426386,3000426386,3000426386,3000496327
1985137,10,303,0,99,ZMUN,300,10,10,NL30,EUR,03-01-2018,09:08:36,DDP,10,310,302,ZMUK,7006526899,9588429794,9588429794,9588429794,9588429794,DDP,3000580806,3000580806,3000580806,3000580806
1985137,10,303,0,99,ZMUN,300,10,10,NL30,EUR,03-01-2018,09:08:36,DDP,20,310,302,ZMUK,7006526899,9588429794,9588429794,9588429794,9588429794,DDP,3000580806,3000580806,3000580806,3000580806
1985137,10,303,0,99,ZMUN,300,10,10,NL30,EUR,03-01-2018,09:08:36,DDP,30,310,302,ZMUK,7006526899,9588429794,9588429794,9588429794,9588429794,DDP,3000580806,3000580806,3000580806,3000580806
1985137,10,303,0,99,ZMUN,300,10,10,NL30,EUR,03-01-2018,09:08:36,DDP,40,310,302,ZMUK,7006526899,9588429794,9588429794,9588429794,9588429794,DDP,3000580806,3000580806,3000580806,3000580806
1985138,10,736,3,10,TA,10,10,10,D011,EUR,03-01-2018,09:06:31,CPT,10,1,1,TAN,884425312,3974956712,3974956712,3974956712,3974956712,CPT,3000480954,3000480954,3000480954,3000480954
1985138,10,736,3,10,TA,10,10,10,D011,EUR,03-01-2018,09:06:31,CPT,20,1,1,TAN,7668235044,3974956712,3974956712,3974956712,3974956712,CPT,3000480954,3000480954,3000480954,3000480954
1985138,10,736,3,10,TA,10,10,10,D011,EUR,03-01-2018,09:06:31,CPT,30,1,1,TAN,4134019517,3974956712,3974956712,3974956712,3974956712,CPT,3000480954,3000480954,3000480954,3000480954
1985139,10,303,0,99,ZMUN,300,10,10,NL30,EUR,03-01-2018,09:14:31,DDP,10,310,302,ZMUK,7006526899,9588429794,9588429794,9588429794,9588429794,DDP,3000580806,3000580806,3000580806,3000580806
1985140,10,248,33,1,TA,10,10,10,D011,EUR,03-01-2018,09:15:40,DAP,10,1,1,TAN,9668347487,7348932225,7348932225,7348932225,7348932225,DAP,3000565855,3000565855,3000565855,3000565855
1985140,10,248,33,1,TA,10,10,10,D011,EUR,03-01-2018,09:15:40,DAP,20,1,1,TAN,2166042466,7348932225,7348932225,7348932225,7348932225,DAP,3000565855,3000565855,3000565855,3000565855
1985140,10,248,33,1,TA,10,10,10,D011,EUR,03-01-2018,09:15:40,DAP,30,1,1,TAN,8283666570,7348932225,7348932225,7348932225,7348932225,DAP,3000565855,3000565855,3000565855,3000565855
1985141,10,436,B9,1,TA,10,10,10,D011,EUR,03-01-2018,09:17:10,DDP,40,1,1,TAN,7939177943,3135531213,699128364,9946326346,9946326346,DDP,3000208491,3000208113,3000208113,3000211720
1985141,10,436,B9,1,TA,10,10,10,D011,EUR,03-01-2018,09:17:10,DDP,50,1,1,ZTCH,7939177943,3135531213,699128364,9946326346,9946326346,DDP,3000208491,3000208113,3000208113,3000211720
1985142,10,,,99,ZMUN,10,10,10,D011,EUR,03-01-2018,08:57:46,,1,1,MUST,ZMUK,3937880614,4127490320,4127490320,4127490320,4127490320,,3000225379,3000225379,3000225379,3000225379
1985143,10,991,3,1,TA,10,10,10,D011,EUR,03-01-2018,09:01:31,DDP,10,1,1,TAN,2646640148,3553772023,3553772023,3553772023,3553772023,DDP,3000317525,3000317525,3000317525,3000317525
1985144,10,436,B9,1,TA,10,10,10,D011,EUR,03-01-2018,09:18:51,DDP,10,1,1,TAN,7419529725,3135531213,699128364,9946326346,9946326346,DDP,3000208491,3000208113,3000208113,3000211720
1985144,10,436,B9,1,TA,10,10,10,D011,EUR,03-01-2018,09:18:51,DDP,20,1,1,ZTCH,7419529725,3135531213,699128364,9946326346,9946326346,DDP,3000208491,3000208113,3000208113,3000211720
1985145,10,620,32,99,ZMUN,10,10,10,D011,EUR,03-01-2018,09:18:04,CFR,10,1,MUST,ZMUK,2902071664,2863370440,2863370440,2863370440,2863370440,CFR,3000223272,3000223272,3000223272,3000223272
1985146,10,414,B9,1,TA,10,10,10,D011,EUR,03-01-2018,09:19:18,DDP,10,1,1,TAN,4487925291,2232016445,2232016445,2982543313,2982543313,DDP,3000207612,3000206619,3000206619,3000207612
1985147,10,620,32,99,ZMUN,10,10,10,D011,EUR,03-01-2018,09:20:32,CFR,10,1,MUST,ZMUK,5046876488,2863370440,2863370440,2863370440,2863370440,CFR,3000223272,3000223272,3000223272,3000223272
1985148,10,311,3,5,TA,10,10,10,D011,EUR,03-01-2018,09:19:25,EXW,10,1,1,TAN,5837691307,6247248621,6247248621,6247248621,6247248621,EXW,3000209052,3000209052,3000209052,3000209052
1985148,10,311,3,5,TA,10,10,10,D011,EUR,03-01-2018,09:19:25,EXW,20,1,1,TAN,2841902342,6247248621,6247248621,6247248621,6247248621,EXW,3000209052,3000209052,3000209052,3000209052
1985148,10,311,3,5,TA,10,10,10,D011,EUR,03-01-2018,09:19:25,EXW,30,1,1,TAN,8800818274,6247248621,6247248621,6247248621,6247248621,EXW,3000209052,3000209052,3000209052,3000209052
1985148,10,311,3,5,TA,10,10,10,D011,EUR,03-01-2018,09:19:25,EXW,40,1,1,TAN,3040026269,6247248621,6247248621,6247248621,6247248621,EXW,3000209052,3000209052,3000209052,3000209052
1985149,10,620,32,99,ZMUN,10,10,10,D011,EUR,03-01-2018,09:22:03,CFR,10,1,MUST,ZMUK,8279029621,2863370440,2863370440,2863370440,2863370440,CFR,3000223272,3000223272,3000223272,3000223272
1985150,10,789,32,5,TA,1300,10,10,D015,EUR,03-01-2018,09:21:59,FCA,10,1300,1300,TAN,9419383437,851548071,6297747236,851548071,851548071,FCA,3000208064,3000208064,3000208064,3000628577
1985150,10,789,32,5,TA,1300,10,10,D015,EUR,03-01-2018,09:21:59,FCA,20,1300,1300,ZTCH,9419383437,851548071,6297747236,851548071,851548071,FCA,3000208064,3000208064,3000208064,3000628577
1985151,10,414,B9,1,ZIA,10,10,10,D011,EUR,03-01-2018,09:24:42,DDP,10,1,1,TAN,162312766,2232016445,9206167832,2982543313,2982543313,DDP,3000207612,3000206619,3000206619,3000300632
1985151,10,414,B9,1,ZIA,10,10,10,D011,EUR,03-01-2018,09:24:42,DDP,20,1,1,ZTCH,162312766,2232016445,9206167832,2982543313,2982543313,DDP,3000207612,3000206619,3000206619,3000300632
1985151,10,414,B9,1,ZIA,10,10,10,D011,EUR,03-01-2018,09:24:42,DDP,30,1,1,TAN,2435784208,2232016445,9206167832,2982543313,2982543313,DDP,3000207612,3000206619,3000206619,3000300632
1985151,10,414,B9,1,ZIA,10,10,10,D011,EUR,03-01-2018,09:24:42,DDP,40,1,1,ZTCH,2435784208,2232016445,9206167832,2982543313,2982543313,DDP,3000207612,3000206619,3000206619,3000300632
1985151,10,414,B9,1,ZIA,10,10,10,D011,EUR,03-01-2018,09:24:42,DDP,50,1,1,TAN,8484714284,2232016445,9206167832,2982543313,2982543313,DDP,3000207612,3000206619,3000206619,3000300632
1985151,10,414,B9,1,ZIA,10,10,10,D011,EUR,03-01-2018,09:24:42,DDP,60,1,1,ZTCH,8484714284,2232016445,9206167832,2982543313,2982543313,DDP,3000207612,3000206619,3000206619,3000300632
1985151,10,414,B9,1,ZIA,10,10,10,D011,EUR,03-01-2018,09:24:42,DDP,70,1,1,TAN,1458383380,2232016445,9206167832,2982543313,2982543313,DDP,3000207612,3000206619,3000206619,3000300632
1985151,10,414,B9,1,ZIA,10,10,10,D011,EUR,03-01-2018,09:24:42,DDP,80,1,1,ZTCH,1458383380,2232016445,9206167832,2982543313,2982543313,DDP,3000207612,3000206619,3000206619,3000300632
1985152,10,801,33,98,ZMUN,10,10,10,D011,EUR,03-01-2018,09:16:41,DDP,10,1,MUST,ZMUK,7677647477,8163941183,8163941183,8163941183,8163941183,DDP,3000492472,3000492472,3000492472,3000492472
